Date,HomeTeam,AwayTeam,FTR,B365H,B365D,B365A,WHH,WHD,WHA,PSH,PSD,PSA
2010-08-14,Aston Villa,West Ham,H,2.0,3.3,4.0,1.91,3.25,4.33,,,
2010-08-14,Blackburn,Everton,H,2.88,3.25,2.5,2.88,3.2,2.5,,,
2010-08-14,Bolton,Fulham,D,2.2,3.3,3.4,2.15,3.2,3.5,,,
2010-08-14,Chelsea,West Brom,H,1.17,7.0,17.0,1.17,6.5,19.0,,,
2010-08-14,Sunderland,Birmingham,D,2.1,3.3,3.6,2.15,3.2,3.5,,,
2010-08-14,Tottenham,Man City,D,2.4,3.3,3.0,2.38,3.25,3.0,,,
2010-08-14,Wigan,Blackpool,A,1.83,3.5,4.5,1.75,3.4,5.0,,,
2010-08-14,Wolves,Stoke,H,2.3,3.25,3.2,2.3,3.2,3.2,,,
2010-08-15,Liverpool,Arsenal,D,2.5,3.25,2.88,2.5,3.2,2.88,,,
2010-08-16,Man United,Newcastle,H,1.25,5.5,15.0,1.22,6.0,13.0,,,
2010-08-21,Wigan,Chelsea,A,15.0,6.0,1.22,12.0,5.5,1.25,,,
2010-08-21,West Ham,Bolton,A,2.25,3.3,3.25,2.25,3.2,3.3,,,
2010-08-21,West Brom,Sunderland,H,2.5,3.25,2.88,2.5,3.1,2.9,,,
2010-08-21,Birmingham,Blackburn,H,2.2,3.25,3.4,2.3,3.2,3.1,,,
2010-08-21,Everton,Wolves,D,1.5,4.0,7.0,1.5,3.75,7.5,,,
2010-08-21,Arsenal,Blackpool,H,1.17,7.0,19.0,1.17,7.0,17.0,,,
2010-08-21,Stoke,Tottenham,A,3.4,3.3,2.2,3.3,3.2,2.25,,,
2010-08-22,Fulham,Man United,D,6.0,4.0,1.57,6.0,3.6,1.62,,,
2010-08-22,Newcastle,Aston Villa,H,3.2,3.25,2.3,3.1,3.1,2.4,,,
2010-08-23,Man City,Liverpool,H,2.38,3.25,3.1,2.4,3.1,3.1,,,
2010-08-28,Tottenham,Wigan,A,1.25,5.75,13.0,1.25,5.5,12.0,,,
2010-08-28,Wolves,Newcastle,D,2.4,3.2,3.1,2.4,3.2,3.0,,,
2010-08-28,Man United,West Ham,H,1.14,8.0,19.0,1.12,8.0,21.0,,,
2010-08-28,Blackpool,Fulham,D,3.2,3.25,2.3,3.2,3.2,2.3,,,
2010-08-28,Blackburn,Arsenal,A,6.0,4.0,1.57,6.0,3.8,1.57,,,
2010-08-28,Chelsea,Stoke,H,1.11,9.0,23.0,1.1,9.5,21.0,,,
2010-08-29,Aston Villa,Everton,H,2.5,3.25,2.88,2.5,3.2,2.88,,,
2010-08-29,Bolton,Birmingham,D,2.1,3.3,3.6,2.1,3.2,3.6,,,
2010-08-29,Liverpool,West Brom,H,1.22,6.0,15.0,1.2,6.0,15.0,,,
2010-08-29,Sunderland,Man City,H,4.5,3.5,1.83,4.2,3.5,1.83,,,
2010-09-11,Man City,Blackburn,D,1.33,5.0,10.0,1.33,5.0,9.0,,,
2010-09-11,Arsenal,Bolton,H,1.25,5.5,13.0,1.2,6.0,15.0,,,
2010-09-11,Everton,Man United,D,4.2,3.4,1.91,4.2,3.3,1.91,,,
2010-09-11,Fulham,Wolves,H,1.83,3.5,4.5,1.83,3.4,4.5,,,
2010-09-11,Newcastle,Blackpool,A,1.57,4.0,6.0,1.57,4.0,5.5,,,
2010-09-11,West Brom,Tottenham,D,3.75,3.25,2.1,3.5,3.4,2.05,,,
2010-09-11,West Ham,Chelsea,A,10.0,5.0,1.33,9.0,5.0,1.33,,,
2010-09-11,Wigan,Sunderland,D,2.5,3.25,2.88,2.5,3.25,2.8,,,
2010-09-12,Birmingham,Liverpool,D,3.1,3.2,2.4,3.3,3.25,2.2,,,
2010-09-13,Stoke,Aston Villa,H,2.5,3.25,2.88,2.5,3.25,2.8,,,
2010-09-18,Sunderland,Arsenal,D,5.5,3.7,1.67,5.5,3.5,1.67,,,
2010-09-18,West Brom,Birmingham,H,2.25,3.3,3.25,2.25,3.25,3.2,,,
2010-09-18,Stoke,West Ham,D,1.91,3.4,4.2,1.95,3.3,4.0,,,
2010-09-18,Tottenham,Wolves,H,1.4,4.5,8.5,1.44,4.2,8.5,,,
2010-09-18,Blackburn,Fulham,D,2.0,3.3,4.0,2.05,3.3,3.6,,,
2010-09-18,Aston Villa,Bolton,D,1.8,3.6,4.5,1.8,3.5,4.5,,,
2010-09-18,Everton,Newcastle,A,1.62,3.75,6.0,1.62,3.75,5.5,,,
2010-09-19,Chelsea,Blackpool,H,1.1,9.0,26.0,1.1,9.0,21.0,,,
2010-09-19,Man United,Liverpool,H,1.7,3.5,5.5,1.67,3.5,5.5,,,
2010-09-19,Wigan,Man City,A,5.0,3.6,1.73,4.8,3.6,1.73,,,
2010-09-25,West Ham,Tottenham,H,3.5,3.4,2.1,3.4,3.4,2.1,,,
2010-09-25,Liverpool,Sunderland,D,1.44,4.33,7.5,1.44,4.2,7.5,,,
2010-09-25,Fulham,Everton,D,2.75,3.2,2.63,2.7,3.1,2.7,,,
2010-09-25,Man City,Chelsea,H,3.6,3.3,2.1,3.4,3.2,2.2,,,
2010-09-25,Birmingham,Wigan,D,1.83,3.5,4.5,1.83,3.4,4.5,,,
2010-09-25,Arsenal,West Brom,A,1.22,6.0,15.0,1.22,6.0,13.0,,,
2010-09-25,Blackpool,Blackburn,A,3.2,3.25,2.3,3.0,3.2,2.38,,,
2010-09-26,Newcastle,Stoke,A,1.91,3.4,4.2,1.95,3.4,4.0,,,
2010-09-26,Wolves,Aston Villa,A,2.88,3.25,2.5,2.8,3.1,2.6,,,
2010-09-26,Bolton,Man United,D,7.5,4.0,1.5,7.0,4.0,1.5,,,
2010-10-02,Wigan,Wolves,H,2.25,3.25,3.3,2.25,3.2,3.3,,,
2010-10-02,Birmingham,Everton,A,2.88,3.1,2.63,2.7,3.1,2.7,,,
2010-10-02,Stoke,Blackburn,H,2.25,3.2,3.4,2.3,3.2,3.2,,,
2010-10-02,Sunderland,Man United,D,5.0,3.5,1.75,5.0,3.5,1.73,,,
2010-10-02,Tottenham,Aston Villa,H,1.91,3.5,4.0,1.95,3.4,3.8,,,
2010-10-02,West Brom,Bolton,D,2.1,3.25,3.75,2.2,3.2,3.4,,,
2010-10-02,West Ham,Fulham,D,2.25,3.25,3.3,2.38,3.2,3.0,,,
2010-10-03,Man City,Newcastle,H,1.44,4.0,8.5,1.4,4.5,8.0,,,
2010-10-03,Chelsea,Arsenal,H,1.73,3.6,5.0,1.73,3.75,4.5,,,
2010-10-03,Liverpool,Blackpool,A,1.33,5.0,10.0,1.3,5.0,11.0,,,
2010-10-16,Arsenal,Birmingham,H,1.29,5.5,11.0,1.33,4.75,10.0,,,
2010-10-16,Aston Villa,Chelsea,D,5.0,3.6,1.73,5.0,3.5,1.73,,,
2010-10-16,Bolton,Stoke,H,2.2,3.2,3.5,2.25,3.2,3.3,,,
2010-10-16,Fulham,Tottenham,A,2.88,3.25,2.5,2.88,3.2,2.5,,,
2010-10-16,Man United,West Brom,D,1.25,5.75,12.0,1.29,5.0,11.0,,,
2010-10-16,Newcastle,Wigan,D,1.83,3.5,4.5,1.83,3.4,4.5,,,
2010-10-16,Wolves,West Ham,D,2.25,3.2,3.4,2.25,3.25,3.2,,,
2010-10-17,Blackpool,Man City,A,5.5,4.0,1.62,5.5,3.75,1.62,,,
2010-10-17,Everton,Liverpool,H,2.4,3.25,3.0,2.4,3.2,3.0,,,
2010-10-18,Blackburn,Sunderland,D,2.1,3.3,3.6,2.15,3.25,3.4,,,
2010-10-23,Wigan,Bolton,D,2.38,3.25,3.1,2.5,3.0,3.0,,,
2010-10-23,West Ham,Newcastle,A,2.38,3.25,3.1,2.4,3.2,3.0,,,
2010-10-23,West Brom,Fulham,H,2.2,3.25,3.4,2.2,3.2,3.4,,,
2010-10-23,Birmingham,Blackpool,H,1.83,3.6,4.33,1.91,3.4,4.0,,,
2010-10-23,Sunderland,Aston Villa,H,2.4,3.25,3.0,2.4,3.1,3.1,,,
2010-10-23,Chelsea,Wolves,H,1.13,8.5,19.0,1.14,7.0,21.0,,,
2010-10-23,Tottenham,Everton,D,2.1,3.25,3.75,2.05,3.2,3.8,,,
2010-10-24,Man City,Arsenal,A,2.5,3.2,2.9,2.5,3.0,3.0,,,
2010-10-24,Liverpool,Blackburn,H,1.67,3.6,5.5,1.67,3.5,5.5,,,
2010-10-24,Stoke,Man United,A,5.5,3.75,1.67,5.0,3.5,1.73,,,
2010-10-30,Wolves,Man City,H,5.5,3.4,1.73,5.0,3.5,1.73,,,
2010-10-30,Man United,Tottenham,H,1.57,4.0,6.0,1.62,3.75,5.5,,,
2010-10-30,Fulham,Wigan,H,1.91,3.4,4.2,1.83,3.4,4.5,,,
2010-10-30,Blackburn,Chelsea,A,7.5,4.33,1.44,7.5,4.2,1.44,,,
2010-10-30,Arsenal,West Ham,H,1.17,7.0,17.0,1.17,7.0,15.0,,,
2010-10-30,Everton,Stoke,H,1.57,3.75,6.5,1.57,3.5,7.0,,,
2010-10-31,Aston Villa,Birmingham,D,1.8,3.6,4.5,1.83,3.5,4.33,,,
2010-10-31,Bolton,Liverpool,A,3.4,3.25,2.2,3.2,3.3,2.25,,,
2010-10-31,Newcastle,Sunderland,H,2.2,3.2,3.5,2.15,3.3,3.4,,,
2010-11-01,Blackpool,West Brom,H,2.9,3.25,2.5,2.75,3.3,2.5,,,
2010-11-06,Fulham,Aston Villa,D,2.2,3.25,3.4,2.2,3.1,3.5,,,
2010-11-06,Sunderland,Stoke,H,2.1,3.2,3.75,2.15,3.1,3.6,,,
2010-11-06,Man United,Wolves,H,1.22,6.0,15.0,1.25,5.0,15.0,,,
2010-11-06,Blackpool,Everton,D,4.5,3.6,1.8,4.5,3.4,1.83,,,
2010-11-06,Blackburn,Wigan,H,1.8,3.6,4.5,1.83,3.4,4.5,,,
2010-11-06,Birmingham,West Ham,D,1.91,3.4,4.2,1.95,3.3,4.0,,,
2010-11-06,Bolton,Tottenham,H,3.0,3.3,2.4,3.0,3.0,2.5,,,
2010-11-07,Arsenal,Newcastle,A,1.29,5.5,11.0,1.3,5.0,11.0,,,
2010-11-07,Liverpool,Chelsea,H,3.8,3.4,2.0,3.75,3.1,2.1,,,
2010-11-07,West Brom,Man City,A,3.6,3.3,2.1,3.5,3.2,2.15,,,
2010-11-09,Stoke,Birmingham,H,2.1,3.2,3.75,2.05,3.25,3.75,,,
2010-11-09,Tottenham,Sunderland,D,1.53,4.0,6.5,1.57,3.8,6.0,,,
2010-11-10,Wigan,Liverpool,D,4.75,3.6,1.75,4.8,3.6,1.73,,,
2010-11-10,West Ham,West Brom,D,2.3,3.25,3.2,2.38,3.3,2.9,,,
2010-11-10,Wolves,Arsenal,A,5.5,3.6,1.67,6.0,3.75,1.57,,,
2010-11-10,Newcastle,Blackburn,A,1.91,3.4,4.2,1.95,3.3,4.0,,,
2010-11-10,Man City,Man United,D,2.63,3.25,2.75,2.7,3.1,2.7,,,
2010-11-10,Everton,Bolton,D,1.62,3.75,6.0,1.62,3.75,5.5,,,
2010-11-10,Chelsea,Fulham,H,1.2,6.5,15.0,1.22,5.5,15.0,,,
2010-11-10,Aston Villa,Blackpool,H,1.62,3.75,6.0,1.62,3.75,5.5,,,
2010-11-13,Wigan,West Brom,H,2.5,3.25,2.88,2.6,3.25,2.7,,,
2010-11-13,West Ham,Blackpool,D,1.91,3.6,4.0,1.91,3.4,4.0,,,
2010-11-13,Tottenham,Blackburn,H,1.57,3.8,6.5,1.62,3.6,6.0,,,
2010-11-13,Wolves,Bolton,A,2.4,3.1,3.2,2.4,3.2,3.0,,,
2010-11-13,Newcastle,Fulham,D,1.91,3.4,4.2,1.91,3.3,4.2,,,
2010-11-13,Man City,Birmingham,D,1.4,4.5,8.5,1.44,4.33,7.0,,,
2010-11-13,Aston Villa,Man United,D,4.5,3.6,1.8,4.5,3.3,1.85,,,
2010-11-13,Stoke,Liverpool,H,3.75,3.25,2.1,3.6,3.1,2.15,,,
2010-11-14,Chelsea,Sunderland,A,1.22,5.75,15.0,1.22,5.5,15.0,,,
2010-11-14,Everton,Arsenal,A,3.4,3.3,2.2,3.3,3.2,2.25,,,
2010-11-20,West Brom,Stoke,A,2.2,3.2,3.5,2.05,3.3,3.6,,,
2010-11-20,Arsenal,Tottenham,A,1.62,4.0,5.5,1.62,4.0,5.0,,,
2010-11-20,Birmingham,Chelsea,H,5.0,3.6,1.73,4.4,3.6,1.8,,,
2010-11-20,Blackpool,Wolves,H,2.5,3.3,2.88,2.4,3.4,2.8,,,
2010-11-20,Bolton,Newcastle,H,2.1,3.3,3.6,2.1,3.5,3.25,,,
2010-11-20,Liverpool,West Ham,H,1.57,3.8,6.5,1.57,3.6,6.5,,,
2010-11-20,Man United,Wigan,H,1.22,6.0,15.0,1.22,5.5,15.0,,,
2010-11-21,Fulham,Man City,A,3.2,3.1,2.4,3.0,3.25,2.38,,,
2010-11-21,Blackburn,Aston Villa,H,2.3,3.25,3.25,2.3,3.1,3.2,,,
2010-11-22,Sunderland,Everton,D,2.6,3.2,2.8,2.62,3.1,2.8,,,
2010-11-27,Stoke,Man City,D,3.4,3.25,2.2,3.75,3.1,2.1,,,
2010-11-27,West Ham,Wigan,H,2.0,3.5,3.75,2.1,3.3,3.5,,,
2010-11-27,Wolves,Sunderland,H,2.6,3.2,2.8,2.5,3.1,2.9,,,
2010-11-27,Man United,Blackburn,H,1.25,5.5,13.0,1.3,5.0,11.0,,,
2010-11-27,Aston Villa,Arsenal,A,3.4,3.3,2.2,3.5,3.3,2.1,,,
2010-11-27,Everton,West Brom,A,1.57,3.8,6.5,1.62,3.6,6.0,,,
2010-11-27,Bolton,Blackpool,D,1.57,4.2,5.5,1.62,3.6,6.0,,,
2010-11-27,Fulham,Birmingham,D,2.0,3.3,4.0,2.1,3.1,3.8,,,
2010-11-28,Newcastle,Chelsea,D,5.0,3.6,1.73,5.0,3.3,1.8,,,
2010-11-28,Tottenham,Liverpool,H,2.0,3.4,3.8,2.0,3.2,4.0,,,
2010-12-04,Arsenal,Fulham,H,1.29,5.25,12.0,1.3,5.0,11.0,,,
2010-12-04,Birmingham,Tottenham,D,3.5,3.4,2.1,3.3,3.4,2.15,,,
2010-12-04,Blackburn,Wolves,H,1.73,3.6,5.0,1.8,3.6,4.33,,,
2010-12-04,Chelsea,Everton,D,1.36,4.75,9.0,1.4,4.2,9.0,,,
2010-12-04,Man City,Bolton,H,1.53,4.0,6.5,1.57,3.6,6.5,,,
2010-12-04,Wigan,Stoke,D,2.75,3.2,2.63,2.7,3.1,2.7,,,
2010-12-05,Sunderland,West Ham,H,1.83,3.5,4.5,1.83,3.5,4.33,,,
2010-12-05,West Brom,Newcastle,H,2.25,3.3,3.25,2.3,3.3,3.1,,,
2010-12-06,Liverpool,Aston Villa,H,1.62,3.75,6.0,1.62,3.6,6.0,,,
2010-12-11,West Ham,Man City,A,4.5,3.6,1.8,4.33,3.5,1.83,,,
2010-12-11,Newcastle,Liverpool,H,3.8,3.4,2.0,3.5,3.25,2.1,,,
2010-12-11,Stoke,Blackpool,A,1.62,4.0,5.5,1.62,3.75,5.5,,,
2010-12-11,Everton,Wigan,D,1.4,4.5,9.0,1.44,4.2,7.5,,,
2010-12-11,Aston Villa,West Brom,H,2.1,3.3,3.6,2.05,3.4,3.5,,,
2010-12-11,Fulham,Sunderland,D,2.2,3.25,3.4,2.2,3.2,3.4,,,
2010-12-12,Bolton,Blackburn,H,2.0,3.3,4.0,2.1,3.3,3.5,,,
2010-12-12,Tottenham,Chelsea,D,2.8,3.25,2.6,2.88,3.3,2.4,,,
2010-12-12,Wolves,Birmingham,H,2.4,3.25,3.0,2.4,3.2,3.0,,,
2010-12-13,Man United,Arsenal,H,2.0,3.4,3.8,2.0,3.4,3.75,,,
2010-12-18,Blackburn,West Ham,D,1.8,3.6,4.5,1.83,3.4,4.5,,,
2010-12-18,Sunderland,Bolton,H,2.2,3.2,3.5,2.2,3.2,3.4,,,
2010-12-20,Man City,Everton,A,1.73,3.6,5.0,1.75,3.5,4.8,,,
2010-12-26,Wolves,Wigan,A,2.1,3.3,3.6,2.15,3.1,3.6,,,
2010-12-26,Newcastle,Man City,A,3.25,3.25,2.25,3.1,3.2,2.3,,,
2010-12-26,Man United,Sunderland,H,1.29,5.5,11.0,1.29,5.0,11.0,,,
2010-12-26,Aston Villa,Tottenham,A,3.2,3.3,2.3,3.1,3.25,2.3,,,
2010-12-26,Bolton,West Brom,H,2.1,3.25,3.75,2.1,3.3,3.5,,,
2010-12-26,Blackburn,Stoke,A,2.3,3.2,3.2,2.3,3.2,3.1,,,
2010-12-26,Fulham,West Ham,A,1.91,3.4,4.2,1.95,3.2,4.2,,,
2010-12-27,Arsenal,Chelsea,H,2.63,3.2,2.75,2.6,3.1,2.8,,,
2010-12-28,Tottenham,Newcastle,H,1.53,4.0,6.5,1.53,3.8,6.5,,,
2010-12-28,West Brom,Blackburn,A,1.83,3.5,4.5,1.91,3.3,4.2,,,
2010-12-28,Sunderland,Blackpool,A,1.62,3.75,6.0,1.62,3.75,5.5,,,
2010-12-28,West Ham,Everton,D,3.4,3.2,2.25,3.2,3.2,2.25,,,
2010-12-28,Man City,Aston Villa,H,1.44,4.2,8.0,1.44,4.2,7.5,,,
2010-12-28,Birmingham,Man United,D,6.5,4.33,1.5,6.5,3.8,1.53,,,
2010-12-28,Stoke,Fulham,A,1.83,3.4,4.75,1.91,3.3,4.2,,,
2010-12-29,Wigan,Arsenal,D,6.5,4.2,1.5,6.5,3.8,1.53,,,
2010-12-29,Chelsea,Bolton,H,1.29,5.5,11.0,1.29,5.0,11.0,,,
2010-12-29,Liverpool,Wolves,A,1.33,5.0,10.0,1.33,4.5,11.0,,,
2011-01-01,Birmingham,Arsenal,A,5.5,3.6,1.67,5.0,3.75,1.67,,,
2011-01-01,Liverpool,Bolton,H,1.7,3.75,5.0,1.73,3.5,5.0,,,
2011-01-01,Man City,Blackpool,H,1.29,5.5,10.0,1.3,5.0,11.0,,,
2011-01-01,Stoke,Everton,H,2.63,3.2,2.75,2.7,3.1,2.75,,,
2011-01-01,Sunderland,Blackburn,H,1.83,3.5,4.5,1.85,3.4,4.4,,,
2011-01-01,Tottenham,Fulham,H,1.4,4.5,8.5,1.44,4.33,7.0,,,
2011-01-01,West Brom,Man United,A,6.0,4.2,1.53,6.0,4.0,1.53,,,
2011-01-01,West Ham,Wolves,H,2.0,3.4,3.8,2.0,3.4,3.75,,,
2011-01-02,Chelsea,Aston Villa,D,1.25,5.5,13.0,1.25,5.0,15.0,,,
2011-01-02,Wigan,Newcastle,A,2.5,3.2,2.9,2.5,3.25,2.88,,,
2011-01-04,Man United,Stoke,H,1.25,5.75,12.0,1.29,5.5,10.0,,,
2011-01-04,Fulham,West Brom,H,2.2,3.25,3.4,2.2,3.2,3.4,,,
2011-01-04,Blackpool,Birmingham,A,2.3,3.25,3.25,2.38,3.2,3.0,,,
2011-01-05,Arsenal,Man City,D,1.91,3.6,4.0,1.91,3.6,3.8,,,
2011-01-05,Aston Villa,Sunderland,A,2.2,3.25,3.4,2.1,3.3,3.5,,,
2011-01-05,Blackburn,Liverpool,H,3.4,3.25,2.2,3.4,3.3,2.15,,,
2011-01-05,Bolton,Wigan,D,1.73,3.6,5.0,1.7,3.6,5.0,,,
2011-01-05,Everton,Tottenham,H,2.63,3.25,2.75,2.62,3.25,2.62,,,
2011-01-05,Newcastle,West Ham,H,1.83,3.6,4.33,1.91,3.5,4.0,,,
2011-01-05,Wolves,Chelsea,H,8.0,4.2,1.44,8.5,4.33,1.4,,,
2011-01-12,Blackpool,Liverpool,H,3.8,3.75,1.91,3.8,3.6,1.91,,,
2011-01-15,Wigan,Fulham,D,2.5,3.25,2.88,2.5,3.2,2.88,,,
2011-01-15,West Ham,Arsenal,A,6.0,4.0,1.57,5.5,4.0,1.57,,,
2011-01-15,West Brom,Blackpool,H,1.8,3.6,4.5,1.73,3.8,4.33,,,
2011-01-15,Man City,Wolves,H,1.33,5.0,10.0,1.35,4.8,9.0,,,
2011-01-15,Chelsea,Blackburn,H,1.29,5.5,11.0,1.29,5.5,10.0,,,
2011-01-15,Stoke,Bolton,H,2.1,3.25,3.75,2.15,3.25,3.5,,,
2011-01-16,Birmingham,Aston Villa,D,2.4,3.2,3.1,2.5,3.2,2.88,,,
2011-01-16,Liverpool,Everton,D,2.2,3.2,3.5,2.15,3.25,3.5,,,
2011-01-16,Sunderland,Newcastle,D,2.2,3.25,3.4,2.15,3.25,3.5,,,
2011-01-16,Tottenham,Man United,D,2.88,3.3,2.5,2.8,3.3,2.5,,,
2011-01-22,Fulham,Stoke,H,2.2,3.2,3.5,2.25,3.1,3.4,,,
2011-01-22,Wolves,Liverpool,A,3.4,3.2,2.25,3.2,3.0,2.38,,,
2011-01-22,Newcastle,Tottenham,D,3.5,3.4,2.1,3.4,3.4,2.1,,,
2011-01-22,Man United,Birmingham,H,1.2,6.5,15.0,1.22,5.5,15.0,,,
2011-01-22,Everton,West Ham,D,1.5,4.0,7.5,1.53,3.8,6.5,,,
2011-01-22,Blackpool,Sunderland,A,2.5,3.25,2.88,2.5,3.2,2.8,,,
2011-01-22,Aston Villa,Man City,H,3.5,3.4,2.1,3.4,3.3,2.15,,,
2011-01-22,Arsenal,Wigan,H,1.2,6.5,15.0,1.22,6.0,13.0,,,
2011-01-23,Blackburn,West Brom,H,2.25,3.3,3.25,2.3,3.2,3.2,,,
2011-01-24,Bolton,Chelsea,A,6.0,3.75,1.62,6.0,3.4,1.67,,,
2011-01-25,Blackpool,Man United,A,8.0,5.0,1.36,9.0,4.5,1.36,,,
2011-01-25,Wigan,Aston Villa,A,3.2,3.25,2.3,3.1,3.2,2.3,,,
2011-01-26,Liverpool,Fulham,H,1.53,3.8,7.0,1.57,3.8,6.0,,,
2011-02-01,West Brom,Wigan,D,1.73,3.6,5.0,1.75,3.75,4.5,,,
2011-02-01,Sunderland,Chelsea,A,5.5,3.6,1.67,5.5,3.6,1.67,,,
2011-02-01,Arsenal,Everton,H,1.4,4.5,8.5,1.5,4.0,7.0,,,
2011-02-01,Man United,Aston Villa,H,1.33,5.0,9.5,1.33,5.0,8.5,,,
2011-02-02,Birmingham,Man City,D,4.5,3.5,1.83,4.33,3.5,1.85,,,
2011-02-02,Blackburn,Tottenham,A,3.25,3.4,2.2,3.1,3.3,2.3,,,
2011-02-02,Blackpool,West Ham,A,2.38,3.3,3.0,2.38,3.4,2.88,,,
2011-02-02,Bolton,Wolves,H,1.83,3.5,4.5,1.83,3.6,4.2,,,
2011-02-02,Fulham,Newcastle,H,2.1,3.3,3.6,2.1,3.25,3.6,,,
2011-02-02,Liverpool,Stoke,H,1.62,3.75,6.0,1.6,3.75,6.0,,,
2011-02-05,Wolves,Man United,H,8.5,4.5,1.4,8.0,4.0,1.44,,,
2011-02-05,Wigan,Blackburn,H,2.5,3.25,2.9,2.62,3.0,2.9,,,
2011-02-05,Tottenham,Bolton,H,1.57,4.0,6.0,1.62,3.6,6.0,,,
2011-02-05,Stoke,Sunderland,H,2.1,3.2,3.75,2.2,3.1,3.5,,,
2011-02-05,Newcastle,Arsenal,D,5.0,4.0,1.67,5.5,3.5,1.67,,,
2011-02-05,Man City,West Brom,H,1.4,4.5,8.5,1.44,4.0,8.0,,,
2011-02-05,Everton,Blackpool,H,1.44,4.5,7.0,1.5,4.0,6.5,,,
2011-02-05,Aston Villa,Fulham,D,1.91,3.4,4.2,2.0,3.2,4.0,,,
2011-02-06,Chelsea,Liverpool,A,1.62,4.0,5.5,1.62,3.6,6.0,,,
2011-02-06,West Ham,Birmingham,A,2.0,3.5,3.75,2.1,3.2,3.6,,,
2011-02-12,West Brom,West Ham,D,1.91,3.6,4.0,1.95,3.5,3.75,,,
2011-02-12,Sunderland,Tottenham,A,2.75,3.25,2.6,2.8,3.3,2.5,,,
2011-02-12,Man United,Man City,H,1.73,3.6,5.0,1.73,3.75,4.5,,,
2011-02-12,Liverpool,Wigan,D,1.36,4.75,9.0,1.36,4.5,9.0,,,
2011-02-12,Blackburn,Newcastle,D,2.1,3.4,3.5,2.05,3.4,3.5,,,
2011-02-12,Birmingham,Stoke,H,2.5,3.2,2.9,2.5,3.2,2.88,,,
2011-02-12,Arsenal,Wolves,H,1.22,6.0,15.0,1.25,6.0,10.0,,,
2011-02-12,Blackpool,Aston Villa,D,3.25,3.4,2.2,3.1,3.5,2.2,,,
2011-02-13,Bolton,Everton,H,2.75,3.25,2.6,2.7,3.2,2.6,,,
2011-02-14,Fulham,Chelsea,D,5.0,3.6,1.73,4.5,3.5,1.8,,,
2011-02-15,Birmingham,Newcastle,A,2.6,3.2,2.8,2.5,3.1,2.9,,,
2011-02-20,West Brom,Wolves,D,1.85,3.4,4.5,1.91,3.2,4.5,,,
2011-02-22,Blackpool,Tottenham,H,4.0,3.6,1.91,4.0,3.75,1.85,,,
2011-02-23,Arsenal,Stoke,H,1.3,5.25,10.0,1.3,5.0,11.0,,,
2011-02-26,Aston Villa,Blackburn,H,1.73,3.6,5.0,1.8,3.5,4.5,,,
2011-02-26,Everton,Sunderland,H,1.73,3.6,5.0,1.8,3.25,5.0,,,
2011-02-26,Newcastle,Bolton,D,2.1,3.25,3.75,2.15,3.1,3.6,,,
2011-02-26,Wigan,Man United,A,6.5,4.0,1.53,6.0,3.6,1.6,,,
2011-02-26,Wolves,Blackpool,H,1.83,3.6,4.33,1.91,3.3,4.2,,,
2011-02-27,Man City,Fulham,D,1.5,4.0,7.5,1.57,3.6,6.5,,,
2011-02-27,West Ham,Liverpool,H,3.4,3.3,2.2,3.4,3.1,2.25,,,
2011-02-28,Stoke,West Brom,D,1.91,3.4,4.2,2.0,3.2,4.0,,,
2011-03-01,Chelsea,Man United,H,2.2,3.2,3.6,2.2,3.25,3.3,,,
2011-03-05,Newcastle,Everton,A,2.6,3.2,2.8,2.6,3.2,2.75,,,
2011-03-05,West Ham,Stoke,H,2.25,3.3,3.25,2.25,3.2,3.3,,,
2011-03-05,Man City,Wigan,H,1.36,4.75,9.0,1.4,4.5,8.0,,,
2011-03-05,Bolton,Aston Villa,H,2.25,3.4,3.2,2.25,3.3,3.2,,,
2011-03-05,Fulham,Blackburn,H,1.73,3.6,5.0,1.67,3.6,5.5,,,
2011-03-05,Birmingham,West Brom,A,2.38,3.2,3.1,2.4,3.1,3.1,,,
2011-03-05,Arsenal,Sunderland,D,1.44,4.33,7.5,1.5,4.2,6.5,,,
2011-03-06,Liverpool,Man United,H,2.8,3.2,2.6,2.88,3.2,2.5,,,
2011-03-06,Wolves,Tottenham,D,3.0,3.3,2.38,2.9,3.25,2.45,,,
2011-03-07,Blackpool,Chelsea,A,10.0,5.5,1.3,9.0,5.5,1.3,,,
2011-03-09,Everton,Birmingham,D,1.53,4.0,6.5,1.57,3.6,6.5,,,
2011-03-19,Wigan,Birmingham,H,2.1,3.3,3.6,2.1,3.25,3.6,,,
2011-03-19,West Brom,Arsenal,D,5.0,3.6,1.73,4.2,3.75,1.8,,,
2011-03-19,Tottenham,West Ham,D,1.57,4.0,6.0,1.57,4.0,5.5,,,
2011-03-19,Stoke,Newcastle,H,2.2,3.25,3.4,2.25,3.2,3.3,,,
2011-03-19,Everton,Fulham,H,2.0,3.25,4.0,2.05,3.25,3.8,,,
2011-03-19,Blackburn,Blackpool,D,1.8,3.6,4.5,1.83,3.8,4.0,,,
2011-03-19,Aston Villa,Wolves,A,1.83,3.5,4.5,1.91,3.5,4.0,,,
2011-03-19,Man United,Bolton,H,1.36,4.75,9.0,1.4,4.6,7.5,,,
2011-03-20,Chelsea,Man City,H,1.62,3.75,6.0,1.62,3.6,6.0,,,
2011-03-20,Sunderland,Liverpool,A,2.63,3.2,2.75,2.62,3.1,2.8,,,
2011-04-02,West Ham,Man United,A,4.5,3.6,1.8,4.2,3.6,1.83,,,
2011-04-02,Wigan,Tottenham,D,3.0,3.25,2.4,2.9,3.3,2.38,,,
2011-04-02,Stoke,Chelsea,D,5.5,3.6,1.67,5.5,3.3,1.73,,,
2011-04-02,West Brom,Liverpool,H,3.0,3.3,2.38,3.0,3.2,2.4,,,
2011-04-02,Everton,Aston Villa,D,1.83,3.6,4.33,1.83,3.6,4.2,,,
2011-04-02,Birmingham,Bolton,H,2.5,3.25,2.88,2.6,3.25,2.7,,,
2011-04-02,Arsenal,Blackburn,D,1.25,6.0,11.0,1.25,5.5,12.0,,,
2011-04-02,Newcastle,Wolves,H,1.95,3.4,4.0,1.95,3.5,3.8,,,
2011-04-03,Fulham,Blackpool,H,1.53,4.2,6.0,1.57,3.75,6.0,,,
2011-04-03,Man City,Sunderland,H,1.5,4.0,7.0,1.53,4.0,6.0,,,
2011-04-09,Wolves,Everton,A,2.6,3.25,2.8,2.62,3.0,2.9,,,
2011-04-09,Sunderland,West Brom,A,2.2,3.2,3.5,2.3,3.2,3.2,,,
2011-04-09,Man United,Fulham,H,1.44,4.33,7.5,1.5,3.75,7.5,,,
2011-04-09,Tottenham,Stoke,H,1.73,3.6,5.0,1.8,3.25,5.0,,,
2011-04-09,Bolton,West Ham,H,2.2,3.25,3.4,2.25,3.2,3.2,,,
2011-04-09,Blackburn,Birmingham,D,2.0,3.3,4.0,2.05,3.1,4.0,,,
2011-04-09,Chelsea,Wigan,H,1.2,6.0,17.0,1.25,5.0,15.0,,,
2011-04-10,Aston Villa,Newcastle,H,1.83,3.6,4.33,1.83,3.6,4.2,,,
2011-04-10,Blackpool,Arsenal,A,8.5,5.0,1.36,7.0,5.0,1.4,,,
2011-04-11,Liverpool,Man City,H,2.6,3.2,2.8,2.5,3.2,2.88,,,
2011-04-16,Birmingham,Sunderland,H,2.25,3.2,3.4,2.3,3.1,3.3,,,
2011-04-16,Blackpool,Wigan,A,2.3,3.5,3.0,2.3,3.3,3.1,,,
2011-04-16,Everton,Blackburn,H,1.67,3.75,5.5,1.73,3.3,5.5,,,
2011-04-16,West Brom,Chelsea,A,5.5,3.6,1.7,5.5,3.3,1.73,,,
2011-04-16,West Ham,Aston Villa,A,2.25,3.3,3.25,2.38,3.2,3.0,,,
2011-04-17,Arsenal,Liverpool,D,1.73,3.6,5.0,1.8,3.1,5.5,,,
2011-04-19,Newcastle,Man United,D,5.5,3.6,1.67,5.0,3.6,1.7,,,
2011-04-20,Tottenham,Arsenal,D,2.88,3.4,2.4,2.8,3.3,2.5,,,
2011-04-20,Chelsea,Birmingham,H,1.2,6.5,15.0,1.22,6.0,13.0,,,
2011-04-23,Aston Villa,Stoke,D,1.8,3.6,4.5,1.91,3.5,4.0,,,
2011-04-23,Blackpool,Newcastle,D,2.88,3.5,2.38,2.8,3.3,2.5,,,
2011-04-23,Chelsea,West Ham,H,1.2,6.5,15.0,1.25,5.5,12.0,,,
2011-04-23,Liverpool,Birmingham,H,1.44,4.33,7.5,1.5,3.75,8.0,,,
2011-04-23,Man United,Everton,H,1.44,4.33,7.5,1.5,3.75,8.0,,,
2011-04-23,Sunderland,Wigan,H,2.1,3.25,3.75,2.15,3.2,3.5,,,
2011-04-23,Tottenham,West Brom,D,1.57,4.0,6.0,1.62,3.6,6.0,,,
2011-04-23,Wolves,Fulham,D,2.5,3.25,2.88,2.5,3.2,2.9,,,
2011-04-24,Bolton,Arsenal,H,4.5,3.8,1.75,4.5,3.5,1.8,,,
2011-04-25,Blackburn,Man City,A,3.6,3.3,2.1,3.5,3.2,2.15,,,
2011-04-26,Stoke,Wolves,H,1.8,3.4,5.0,1.83,3.5,4.33,,,
2011-04-27,Fulham,Bolton,H,1.8,3.5,4.75,1.83,3.5,4.33,,,
2011-04-30,Blackburn,Bolton,H,1.91,3.5,4.0,2.05,3.4,3.6,,,
2011-04-30,Blackpool,Stoke,D,2.63,3.4,2.63,2.62,3.6,2.5,,,
2011-04-30,Chelsea,Tottenham,H,1.44,4.33,7.5,1.5,4.2,6.5,,,
2011-04-30,Sunderland,Fulham,A,2.6,3.2,2.8,2.6,3.0,2.9,,,
2011-04-30,West Brom,Aston Villa,H,2.38,3.3,3.0,2.25,3.4,3.1,,,
2011-04-30,Wigan,Everton,D,2.8,3.25,2.6,2.75,3.2,2.6,,,
2011-05-01,Man City,West Ham,H,1.4,4.5,9.0,1.4,4.75,7.5,,,
2011-05-01,Liverpool,Newcastle,H,1.44,4.33,7.5,1.5,4.2,6.5,,,
2011-05-01,Arsenal,Man United,H,2.5,3.25,2.88,2.45,3.25,2.9,,,
2011-05-01,Birmingham,Wolves,D,2.1,3.3,3.6,2.15,3.25,3.5,,,
2011-05-07,Aston Villa,Wigan,D,1.8,3.6,4.5,1.75,3.75,4.5,,,
2011-05-07,Bolton,Sunderland,A,1.83,3.5,4.5,1.83,3.4,4.5,,,
2011-05-07,Everton,Man City,H,2.7,3.2,2.7,2.8,3.0,2.7,,,
2011-05-07,Newcastle,Birmingham,H,1.91,3.4,4.2,2.0,3.2,4.0,,,
2011-05-07,Tottenham,Blackpool,D,1.3,5.5,10.0,1.33,5.0,9.0,,,
2011-05-07,West Ham,Blackburn,D,1.95,3.6,3.8,2.05,3.4,3.6,,,
2011-05-08,Wolves,West Brom,H,2.1,3.4,3.5,2.2,3.2,3.4,,,
2011-05-08,Man United,Chelsea,H,2.38,3.25,3.1,2.4,3.0,3.25,,,
2011-05-08,Stoke,Arsenal,H,5.5,3.75,1.67,5.0,3.5,1.73,,,
2011-05-09,Fulham,Liverpool,A,2.88,3.25,2.5,2.8,3.2,2.5,,,
2011-05-10,Man City,Tottenham,H,1.91,3.4,4.2,1.95,3.3,4.0,,,
2011-05-14,West Brom,Everton,H,2.63,3.25,2.75,2.7,3.1,2.7,,,
2011-05-14,Blackburn,Man United,D,5.0,3.6,1.73,5.0,3.4,1.75,,,
2011-05-14,Blackpool,Bolton,H,2.2,3.4,3.25,2.2,3.5,3.1,,,
2011-05-14,Sunderland,Wolves,A,2.5,3.25,2.88,2.5,3.3,2.75,,,
2011-05-15,Chelsea,Newcastle,D,1.25,6.0,11.0,1.25,5.0,15.0,,,
2011-05-15,Liverpool,Tottenham,A,1.73,3.8,4.75,1.8,3.5,4.5,,,
2011-05-15,Arsenal,Aston Villa,A,1.36,5.0,8.5,1.4,4.5,8.0,,,
2011-05-15,Birmingham,Fulham,A,2.2,3.25,3.4,2.3,3.1,3.3,,,
2011-05-15,Wigan,West Ham,H,2.1,3.4,3.5,2.15,3.3,3.4,,,
2011-05-17,Man City,Stoke,H,1.36,4.75,9.0,1.4,4.33,8.5,,,
2011-05-22,Tottenham,Birmingham,H,1.53,4.0,6.5,1.53,3.6,5.0,,,
2011-05-22,Stoke,Wigan,A,2.75,3.6,2.4,2.7,3.2,2.3,,,
2011-05-22,Wolves,Blackburn,A,2.2,3.0,3.75,2.0,3.1,3.3,,,
2011-05-22,West Ham,Sunderland,A,2.0,3.5,3.75,1.95,3.3,3.25,,,
2011-05-22,Newcastle,West Brom,D,2.0,3.5,3.75,1.91,3.3,3.3,,,
2011-05-22,Man United,Blackpool,H,1.6,4.0,5.5,1.57,3.8,5.0,,,
2011-05-22,Fulham,Arsenal,D,3.75,3.6,1.95,3.5,3.4,1.95,,,
2011-05-22,Everton,Chelsea,H,3.1,3.25,2.38,2.62,3.2,2.3,,,
2011-05-22,Bolton,Man City,A,5.0,3.75,1.7,4.33,3.5,1.73,,,
2011-05-22,Aston Villa,Liverpool,H,3.2,3.4,2.25,2.62,3.2,2.3,,,
2011-08-13,Blackburn,Wolves,A,2.2,3.2,3.5,2.2,3.1,3.5,,,
2011-08-13,Fulham,Aston Villa,D,2.2,3.2,3.5,2.2,3.2,3.4,,,
2011-08-13,Liverpool,Sunderland,D,1.57,3.6,7.0,1.57,3.75,6.5,,,
2011-08-13,Newcastle,Arsenal,D,3.75,3.25,2.1,3.75,3.2,2.05,,,
2011-08-13,QPR,Bolton,A,2.4,3.25,3.0,2.4,3.1,3.1,,,
2011-08-13,Wigan,Norwich,D,2.2,3.2,3.5,2.2,3.2,3.4,,,
2011-08-14,West Brom,Man United,A,6.5,4.0,1.53,7.0,3.75,1.53,,,
2011-08-14,Stoke,Chelsea,D,5.5,3.5,1.7,5.5,3.4,1.7,,,
2011-08-15,Man City,Swansea,H,1.29,5.0,13.0,1.3,4.5,13.0,,,
2011-08-20,Arsenal,Liverpool,A,2.5,3.25,2.9,2.6,3.2,2.75,,,
2011-08-20,Aston Villa,Blackburn,H,1.73,3.4,5.5,1.75,3.2,5.5,,,
2011-08-20,Chelsea,West Brom,H,1.3,5.5,10.0,1.33,4.8,10.0,,,
2011-08-20,Everton,QPR,A,1.53,3.8,7.0,1.55,4.0,6.0,,,
2011-08-20,Sunderland,Newcastle,A,2.2,3.25,3.4,2.2,3.1,3.5,,,
2011-08-20,Swansea,Wigan,D,2.1,3.3,3.6,2.15,3.25,3.5,,,
2011-08-21,Bolton,Man City,A,4.75,3.5,1.8,4.4,3.6,1.8,,,
2011-08-21,Norwich,Stoke,D,2.6,3.3,2.75,2.5,3.2,2.88,,,
2011-08-21,Wolves,Fulham,H,2.38,3.25,3.1,2.25,3.2,3.3,,,
2011-08-22,Man United,Tottenham,H,1.67,3.75,5.5,1.67,4.0,4.75,,,
2011-08-27,Aston Villa,Wolves,D,2.1,3.25,3.75,2.1,3.2,3.6,,,
2011-08-27,Blackburn,Everton,A,3.3,3.25,2.25,3.0,3.2,2.4,,,
2011-08-27,Chelsea,Norwich,H,1.2,6.5,15.0,1.22,6.0,13.0,,,
2011-08-27,Liverpool,Bolton,H,1.4,4.5,8.5,1.44,4.0,8.0,,,
2011-08-27,Swansea,Sunderland,D,2.38,3.3,3.0,2.5,3.1,2.9,,,
2011-08-27,Wigan,QPR,H,2.25,3.3,3.25,2.4,3.2,3.0,,,
2011-08-28,Man United,Arsenal,H,1.5,4.33,6.5,1.53,3.75,7.0,,,
2011-08-28,Newcastle,Fulham,H,2.1,3.25,3.75,2.15,3.2,3.5,,,
2011-08-28,Tottenham,Man City,A,2.88,3.3,2.5,2.9,3.1,2.5,,,
2011-08-28,West Brom,Stoke,A,2.1,3.25,3.75,2.15,3.1,3.6,,,
2011-09-10,Wolves,Tottenham,A,3.0,3.25,2.4,2.9,3.3,2.45,,,
2011-09-10,Sunderland,Chelsea,A,5.0,3.75,1.7,5.0,3.6,1.7,,,
2011-09-10,Stoke,Liverpool,H,3.25,3.3,2.25,3.3,3.2,2.25,,,
2011-09-10,Arsenal,Swansea,H,1.36,4.75,9.0,1.36,4.8,8.5,,,
2011-09-10,Everton,Aston Villa,D,2.0,3.4,3.8,2.0,3.3,3.8,,,
2011-09-10,Bolton,Man United,A,9.0,4.5,1.4,7.0,4.4,1.44,,,
2011-09-10,Man City,Wigan,H,1.17,7.0,17.0,1.18,6.5,17.0,,,
2011-09-11,Fulham,Blackburn,D,1.67,3.6,5.5,1.67,3.6,5.5,,,
2011-09-11,Norwich,West Brom,A,2.5,3.25,2.88,2.5,3.3,2.8,,,
2011-09-12,QPR,Newcastle,D,2.4,3.25,3.0,2.4,3.2,3.0,,,
2011-09-17,Swansea,West Brom,H,2.63,3.2,2.75,2.8,2.9,2.8,,,
2011-09-17,Everton,Wigan,H,1.5,4.0,7.0,1.53,3.6,7.5,,,
2011-09-17,Wolves,QPR,A,1.91,3.4,4.2,1.95,3.2,4.2,,,
2011-09-17,Blackburn,Arsenal,H,4.2,3.4,1.91,4.2,3.25,1.91,,,
2011-09-17,Bolton,Norwich,A,1.8,3.6,4.6,1.83,3.1,5.0,,,
2011-09-17,Aston Villa,Newcastle,D,1.91,3.4,4.2,2.0,3.1,4.2,,,
2011-09-18,Fulham,Man City,D,6.5,3.8,1.57,6.0,3.6,1.62,,,
2011-09-18,Man United,Chelsea,H,1.83,3.5,4.5,1.85,3.3,4.5,,,
2011-09-18,Sunderland,Stoke,H,2.4,3.2,3.1,2.38,3.1,3.1,,,
2011-09-18,Tottenham,Liverpool,H,2.63,3.4,2.63,2.7,3.0,2.8,,,
2011-09-24,Stoke,Man United,D,6.5,4.0,1.53,5.5,4.0,1.57,,,
2011-09-24,Wigan,Tottenham,A,4.0,3.5,1.91,3.8,3.3,2.0,,,
2011-09-24,West Brom,Fulham,D,2.3,3.25,3.25,2.4,3.2,3.0,,,
2011-09-24,Newcastle,Blackburn,H,1.83,3.5,4.5,1.91,3.2,4.5,,,
2011-09-24,Liverpool,Wolves,H,1.36,4.5,10.0,1.4,4.5,8.0,,,
2011-09-24,Chelsea,Swansea,H,1.2,6.5,15.0,1.22,5.5,15.0,,,
2011-09-24,Arsenal,Bolton,H,1.44,4.5,7.0,1.44,4.2,7.5,,,
2011-09-24,Man City,Everton,H,1.44,4.33,7.5,1.44,4.0,8.5,,,
2011-09-25,QPR,Aston Villa,D,2.3,3.25,3.2,2.4,3.1,3.1,,,
2011-09-26,Norwich,Sunderland,H,2.5,3.4,2.8,2.6,3.1,2.8,,,
2011-10-01,Wolves,Newcastle,A,2.5,3.25,2.88,2.38,3.25,3.0,,,
2011-10-01,Aston Villa,Wigan,H,1.62,3.75,6.0,1.6,3.75,6.0,,,
2011-10-01,Blackburn,Man City,A,6.5,3.75,1.57,5.0,4.2,1.62,,,
2011-10-01,Everton,Liverpool,A,3.1,3.2,2.4,2.9,3.25,2.45,,,
2011-10-01,Man United,Norwich,H,1.17,7.0,17.0,1.18,7.5,12.0,,,
2011-10-01,Sunderland,West Brom,D,2.25,3.4,3.2,2.25,3.3,3.2,,,
2011-10-02,Tottenham,Arsenal,H,2.1,3.4,3.5,2.15,3.5,3.2,,,
2011-10-02,Swansea,Stoke,H,2.63,3.25,2.75,2.7,3.1,2.7,,,
2011-10-02,Bolton,Chelsea,A,6.5,4.0,1.53,6.0,4.0,1.55,,,
2011-10-02,Fulham,QPR,H,2.0,3.3,4.0,2.0,3.4,3.8,,,
2011-10-15,Chelsea,Everton,H,1.36,4.5,10.0,1.36,4.75,8.5,,,
2011-10-15,Liverpool,Man United,D,3.0,3.3,2.4,3.2,3.1,2.5,,,
2011-10-15,Man City,Aston Villa,H,1.33,5.0,10.0,1.33,5.0,8.5,,,
2011-10-15,Norwich,Swansea,H,2.2,3.3,3.4,2.15,3.3,3.4,,,
2011-10-15,QPR,Blackburn,D,1.83,3.5,4.5,1.85,3.5,4.33,,,
2011-10-15,Stoke,Fulham,H,2.2,3.2,3.5,2.15,3.2,3.6,,,
2011-10-15,Wigan,Bolton,A,2.3,3.3,3.2,2.3,3.3,3.1,,,
2011-10-16,Arsenal,Sunderland,H,1.44,4.33,7.5,1.44,4.33,7.0,,,
2011-10-16,Newcastle,Tottenham,D,3.0,3.3,2.4,2.8,3.5,2.4,,,
2011-10-16,West Brom,Wolves,H,2.0,3.3,4.0,2.05,3.4,3.6,,,
2011-10-22,Wolves,Swansea,D,2.0,3.4,3.8,2.0,3.3,3.75,,,
2011-10-22,Newcastle,Wigan,H,1.57,3.8,6.5,1.62,3.75,5.5,,,
2011-10-22,Aston Villa,West Brom,A,2.0,3.3,4.0,2.0,3.3,3.75,,,
2011-10-22,Bolton,Sunderland,A,2.2,3.2,3.5,2.3,3.2,3.2,,,
2011-10-22,Liverpool,Norwich,D,1.29,5.5,11.0,1.33,4.75,9.0,,,
2011-10-23,Arsenal,Stoke,H,1.53,4.0,6.5,1.57,3.75,6.0,,,
2011-10-23,Blackburn,Tottenham,A,4.0,3.5,1.91,3.75,3.6,1.91,,,
2011-10-23,Fulham,Everton,A,2.25,3.25,3.3,2.4,3.0,3.2,,,
2011-10-23,Man United,Man City,A,2.0,3.4,3.8,2.1,3.3,3.5,,,
2011-10-23,QPR,Chelsea,H,9.5,5.0,1.33,8.5,4.75,1.36,,,
2011-10-29,Swansea,Bolton,H,2.1,3.3,3.6,2.15,3.2,3.5,,,
2011-10-29,Wigan,Fulham,A,2.88,3.25,2.5,2.9,3.1,2.5,,,
2011-10-29,West Brom,Liverpool,A,4.0,3.3,2.0,3.75,3.1,2.1,,,
2011-10-29,Sunderland,Aston Villa,D,2.1,3.3,3.6,2.25,3.2,3.3,,,
2011-10-29,Chelsea,Arsenal,A,1.62,4.0,5.5,1.67,3.5,5.5,,,
2011-10-29,Man City,Wolves,H,1.17,7.0,19.0,1.18,6.5,15.0,,,
2011-10-29,Everton,Man United,A,4.5,3.6,1.8,4.5,3.4,1.83,,,
2011-10-29,Norwich,Blackburn,D,1.91,3.6,4.0,2.0,3.2,4.0,,,
2011-10-30,Tottenham,QPR,H,1.36,4.75,9.0,1.4,4.5,8.0,,,
2011-10-31,Stoke,Newcastle,A,2.1,3.2,3.8,2.2,3.1,3.5,,,
2011-11-05,QPR,Man City,A,10.0,5.0,1.33,8.0,4.5,1.4,,,
2011-11-05,Newcastle,Everton,H,2.25,3.25,3.3,2.38,3.2,3.0,,,
2011-11-05,Man United,Sunderland,H,1.25,5.5,13.0,1.25,5.5,13.0,,,
2011-11-05,Liverpool,Swansea,D,1.29,5.5,10.0,1.36,4.33,10.0,,,
2011-11-05,Blackburn,Chelsea,A,7.5,4.33,1.44,7.0,4.0,1.5,,,
2011-11-05,Aston Villa,Norwich,H,1.83,3.5,4.5,1.91,3.3,4.2,,,
2011-11-05,Arsenal,West Brom,H,1.4,4.5,8.5,1.44,4.2,8.0,,,
2011-11-06,Bolton,Stoke,H,2.4,3.3,3.0,2.5,3.2,2.8,,,
2011-11-06,Fulham,Tottenham,A,3.25,3.3,2.25,3.2,3.2,2.3,,,
2011-11-06,Wolves,Wigan,H,1.91,3.3,4.33,2.0,3.1,4.2,,,
2011-11-19,Wigan,Blackburn,D,2.5,3.25,2.88,2.45,3.3,2.9,,,
2011-11-19,Swansea,Man United,A,6.5,4.2,1.5,8.0,4.0,1.44,,,
2011-11-19,Sunderland,Fulham,D,2.3,3.25,3.2,2.38,3.25,3.0,,,
2011-11-19,West Brom,Bolton,H,2.0,3.4,3.8,2.0,3.4,3.75,,,
2011-11-19,Norwich,Arsenal,A,5.5,3.6,1.67,5.5,3.4,1.7,,,
2011-11-19,Man City,Newcastle,H,1.3,5.5,10.0,1.3,5.5,9.5,,,
2011-11-19,Everton,Wolves,H,1.57,3.75,6.5,1.62,3.8,5.5,,,
2011-11-19,Stoke,QPR,A,1.83,3.5,4.5,1.75,3.6,4.75,,,
2011-11-20,Chelsea,Liverpool,A,1.83,3.5,4.5,1.91,3.1,4.5,,,
2011-11-21,Tottenham,Aston Villa,H,1.57,4.0,6.0,1.55,4.33,5.5,,,
2011-11-26,West Brom,Tottenham,A,4.0,3.6,1.91,4.0,3.75,1.85,,,
2011-11-26,Stoke,Blackburn,H,1.83,3.5,4.5,1.8,3.5,4.5,,,
2011-11-26,Norwich,QPR,H,2.1,3.4,3.5,2.15,3.5,3.25,,,
2011-11-26,Sunderland,Wigan,A,1.67,3.6,5.5,1.7,3.75,4.8,,,
2011-11-26,Chelsea,Wolves,H,1.22,6.0,15.0,1.25,6.0,11.0,,,
2011-11-26,Bolton,Everton,A,3.1,3.25,2.38,2.9,3.4,2.38,,,
2011-11-26,Arsenal,Fulham,D,1.44,4.2,8.0,1.5,4.2,6.5,,,
2011-11-26,Man United,Newcastle,D,1.4,4.5,8.5,1.4,4.75,7.5,,,
2011-11-27,Liverpool,Man City,D,2.75,3.2,2.63,2.8,3.4,2.45,,,
2011-11-27,Swansea,Aston Villa,D,2.2,3.25,3.4,2.25,3.3,3.2,,,
2011-12-03,Aston Villa,Man United,A,5.0,3.6,1.73,5.0,3.4,1.75,,,
2011-12-03,Blackburn,Swansea,H,2.1,3.4,3.5,2.25,3.25,3.25,,,
2011-12-03,Man City,Norwich,H,1.17,7.0,17.0,1.2,6.0,15.0,,,
2011-12-03,Newcastle,Chelsea,A,3.5,3.4,2.1,3.5,3.2,2.15,,,
2011-12-03,QPR,West Brom,D,2.25,3.3,3.25,2.3,3.2,3.2,,,
2011-12-03,Tottenham,Bolton,H,1.3,5.0,12.0,1.33,4.8,9.0,,,
2011-12-03,Wigan,Arsenal,A,6.0,4.0,1.57,6.0,3.8,1.57,,,
2011-12-04,Everton,Stoke,A,1.67,3.6,5.5,1.73,3.5,5.0,,,
2011-12-04,Wolves,Sunderland,H,2.4,3.3,3.0,2.38,3.25,3.0,,,
2011-12-05,Fulham,Liverpool,H,3.5,3.4,2.1,3.3,3.2,2.25,,,
2011-12-10,Arsenal,Everton,H,1.53,4.0,6.5,1.53,3.8,5.5,,,
2011-12-10,Bolton,Aston Villa,A,2.5,3.3,2.88,2.4,3.2,2.7,,,
2011-12-10,Liverpool,QPR,H,1.33,5.0,10.0,1.3,4.5,9.5,,,
2011-12-10,Man United,Wolves,H,1.22,6.0,15.0,1.2,6.0,11.0,,,
2011-12-10,Norwich,Newcastle,H,2.4,3.4,2.88,2.38,3.3,2.7,,,
2011-12-10,Swansea,Fulham,H,2.63,3.25,2.75,2.5,3.1,2.7,,,
2011-12-10,West Brom,Wigan,A,1.67,3.8,5.25,1.67,3.5,4.8,,,
2011-12-11,Stoke,Tottenham,H,3.75,3.5,2.0,3.4,3.3,2.0,,,
2011-12-11,Sunderland,Blackburn,H,1.83,3.5,4.5,1.83,3.3,4.0,,,
2011-12-12,Chelsea,Man City,H,2.4,3.3,3.0,2.38,3.2,2.75,,,
2011-12-17,Blackburn,West Brom,A,2.38,3.3,3.0,2.25,3.5,3.0,,,
2011-12-17,Everton,Norwich,D,1.62,3.75,6.0,1.62,4.0,5.0,,,
2011-12-17,Fulham,Bolton,H,1.62,3.75,6.0,1.65,3.8,5.0,,,
2011-12-17,Newcastle,Swansea,D,1.8,3.6,4.5,1.8,3.5,4.5,,,
2011-12-17,Wigan,Chelsea,D,9.0,4.75,1.36,7.5,4.75,1.4,,,
2011-12-17,Wolves,Stoke,A,2.5,3.25,2.88,2.5,3.3,2.8,,,
2011-12-18,Aston Villa,Liverpool,A,4.2,3.4,1.91,4.0,3.4,1.91,,,
2011-12-18,Man City,Arsenal,H,1.73,3.75,4.5,1.7,3.8,4.8,,,
2011-12-18,QPR,Man United,A,7.5,4.33,1.44,7.0,4.0,1.5,,,
2011-12-18,Tottenham,Sunderland,H,1.36,4.75,9.0,1.4,4.75,7.5,,,
2011-12-20,Wolves,Norwich,D,2.0,3.5,3.75,2.1,3.4,3.4,,,
2011-12-20,Blackburn,Bolton,A,2.1,3.4,3.5,2.1,3.6,3.3,,,
2011-12-21,Aston Villa,Arsenal,A,5.0,3.6,1.73,4.75,3.6,1.73,,,
2011-12-21,Everton,Swansea,H,1.57,3.75,6.5,1.57,3.75,6.0,,,
2011-12-21,Fulham,Man United,A,5.0,3.6,1.73,5.0,3.75,1.67,,,
2011-12-21,Man City,Stoke,H,1.22,6.0,15.0,1.22,6.0,12.0,,,
2011-12-21,Newcastle,West Brom,A,2.0,3.5,3.75,1.91,3.4,4.0,,,
2011-12-21,QPR,Sunderland,A,2.5,3.3,2.88,2.38,3.3,2.9,,,
2011-12-21,Wigan,Liverpool,D,7.0,4.0,1.5,7.0,4.0,1.5,,,
2011-12-22,Tottenham,Chelsea,D,2.6,3.4,2.7,2.5,3.4,2.7,,,
2011-12-26,Liverpool,Blackburn,D,1.25,5.5,13.0,1.25,5.5,12.0,,,
2011-12-26,West Brom,Man City,D,7.0,4.5,1.44,7.0,4.33,1.44,,,
2011-12-26,Sunderland,Everton,D,2.4,3.25,3.0,2.5,3.1,2.9,,,
2011-12-26,Stoke,Aston Villa,D,1.91,3.4,4.2,1.91,3.4,4.0,,,
2011-12-26,Bolton,Newcastle,A,2.5,3.4,2.8,2.38,3.4,2.88,,,
2011-12-26,Chelsea,Fulham,D,1.3,5.0,12.0,1.3,5.0,11.0,,,
2011-12-26,Man United,Wigan,H,1.14,7.5,21.0,1.17,6.5,19.0,,,
2011-12-27,Swansea,QPR,D,2.0,3.4,3.8,2.05,3.25,3.75,,,
2011-12-27,Arsenal,Wolves,D,1.22,6.0,15.0,1.22,6.0,12.0,,,
2011-12-27,Norwich,Tottenham,A,4.5,3.6,1.8,4.33,3.6,1.8,,,
2011-12-30,Liverpool,Newcastle,H,1.53,4.0,6.5,1.53,4.0,6.0,,,
2011-12-31,Stoke,Wigan,D,1.67,3.6,5.5,1.73,3.5,5.0,,,
2011-12-31,Swansea,Tottenham,D,5.5,3.6,1.67,5.5,3.5,1.7,,,
2011-12-31,Norwich,Fulham,D,2.6,3.25,2.75,2.5,3.4,2.7,,,
2011-12-31,Chelsea,Aston Villa,A,1.29,5.0,13.0,1.3,5.0,11.0,,,
2011-12-31,Man United,Blackburn,A,1.13,8.0,26.0,1.14,7.0,21.0,,,
2011-12-31,Bolton,Wolves,D,2.2,3.25,3.4,2.3,3.2,3.2,,,
2011-12-31,Arsenal,QPR,H,1.25,5.5,13.0,1.29,5.0,12.0,,,
2012-01-01,Sunderland,Man City,H,6.5,4.0,1.53,6.0,3.75,1.57,,,
2012-01-01,West Brom,Everton,A,2.6,3.25,2.75,2.62,3.2,2.7,,,
2012-01-02,QPR,Norwich,A,2.1,3.4,3.5,2.0,3.2,3.25,,,
2012-01-02,Fulham,Arsenal,H,4.0,3.5,1.91,3.6,3.3,1.85,,,
2012-01-02,Wolves,Chelsea,A,6.0,4.0,1.57,5.0,3.75,1.53,,,
2012-01-02,Aston Villa,Swansea,A,1.83,3.4,4.75,1.8,3.2,4.0,,,
2012-01-02,Blackburn,Stoke,A,2.5,3.25,2.88,2.45,3.2,2.5,,,
2012-01-03,Man City,Liverpool,H,1.91,3.4,4.2,1.8,3.5,4.5,,,
2012-01-03,Tottenham,West Brom,H,1.33,5.0,10.0,1.36,4.8,8.5,,,
2012-01-03,Wigan,Sunderland,A,2.63,3.25,2.75,2.62,3.1,2.75,,,
2012-01-04,Everton,Bolton,A,1.5,4.0,7.0,1.53,3.75,7.0,,,
2012-01-04,Newcastle,Man United,H,5.0,3.6,1.73,5.0,3.5,1.73,,,
2012-01-11,Tottenham,Everton,H,1.53,3.8,7.0,1.5,3.75,5.5,,,
2012-01-14,Man United,Bolton,H,1.14,8.0,17.0,1.17,6.5,19.0,,,
2012-01-14,West Brom,Norwich,A,2.0,3.4,3.8,2.1,3.2,3.6,,,
2012-01-14,Liverpool,Stoke,D,1.4,4.33,9.0,1.44,4.0,8.0,,,
2012-01-14,Tottenham,Wolves,D,1.25,5.5,13.0,1.3,5.0,11.0,,,
2012-01-14,Blackburn,Fulham,H,3.0,3.3,2.38,2.8,3.2,2.5,,,
2012-01-14,Aston Villa,Everton,D,2.4,3.25,3.0,2.5,3.1,2.9,,,
2012-01-14,Chelsea,Sunderland,H,1.4,4.5,8.5,1.44,4.0,8.0,,,
2012-01-15,Newcastle,QPR,H,1.73,3.6,5.0,1.83,3.2,4.8,,,
2012-01-15,Swansea,Arsenal,H,4.75,3.5,1.8,4.5,3.5,1.8,,,
2012-01-16,Wigan,Man City,A,9.0,4.33,1.4,9.5,3.75,1.44,,,
2012-01-21,Wolves,Aston Villa,A,2.5,3.25,2.88,2.62,3.2,2.7,,,
2012-01-21,Sunderland,Swansea,H,1.91,3.4,4.2,1.91,3.2,4.33,,,
2012-01-21,QPR,Wigan,H,2.0,3.4,3.8,2.1,3.2,3.6,,,
2012-01-21,Stoke,West Brom,A,1.91,3.4,4.2,2.0,3.3,3.8,,,
2012-01-21,Fulham,Newcastle,H,2.0,3.4,3.8,2.05,3.3,3.6,,,
2012-01-21,Everton,Blackburn,D,1.53,4.0,6.5,1.57,3.5,7.0,,,
2012-01-21,Bolton,Liverpool,H,6.0,3.75,1.62,6.0,3.4,1.67,,,
2012-01-21,Norwich,Chelsea,D,5.5,4.0,1.62,5.5,3.75,1.62,,,
2012-01-22,Arsenal,Man United,A,2.8,3.4,2.5,2.9,2.9,2.62,,,
2012-01-22,Man City,Tottenham,H,1.91,3.6,4.0,1.91,3.2,4.33,,,
2012-01-31,Everton,Man City,H,4.33,3.5,1.85,4.5,3.3,1.85,,,
2012-01-31,Man United,Stoke,H,1.33,5.0,10.0,1.3,5.0,10.0,,,
2012-01-31,Swansea,Chelsea,D,4.0,3.25,2.0,3.75,3.3,2.0,,,
2012-01-31,Tottenham,Wigan,H,1.22,6.0,15.0,1.2,6.0,15.0,,,
2012-01-31,Wolves,Liverpool,A,5.0,3.8,1.7,4.8,3.75,1.7,,,
2012-02-01,Fulham,West Brom,D,1.83,3.5,4.5,1.91,3.3,4.2,,,
2012-02-01,Bolton,Arsenal,D,5.0,3.75,1.7,5.0,3.5,1.73,,,
2012-02-01,Sunderland,Norwich,H,1.91,3.5,4.2,1.85,3.3,4.5,,,
2012-02-01,Aston Villa,QPR,D,1.8,3.5,4.75,1.85,3.3,4.5,,,
2012-02-01,Blackburn,Newcastle,A,2.63,3.3,2.7,2.62,3.2,2.7,,,
2012-02-04,Arsenal,Blackburn,H,1.29,5.5,11.0,1.29,4.5,8.0,,,
2012-02-04,Man City,Fulham,H,1.3,5.5,10.0,1.29,4.5,8.0,,,
2012-02-04,Norwich,Bolton,H,2.0,3.5,3.75,1.95,3.2,3.3,,,
2012-02-04,QPR,Wolves,A,1.91,3.6,4.0,1.91,3.2,3.5,,,
2012-02-04,Stoke,Sunderland,A,2.25,3.25,3.3,2.05,3.1,3.25,,,
2012-02-04,West Brom,Swansea,A,2.1,3.3,3.6,2.1,3.2,3.0,,,
2012-02-04,Wigan,Everton,D,3.5,3.4,2.1,3.1,3.1,2.1,,,
2012-02-05,Chelsea,Man United,D,2.5,3.3,2.88,2.2,3.1,2.88,,,
2012-02-05,Newcastle,Aston Villa,H,2.0,3.4,3.8,2.0,3.2,3.2,,,
2012-02-06,Liverpool,Tottenham,D,2.0,3.4,3.8,2.1,3.2,3.0,,,
2012-02-11,Tottenham,Newcastle,H,1.44,4.33,7.5,1.5,4.2,6.5,,,
2012-02-11,Swansea,Norwich,A,1.83,3.5,4.5,1.83,3.6,4.2,,,
2012-02-11,Sunderland,Arsenal,A,3.5,3.4,2.1,3.6,3.4,2.05,,,
2012-02-11,Man United,Liverpool,H,1.85,3.6,4.33,1.91,3.5,4.0,,,
2012-02-11,Blackburn,QPR,H,2.38,3.3,3.0,2.38,3.4,2.9,,,
2012-02-11,Everton,Chelsea,H,3.25,3.3,2.25,3.1,3.3,2.3,,,
2012-02-11,Bolton,Wigan,A,2.0,3.5,3.75,2.05,3.6,3.4,,,
2012-02-11,Fulham,Stoke,H,1.91,3.5,4.0,2.0,3.4,3.8,,,
2012-02-12,Aston Villa,Man City,A,5.5,3.6,1.67,4.8,3.75,1.7,,,
2012-02-12,Wolves,West Brom,A,2.5,3.25,2.88,2.5,3.3,2.8,,,
2012-02-25,Wigan,Aston Villa,D,2.75,3.25,2.63,2.8,3.0,2.7,,,
2012-02-25,West Brom,Sunderland,H,2.4,3.25,3.0,2.4,3.25,2.9,,,
2012-02-25,QPR,Fulham,A,2.63,3.25,2.75,2.7,3.2,2.62,,,
2012-02-25,Man City,Blackburn,H,1.17,7.0,17.0,1.17,7.5,15.0,,,
2012-02-25,Chelsea,Bolton,H,1.29,5.5,11.0,1.3,5.0,10.0,,,
2012-02-25,Newcastle,Wolves,D,1.57,4.0,6.0,1.6,3.75,6.0,,,
2012-02-26,Arsenal,Tottenham,H,2.5,3.4,2.75,2.4,3.5,2.8,,,
2012-02-26,Norwich,Man United,A,6.5,4.0,1.53,6.0,4.2,1.53,,,
2012-02-26,Stoke,Swansea,H,2.1,3.4,3.5,2.1,3.25,3.6,,,
2012-03-03,Wigan,Swansea,A,2.5,3.25,2.88,2.5,3.1,2.9,,,
2012-03-03,Stoke,Norwich,H,1.83,3.5,4.5,1.91,3.2,4.33,,,
2012-03-03,QPR,Everton,D,3.1,3.25,2.38,3.0,3.2,2.4,,,
2012-03-03,West Brom,Chelsea,H,4.2,3.4,1.91,4.0,3.2,2.0,,,
2012-03-03,Liverpool,Arsenal,A,2.0,3.5,3.75,2.1,3.1,3.8,,,
2012-03-03,Blackburn,Aston Villa,D,2.38,3.4,3.0,2.4,3.2,3.0,,,
2012-03-03,Man City,Bolton,H,1.13,8.5,21.0,1.14,7.0,21.0,,,
2012-03-04,Fulham,Wolves,H,1.57,3.75,6.5,1.67,3.4,6.0,,,
2012-03-04,Newcastle,Sunderland,D,2.1,3.4,3.5,2.2,3.1,3.5,,,
2012-03-04,Tottenham,Man United,A,2.88,3.4,2.4,3.0,3.2,2.4,,,
2012-03-10,Wolves,Blackburn,A,2.38,3.3,3.0,2.3,3.3,3.1,,,
2012-03-10,Aston Villa,Fulham,H,2.5,3.25,2.88,2.5,3.1,2.9,,,
2012-03-10,Bolton,QPR,H,2.5,3.25,2.88,2.38,3.2,3.0,,,
2012-03-10,Chelsea,Stoke,H,1.4,4.5,8.5,1.36,4.5,9.0,,,
2012-03-10,Everton,Tottenham,H,2.88,3.25,2.5,2.75,3.2,2.6,,,
2012-03-10,Sunderland,Liverpool,H,3.8,3.4,2.0,4.0,3.2,2.0,,,
2012-03-11,Swansea,Man City,H,6.0,3.75,1.62,6.0,3.75,1.57,,,
2012-03-11,Norwich,Wigan,D,1.83,3.6,4.33,1.83,3.5,4.33,,,
2012-03-11,Man United,West Brom,H,1.29,5.5,11.0,1.29,5.5,10.0,,,
2012-03-12,Arsenal,Newcastle,H,1.44,4.33,7.5,1.44,4.33,7.0,,,
2012-03-13,Liverpool,Everton,H,1.73,3.4,5.5,1.8,3.25,5.0,,,
2012-03-17,Fulham,Swansea,A,1.83,3.5,4.5,1.91,3.2,4.5,,,
2012-03-17,Wigan,West Brom,D,2.75,3.3,2.6,2.7,3.1,2.7,,,
2012-03-18,Newcastle,Norwich,H,1.8,3.6,4.5,1.85,3.3,4.5,,,
2012-03-18,Wolves,Man United,A,9.0,5.0,1.33,9.0,4.5,1.36,,,
2012-03-20,Blackburn,Sunderland,H,2.4,3.4,2.88,2.4,3.3,2.9,,,
2012-03-21,Tottenham,Stoke,D,1.4,4.5,8.5,1.44,4.0,8.0,,,
2012-03-21,QPR,Liverpool,H,5.0,3.6,1.73,4.5,3.5,1.8,,,
2012-03-21,Everton,Arsenal,A,3.0,3.4,2.3,3.0,3.2,2.4,,,
2012-03-21,Man City,Chelsea,H,1.91,3.6,4.0,1.91,3.4,4.0,,,
2012-03-24,Swansea,Everton,A,2.2,3.25,3.4,2.1,3.2,3.6,,,
2012-03-24,Arsenal,Aston Villa,H,1.33,5.0,10.0,1.36,4.33,10.0,,,
2012-03-24,Bolton,Blackburn,H,2.4,3.4,2.9,2.5,3.2,2.8,,,
2012-03-24,Chelsea,Tottenham,D,1.83,3.6,4.33,1.91,3.3,4.33,,,
2012-03-24,Liverpool,Wigan,A,1.29,5.5,11.0,1.33,4.5,11.0,,,
2012-03-24,Norwich,Wolves,H,1.73,3.75,4.75,1.8,3.3,5.0,,,
2012-03-24,Stoke,Man City,D,6.0,3.75,1.62,6.0,3.4,1.67,,,
2012-03-24,Sunderland,QPR,H,2.0,3.4,3.8,2.05,3.25,3.75,,,
2012-03-25,West Brom,Newcastle,A,2.3,3.4,3.1,2.4,3.1,3.1,,,
2012-03-26,Man United,Fulham,H,1.22,6.0,15.0,1.25,5.5,12.0,,,
2012-03-31,Aston Villa,Chelsea,A,4.5,3.5,1.83,4.5,3.4,1.85,,,
2012-03-31,Everton,West Brom,H,1.83,3.5,4.5,1.8,3.5,4.5,,,
2012-03-31,Fulham,Norwich,H,1.7,3.75,5.0,1.73,3.75,4.5,,,
2012-03-31,Man City,Sunderland,D,1.22,6.5,12.0,1.22,6.0,13.0,,,
2012-03-31,QPR,Arsenal,H,5.5,4.2,1.57,5.5,3.75,1.62,,,
2012-03-31,Wigan,Stoke,H,2.63,3.25,2.75,2.62,3.1,2.75,,,
2012-03-31,Wolves,Bolton,A,2.3,3.4,3.1,2.3,3.5,2.88,,,
2012-04-01,Newcastle,Liverpool,H,2.88,3.4,2.4,2.9,3.4,2.38,,,
2012-04-01,Tottenham,Swansea,H,1.4,4.5,8.5,1.4,4.33,8.5,,,
2012-04-02,Blackburn,Man United,A,9.0,4.75,1.36,7.5,4.75,1.4,,,
2012-04-06,Swansea,Newcastle,A,2.4,3.4,2.88,2.4,3.2,3.0,,,
2012-04-07,Bolton,Fulham,A,2.6,3.3,2.75,2.62,3.1,2.8,,,
2012-04-07,Chelsea,Wigan,H,1.25,6.0,12.0,1.29,5.0,12.0,,,
2012-04-07,Liverpool,Aston Villa,D,1.44,4.33,7.5,1.44,4.33,7.0,,,
2012-04-07,Norwich,Everton,D,3.0,3.3,2.4,2.9,3.1,2.5,,,
2012-04-07,Stoke,Wolves,H,1.57,4.0,6.0,1.62,4.0,5.0,,,
2012-04-07,Sunderland,Tottenham,D,3.3,3.4,2.2,3.4,3.2,2.2,,,
2012-04-07,West Brom,Blackburn,H,1.91,3.6,4.0,2.0,3.2,4.0,,,
2012-04-08,Arsenal,Man City,H,2.4,3.4,2.88,2.5,3.0,3.0,,,
2012-04-08,Man United,QPR,H,1.17,7.5,15.0,1.2,6.0,15.0,,,
2012-04-09,Tottenham,Norwich,A,1.29,5.5,11.0,1.3,5.5,9.0,,,
2012-04-09,Newcastle,Bolton,H,1.53,4.2,6.0,1.53,4.0,6.0,,,
2012-04-09,Everton,Sunderland,H,1.83,3.5,4.5,1.83,3.3,4.6,,,
2012-04-09,Aston Villa,Stoke,D,2.2,3.3,3.4,2.25,3.1,3.4,,,
2012-04-09,Fulham,Chelsea,D,3.5,3.4,2.1,3.4,3.2,2.2,,,
2012-04-10,Blackburn,Liverpool,A,3.5,3.4,2.1,3.2,3.2,2.0,,,
2012-04-11,Man City,West Brom,H,1.25,5.5,13.0,1.25,5.0,15.0,,,
2012-04-11,QPR,Swansea,H,2.1,3.4,3.5,2.15,3.3,3.4,,,
2012-04-11,Wigan,Man United,H,9.0,4.75,1.36,9.0,4.5,1.36,,,
2012-04-11,Wolves,Arsenal,A,7.0,4.5,1.44,7.0,4.0,1.5,,,
2012-04-14,Norwich,Man City,A,6.0,4.2,1.53,5.5,4.0,1.57,,,
2012-04-14,Sunderland,Wolves,D,1.5,4.2,6.5,1.55,3.75,6.5,,,
2012-04-14,Swansea,Blackburn,H,1.91,3.5,4.0,2.05,3.4,3.5,,,
2012-04-14,West Brom,QPR,H,2.1,3.4,3.5,2.25,3.2,3.3,,,
2012-04-15,Man United,Aston Villa,H,1.22,6.5,13.0,1.25,5.5,12.0,,,
2012-04-16,Arsenal,Wigan,A,1.25,6.0,12.0,1.29,5.0,11.0,,,
2012-04-21,Newcastle,Stoke,H,1.67,3.75,5.5,1.7,3.6,5.0,,,
2012-04-21,Fulham,Wigan,H,1.91,3.6,4.0,1.91,3.5,4.0,,,
2012-04-21,Bolton,Swansea,D,2.2,3.3,3.4,2.25,3.4,3.1,,,
2012-04-21,QPR,Tottenham,H,4.0,3.6,1.91,3.8,3.5,1.95,,,
2012-04-21,Aston Villa,Sunderland,D,2.3,3.3,3.2,2.4,3.2,3.0,,,
2012-04-21,Arsenal,Chelsea,D,2.0,3.6,3.6,2.0,3.5,3.6,,,
2012-04-21,Blackburn,Norwich,H,2.1,3.4,3.5,2.1,3.4,3.4,,,
2012-04-22,Liverpool,West Brom,A,1.44,4.33,7.5,1.44,4.2,7.5,,,
2012-04-22,Man United,Everton,D,1.3,5.0,11.0,1.3,5.0,11.0,,,
2012-04-22,Wolves,Man City,A,12.0,6.5,1.22,12.0,6.0,1.22,,,
2012-04-24,Aston Villa,Bolton,A,1.91,3.5,4.0,1.91,3.4,4.0,,,
2012-04-28,Wigan,Newcastle,H,2.8,3.4,2.5,2.8,3.3,2.5,,,
2012-04-28,West Brom,Aston Villa,D,2.1,3.4,3.5,2.1,3.4,3.4,,,
2012-04-28,Swansea,Wolves,D,1.53,4.0,6.5,1.53,4.0,6.0,,,
2012-04-28,Sunderland,Bolton,D,2.0,3.5,3.75,1.91,3.4,4.0,,,
2012-04-28,Norwich,Liverpool,A,3.8,3.4,2.0,3.6,3.5,2.0,,,
2012-04-28,Everton,Fulham,H,1.83,3.5,4.5,1.8,3.5,4.6,,,
2012-04-28,Stoke,Arsenal,D,4.33,3.6,1.83,4.0,3.5,1.91,,,
2012-04-29,Chelsea,QPR,H,1.4,4.5,8.5,1.33,5.0,8.5,,,
2012-04-29,Tottenham,Blackburn,H,1.36,5.0,8.0,1.4,5.0,6.5,,,
2012-04-30,Man City,Man United,H,2.1,3.5,3.4,2.2,3.3,3.25,,,
2012-05-01,Liverpool,Fulham,A,1.62,4.0,5.5,1.6,4.0,5.5,,,
2012-05-01,Stoke,Everton,D,2.75,3.25,2.6,2.75,3.2,2.6,,,
2012-05-02,Chelsea,Newcastle,A,1.5,4.33,6.5,1.53,4.0,6.0,,,
2012-05-02,Bolton,Tottenham,A,4.0,3.6,1.91,4.0,3.75,1.85,,,
2012-05-05,Arsenal,Norwich,D,1.22,6.5,12.0,1.25,5.0,15.0,,,
2012-05-06,Newcastle,Man City,A,5.0,4.0,1.67,4.5,3.75,1.73,,,
2012-05-06,QPR,Stoke,H,1.83,3.75,4.2,1.91,3.2,4.33,,,
2012-05-06,Man United,Swansea,H,1.17,7.0,17.0,1.2,5.5,19.0,,,
2012-05-06,Wolves,Everton,D,5.0,3.75,1.7,5.0,3.5,1.73,,,
2012-05-06,Bolton,West Brom,D,2.0,3.5,3.75,2.1,3.1,3.75,,,
2012-05-06,Aston Villa,Tottenham,D,4.2,3.75,1.83,4.33,3.2,1.91,,,
2012-05-06,Fulham,Sunderland,H,1.83,3.6,4.33,1.91,3.2,4.33,,,
2012-05-07,Blackburn,Wigan,A,2.4,3.5,2.88,2.5,3.1,2.9,,,
2012-05-08,Liverpool,Chelsea,H,2.1,3.5,3.4,2.15,3.2,3.5,,,
2012-05-13,Chelsea,Blackburn,H,1.3,5.5,10.0,1.3,5.0,11.0,,,
2012-05-13,West Brom,Arsenal,A,5.0,4.0,1.67,5.0,3.6,1.7,,,
2012-05-13,Tottenham,Fulham,H,1.4,4.5,8.5,1.4,4.2,9.0,,,
2012-05-13,Swansea,Liverpool,H,3.4,3.5,2.1,3.4,3.3,2.15,,,
2012-05-13,Sunderland,Man United,A,7.0,4.5,1.44,7.0,4.33,1.44,,,
2012-05-13,Wigan,Wolves,H,1.57,4.0,6.0,1.62,3.6,6.0,,,
2012-05-13,Norwich,Aston Villa,H,2.2,3.4,3.25,2.25,3.2,3.3,,,
2012-05-13,Man City,QPR,H,1.13,9.0,19.0,1.14,7.0,21.0,,,
2012-05-13,Everton,Newcastle,H,2.2,3.5,3.2,2.2,3.3,3.3,,,
2012-05-13,Stoke,Bolton,D,2.38,3.5,2.88,2.4,3.3,2.9,,,
2012-08-18,Arsenal,Sunderland,D,1.4,4.5,8.5,1.44,4.0,8.0,1.44,4.76,8.78
2012-08-18,Fulham,Norwich,H,1.8,3.6,4.5,1.85,3.3,4.5,1.82,3.81,4.8
2012-08-18,Newcastle,Tottenham,H,2.5,3.4,2.75,2.7,3.0,2.8,2.65,3.47,2.82
2012-08-18,QPR,Swansea,A,2.0,3.4,3.8,2.0,3.3,3.8,2.05,3.53,4.01
2012-08-18,Reading,Stoke,D,2.38,3.25,3.1,2.4,3.3,2.9,2.4,3.37,3.26
2012-08-18,West Brom,Liverpool,H,4.2,3.5,1.91,3.8,3.3,2.0,4.39,3.59,1.94
2012-08-18,West Ham,Aston Villa,H,2.2,3.3,3.4,2.3,3.2,3.2,2.26,3.49,3.43
2012-08-19,Wigan,Chelsea,A,6.0,3.75,1.62,5.5,3.6,1.67,6.05,4.02,1.65
2012-08-19,Man City,Southampton,H,1.17,7.0,17.0,1.2,6.0,15.0,1.2,7.5,19.75
2012-08-20,Everton,Man United,H,4.33,3.6,1.83,4.33,3.3,1.91,4.27,3.77,1.92
2012-08-22,Chelsea,Reading,H,1.25,5.5,13.0,1.29,5.5,10.0,1.27,6.15,13.8
2012-08-25,Aston Villa,Everton,A,2.9,3.4,2.4,2.88,3.2,2.5,3.14,3.36,2.47
2012-08-25,Chelsea,Newcastle,H,1.5,4.33,6.5,1.5,4.2,6.5,1.51,4.5,7.27
2012-08-25,Man United,Fulham,H,1.29,5.5,11.0,1.35,4.8,9.0,1.32,5.6,11.85
2012-08-25,Norwich,QPR,D,2.25,3.4,3.2,2.38,3.4,2.9,2.34,3.5,3.25
2012-08-25,Southampton,Wigan,A,2.1,3.4,3.5,2.15,3.5,3.25,2.2,3.51,3.56
2012-08-25,Swansea,West Ham,H,2.1,3.3,3.6,2.1,3.4,3.5,2.13,3.43,3.85
2012-08-25,Tottenham,West Brom,D,1.5,4.33,6.5,1.55,4.0,6.0,1.51,4.52,7.35
2012-08-26,Liverpool,Man City,D,3.1,3.4,2.3,2.9,3.4,2.38,3.14,3.46,2.42
2012-08-26,Stoke,Arsenal,D,3.5,3.4,2.1,3.3,3.3,2.2,3.57,3.46,2.21
2012-09-01,Wigan,Stoke,D,2.25,3.25,3.3,2.25,3.2,3.3,2.26,3.35,3.57
2012-09-01,West Ham,Fulham,H,2.5,3.25,2.88,2.4,3.4,2.88,2.53,3.48,2.96
2012-09-01,West Brom,Everton,H,3.0,3.3,2.38,2.9,3.4,2.38,3.06,3.38,2.52
2012-09-01,Swansea,Sunderland,D,2.2,3.3,3.4,2.15,3.25,3.5,2.17,3.47,3.67
2012-09-01,Man City,QPR,H,1.18,7.0,15.0,1.2,7.0,11.0,1.22,7.65,15.0
2012-09-01,Tottenham,Norwich,D,1.36,5.0,8.5,1.4,5.0,7.0,1.38,5.35,9.0
2012-09-02,Liverpool,Arsenal,A,2.0,3.5,3.75,2.05,3.4,3.6,2.1,3.54,3.82
2012-09-02,Newcastle,Aston Villa,D,1.62,3.75,6.0,1.67,3.8,5.0,1.63,4.08,6.21
2012-09-02,Southampton,Man United,A,6.0,4.2,1.53,5.0,4.2,1.6,6.25,4.48,1.57
2012-09-15,QPR,Chelsea,D,4.5,3.5,1.83,4.5,3.1,1.91,4.5,3.69,1.89
2012-09-15,Sunderland,Liverpool,D,3.4,3.3,2.2,3.2,3.1,2.3,3.52,3.52,2.21
2012-09-15,Norwich,West Ham,D,2.38,3.4,3.0,2.5,3.1,2.9,2.4,3.49,3.17
2012-09-15,Stoke,Man City,D,5.0,3.6,1.73,5.5,3.2,1.75,5.3,3.78,1.76
2012-09-15,Fulham,West Brom,H,2.1,3.4,3.5,2.15,3.1,3.6,2.13,3.4,3.9
2012-09-15,Aston Villa,Swansea,H,2.38,3.25,3.1,2.4,3.1,3.1,2.44,3.32,3.23
2012-09-15,Man United,Wigan,H,1.25,6.0,12.0,1.29,5.0,12.0,1.28,6.22,12.9
2012-09-15,Arsenal,Southampton,H,1.36,5.0,8.5,1.4,4.0,10.0,1.39,5.26,9.09
2012-09-16,Reading,Tottenham,A,3.75,3.5,2.0,3.75,3.1,2.1,3.75,3.66,2.08
2012-09-17,Everton,Newcastle,D,1.73,3.6,5.0,1.8,3.2,5.0,1.77,3.74,5.33
2012-09-22,West Ham,Sunderland,D,2.1,3.3,3.6,2.25,3.1,3.4,2.19,3.39,3.72
2012-09-22,West Brom,Reading,H,1.73,3.75,4.75,1.85,3.3,4.5,1.83,3.84,4.7
2012-09-22,Wigan,Fulham,A,2.4,3.3,3.0,2.5,3.0,3.0,2.37,3.44,3.24
2012-09-22,Southampton,Aston Villa,H,2.4,3.3,3.0,2.5,3.0,3.0,2.45,3.38,3.16
2012-09-22,Chelsea,Stoke,H,1.36,4.75,9.0,1.4,4.0,10.0,1.4,5.09,9.15
2012-09-22,Swansea,Everton,A,3.0,3.3,2.4,3.0,3.1,2.45,3.23,3.34,2.43
2012-09-23,Liverpool,Man United,A,2.7,3.3,2.63,2.8,2.88,2.8,2.74,3.37,2.79
2012-09-23,Man City,Arsenal,D,1.75,3.6,4.75,1.8,3.5,4.5,1.74,4.02,5.04
2012-09-23,Newcastle,Norwich,H,1.8,3.6,4.5,1.85,3.3,4.5,1.85,3.75,4.6
2012-09-23,Tottenham,QPR,H,1.44,4.33,7.5,1.53,4.0,6.0,1.52,4.51,7.15
2012-09-29,Stoke,Swansea,H,1.91,3.4,4.2,1.95,3.1,4.33,1.93,3.5,4.65
2012-09-29,Arsenal,Chelsea,A,2.1,3.4,3.5,2.25,3.1,3.4,2.21,3.46,3.59
2012-09-29,Everton,Southampton,H,1.4,4.75,8.0,1.44,4.2,7.5,1.43,5.01,8.34
2012-09-29,Fulham,Man City,A,4.33,3.6,1.83,4.5,3.1,1.91,4.62,3.75,1.86
2012-09-29,Man United,Tottenham,A,1.57,4.0,6.0,1.62,3.6,6.0,1.61,4.34,5.88
2012-09-29,Norwich,Liverpool,A,4.75,3.75,1.73,4.8,3.2,1.83,4.9,3.87,1.79
2012-09-29,Reading,Newcastle,D,2.88,3.3,2.5,3.0,3.0,2.5,3.01,3.41,2.53
2012-09-29,Sunderland,Wigan,H,2.0,3.4,3.8,2.1,3.1,3.75,2.05,3.48,4.08
2012-09-30,Aston Villa,West Brom,D,2.4,3.3,3.0,2.5,3.0,3.0,2.4,3.38,3.25
2012-10-01,QPR,West Ham,A,2.05,3.4,3.75,2.15,3.1,3.6,2.17,3.45,3.71
2012-10-06,Chelsea,Norwich,H,1.22,6.5,12.0,1.25,5.0,15.0,1.23,7.11,15.01
2012-10-06,Man City,Sunderland,H,1.29,5.5,11.0,1.3,5.0,11.0,1.29,5.99,12.98
2012-10-06,Swansea,Reading,D,1.91,3.6,4.0,2.05,3.1,4.0,1.98,3.67,4.12
2012-10-06,West Brom,QPR,H,1.83,3.75,4.2,1.91,3.2,4.33,1.85,3.81,4.55
2012-10-06,West Ham,Arsenal,A,4.0,3.6,1.91,4.0,3.2,2.0,3.98,3.68,2.01
2012-10-06,Wigan,Everton,D,4.2,3.4,1.91,4.0,3.1,2.05,4.21,3.63,1.97
2012-10-07,Liverpool,Stoke,D,1.44,4.33,7.5,1.53,3.75,7.0,1.48,4.47,8.16
2012-10-07,Newcastle,Man United,A,4.2,3.75,1.83,4.33,3.1,1.95,4.1,3.89,1.93
2012-10-07,Southampton,Fulham,D,2.75,3.3,2.6,2.7,3.1,2.7,2.74,3.44,2.74
2012-10-07,Tottenham,Aston Villa,H,1.44,4.33,7.5,1.5,3.6,8.0,1.46,4.77,8.07
2012-10-20,West Ham,Southampton,H,1.83,3.75,4.2,1.91,3.4,4.0,1.84,3.81,4.66
2012-10-20,West Brom,Man City,A,5.0,3.75,1.7,5.0,3.4,1.75,5.45,4.05,1.69
2012-10-20,Tottenham,Chelsea,A,2.5,3.4,2.75,2.7,3.0,2.8,2.58,3.46,2.91
2012-10-20,Swansea,Wigan,H,2.1,3.4,3.5,2.15,3.2,3.5,2.11,3.56,3.76
2012-10-20,Fulham,Aston Villa,H,1.8,3.6,4.5,1.85,3.3,4.5,1.86,3.84,4.49
2012-10-20,Man United,Stoke,H,1.29,5.5,11.0,1.33,4.5,11.0,1.31,5.79,12.1
2012-10-20,Liverpool,Reading,H,1.33,5.0,10.0,1.4,4.2,9.0,1.35,5.48,10.18
2012-10-20,Norwich,Arsenal,H,6.0,4.2,1.53,6.0,3.8,1.57,6.2,4.5,1.57
2012-10-21,QPR,Everton,D,3.25,3.4,2.2,3.2,3.2,2.3,3.42,3.57,2.23
2012-10-21,Sunderland,Newcastle,D,2.5,3.3,2.88,2.62,3.0,2.9,2.56,3.37,2.99
2012-10-27,Stoke,Sunderland,D,1.95,3.3,4.2,1.91,3.3,3.9,1.97,3.4,4.58
2012-10-27,Wigan,West Ham,H,2.25,3.4,3.2,2.25,3.2,3.1,2.25,3.59,3.37
2012-10-27,Reading,Fulham,D,2.75,3.4,2.5,2.7,3.2,2.5,2.89,3.57,2.54
2012-10-27,Aston Villa,Norwich,D,2.0,3.5,3.75,1.91,3.2,4.0,2.01,3.51,4.2
2012-10-27,Man City,Swansea,H,1.22,6.0,15.0,1.22,6.0,10.0,1.25,6.67,14.1
2012-10-27,Arsenal,QPR,H,1.36,5.0,8.5,1.33,4.5,9.0,1.4,5.18,9.0
2012-10-28,Chelsea,Man United,A,2.4,3.4,2.9,2.3,3.3,2.9,2.43,3.49,3.1
2012-10-28,Everton,Liverpool,D,2.6,3.3,2.75,2.6,3.2,2.6,2.69,3.37,2.84
2012-10-28,Newcastle,West Brom,H,2.0,3.5,3.75,2.0,3.3,3.6,2.01,3.73,3.93
2012-10-28,Southampton,Tottenham,A,4.2,3.75,1.83,4.0,3.4,1.83,4.35,4.03,1.85
2012-11-03,West Ham,Man City,D,5.0,3.8,1.7,4.8,3.8,1.7,5.18,3.98,1.74
2012-11-03,Tottenham,Wigan,A,1.5,4.33,6.5,1.44,4.33,7.0,1.5,4.56,7.45
2012-11-03,Swansea,Chelsea,D,4.5,3.6,1.8,4.2,3.75,1.8,4.63,3.8,1.85
2012-11-03,Sunderland,Aston Villa,A,2.1,3.3,3.6,2.0,3.25,4.0,2.16,3.41,3.79
2012-11-03,Norwich,Stoke,H,2.6,3.3,2.75,2.6,3.2,2.75,2.67,3.36,2.87
2012-11-03,Man United,Arsenal,H,1.7,3.8,5.0,1.67,4.0,4.8,1.74,4.06,5.07
2012-11-03,Fulham,Everton,D,2.75,3.4,2.5,2.62,3.4,2.6,2.82,3.5,2.63
2012-11-04,Liverpool,Newcastle,D,1.57,4.0,6.0,1.55,4.0,6.0,1.54,4.39,6.89
2012-11-04,QPR,Reading,D,1.8,3.6,4.5,1.83,3.6,4.2,1.83,3.86,4.68
2012-11-05,West Brom,Southampton,H,1.73,3.75,4.75,1.75,3.4,5.0,1.76,4.07,4.82
2012-11-10,Wigan,West Brom,A,2.3,3.4,3.1,2.4,3.1,3.1,2.38,3.46,3.22
2012-11-10,Southampton,Swansea,D,2.38,3.5,2.88,2.5,3.2,2.88,2.4,3.64,3.04
2012-11-10,Reading,Norwich,D,2.25,3.4,3.2,2.3,3.1,3.3,2.27,3.59,3.32
2012-11-10,Stoke,QPR,H,1.91,3.4,4.2,2.0,3.2,4.0,1.95,3.55,4.42
2012-11-10,Aston Villa,Man United,A,7.0,4.5,1.44,7.0,4.0,1.5,7.1,4.69,1.5
2012-11-10,Arsenal,Fulham,D,1.53,4.2,6.0,1.57,3.5,7.0,1.56,4.4,6.48
2012-11-10,Everton,Sunderland,H,1.44,4.2,8.0,1.5,3.75,7.5,1.48,4.46,8.21
2012-11-11,Chelsea,Liverpool,D,1.95,3.5,4.0,2.0,3.2,4.0,2.01,3.77,3.88
2012-11-11,Man City,Tottenham,H,1.57,4.0,6.0,1.62,3.75,5.5,1.59,4.4,6.12
2012-11-11,Newcastle,West Ham,A,1.95,3.6,3.8,2.05,3.1,4.0,2.04,3.66,3.89
2012-11-17,West Brom,Chelsea,H,3.75,3.5,2.0,4.0,3.3,1.95,3.89,3.71,2.02
2012-11-17,Reading,Everton,H,4.33,3.6,1.83,4.5,3.4,1.83,4.53,3.99,1.82
2012-11-17,Norwich,Man United,H,7.0,4.5,1.44,8.0,4.5,1.4,7.25,4.99,1.47
2012-11-17,QPR,Southampton,A,1.91,3.6,4.0,1.95,3.4,4.0,1.98,3.71,4.04
2012-11-17,Man City,Aston Villa,H,1.2,6.5,15.0,1.22,6.0,13.0,1.22,7.49,15.51
2012-11-17,Liverpool,Wigan,H,1.44,4.33,7.5,1.44,4.33,7.5,1.49,4.7,7.49
2012-11-17,Arsenal,Tottenham,H,1.91,3.75,3.8,1.95,3.4,4.0,1.93,3.83,4.18
2012-11-17,Newcastle,Swansea,A,1.91,3.6,4.0,1.95,3.4,4.0,1.98,3.68,4.08
2012-11-18,Fulham,Sunderland,A,1.67,3.75,5.25,1.73,3.6,5.0,1.74,3.94,5.2
2012-11-19,West Ham,Stoke,D,2.0,3.4,3.8,2.05,3.25,3.8,2.09,3.34,4.12
2012-11-24,Aston Villa,Arsenal,D,4.75,3.75,1.73,5.0,3.4,1.75,5.06,4.11,1.72
2012-11-24,Everton,Norwich,D,1.44,4.33,7.5,1.53,4.0,6.0,1.51,4.67,7.05
2012-11-24,Man United,QPR,H,1.17,7.5,15.0,1.2,6.0,17.0,1.18,8.2,19.05
2012-11-24,Stoke,Fulham,H,2.2,3.3,3.4,2.25,3.1,3.4,2.21,3.48,3.57
2012-11-24,Sunderland,West Brom,A,2.5,3.3,2.88,2.5,3.2,2.8,2.48,3.36,3.13
2012-11-24,Wigan,Reading,H,1.83,3.6,4.33,1.95,3.3,4.0,1.88,3.73,4.51
2012-11-25,Tottenham,West Ham,H,1.67,3.75,5.5,1.7,3.4,5.5,1.67,4.1,5.62
2012-11-25,Swansea,Liverpool,D,3.4,3.5,2.1,3.4,3.3,2.15,3.57,3.74,2.12
2012-11-25,Chelsea,Man City,D,2.5,3.5,2.7,2.62,3.1,2.8,2.59,3.62,2.8
2012-11-25,Southampton,Newcastle,H,2.3,3.5,3.0,2.3,3.3,3.1,2.32,3.61,3.2
2012-11-27,Aston Villa,Reading,H,1.95,3.4,4.0,2.0,3.2,4.0,1.98,3.67,4.13
2012-11-27,Sunderland,QPR,D,2.25,3.25,3.3,2.25,3.2,3.2,2.21,3.43,3.63
2012-11-28,Tottenham,Liverpool,H,2.4,3.4,2.88,2.4,3.3,2.9,2.46,3.5,3.04
2012-11-28,Chelsea,Fulham,D,1.44,4.5,7.0,1.5,4.0,7.0,1.47,4.8,7.61
2012-11-28,Everton,Arsenal,D,2.5,3.4,2.75,2.5,3.2,2.8,2.46,3.52,3.04
2012-11-28,Man United,West Ham,H,1.22,6.5,12.0,1.25,5.5,12.0,1.26,6.68,13.36
2012-11-28,Southampton,Norwich,D,2.0,3.4,3.8,2.1,3.25,3.5,2.09,3.74,3.66
2012-11-28,Stoke,Newcastle,H,1.91,3.4,4.2,2.0,3.2,4.0,1.98,3.5,4.36
2012-11-28,Swansea,West Brom,H,2.3,3.4,3.1,2.3,3.25,3.1,2.3,3.58,3.26
2012-11-28,Wigan,Man City,A,6.0,4.2,1.53,6.0,4.0,1.53,6.45,4.52,1.55
2012-12-01,West Brom,Stoke,A,2.1,3.25,3.75,2.1,3.3,3.5,2.16,3.44,3.74
2012-12-01,Reading,Man United,A,7.5,4.75,1.4,8.0,4.0,1.44,7.75,4.83,1.46
2012-12-01,QPR,Aston Villa,D,1.95,3.5,4.0,2.05,3.25,3.75,1.99,3.63,4.14
2012-12-01,West Ham,Chelsea,H,4.0,3.5,1.91,3.8,3.3,2.0,4.21,3.54,2.0
2012-12-01,Liverpool,Southampton,H,1.4,4.5,8.5,1.44,4.0,8.0,1.43,4.99,8.48
2012-12-01,Fulham,Tottenham,A,2.88,3.3,2.5,3.0,3.0,2.5,2.96,3.57,2.49
2012-12-01,Arsenal,Swansea,A,1.44,4.5,7.0,1.5,4.0,7.0,1.49,4.68,7.44
2012-12-01,Man City,Everton,D,1.5,4.0,7.0,1.57,3.8,6.0,1.54,4.43,6.94
2012-12-02,Norwich,Sunderland,H,2.1,3.3,3.6,2.05,3.2,3.8,2.1,3.43,3.97
2012-12-03,Newcastle,Wigan,H,2.0,3.4,3.75,2.05,3.2,3.75,2.02,3.58,4.07
2012-12-08,Arsenal,West Brom,H,1.5,4.33,6.5,1.57,3.8,6.0,1.53,4.48,6.94
2012-12-08,Aston Villa,Stoke,D,2.4,3.2,3.1,2.5,3.2,2.8,2.46,3.26,3.26
2012-12-08,Southampton,Reading,H,1.91,3.6,4.0,1.95,3.3,4.0,1.94,3.78,4.14
2012-12-08,Sunderland,Chelsea,A,4.75,3.5,1.8,4.8,3.4,1.8,5.05,3.78,1.79
2012-12-08,Swansea,Norwich,A,1.8,3.6,4.5,1.85,3.3,4.5,1.82,3.74,4.92
2012-12-08,Wigan,QPR,D,2.3,3.4,3.1,2.45,3.1,3.0,2.38,3.53,3.15
2012-12-09,Man City,Man United,A,2.2,3.5,3.2,2.3,3.0,3.4,2.24,3.61,3.37
2012-12-09,West Ham,Liverpool,A,3.0,3.3,2.38,3.0,3.0,2.5,3.23,3.32,2.44
2012-12-09,Everton,Tottenham,H,2.0,3.5,3.75,1.95,3.5,3.6,2.01,3.64,4.04
2012-12-10,Fulham,Newcastle,H,1.91,3.6,4.0,1.95,3.5,3.8,1.98,3.65,4.14
2012-12-11,Sunderland,Reading,H,2.0,3.5,3.75,2.0,3.2,4.0,2.01,3.62,4.03
2012-12-15,QPR,Fulham,H,2.4,3.4,2.88,2.45,3.4,2.8,2.43,3.55,3.06
2012-12-15,Liverpool,Aston Villa,A,1.36,4.75,9.0,1.33,4.75,8.5,1.38,5.13,9.75
2012-12-15,Man United,Sunderland,H,1.2,6.5,15.0,1.2,6.0,12.0,1.22,7.5,15.3
2012-12-15,Newcastle,Man City,A,5.5,3.75,1.67,5.5,3.6,1.62,5.36,4.02,1.71
2012-12-15,Norwich,Wigan,H,2.2,3.4,3.25,2.1,3.4,3.25,2.22,3.55,3.48
2012-12-15,Stoke,Everton,D,3.1,3.2,2.4,2.9,3.2,2.38,3.18,3.29,2.49
2012-12-16,West Brom,West Ham,D,2.0,3.5,3.75,2.0,3.5,3.6,2.03,3.65,3.94
2012-12-16,Tottenham,Swansea,H,1.62,4.0,5.5,1.62,3.8,5.0,1.65,4.16,5.76
2012-12-17,Reading,Arsenal,A,5.5,4.0,1.62,4.6,3.8,1.67,5.5,4.14,1.68
2012-12-22,West Brom,Norwich,H,1.91,3.6,4.0,2.0,3.3,3.8,1.98,3.57,4.25
2012-12-22,West Ham,Everton,A,2.88,3.25,2.5,2.9,3.3,2.4,3.14,3.25,2.54
2012-12-22,Tottenham,Stoke,D,1.62,3.75,6.0,1.62,3.4,6.5,1.62,3.95,6.73
2012-12-22,Wigan,Arsenal,A,4.75,3.75,1.73,5.0,3.4,1.75,4.78,4.12,1.76
2012-12-22,Newcastle,QPR,H,2.1,3.4,3.5,2.15,3.1,3.6,2.08,3.52,3.91
2012-12-22,Man City,Reading,H,1.14,8.0,19.0,1.17,6.5,21.0,1.15,9.64,20.56
2012-12-22,Liverpool,Fulham,H,1.53,4.0,6.5,1.57,3.5,7.0,1.53,4.36,7.38
2012-12-22,Southampton,Sunderland,A,2.0,3.5,3.75,2.1,3.2,3.6,2.09,3.55,3.84
2012-12-23,Chelsea,Aston Villa,H,1.33,5.5,8.5,1.36,4.5,9.0,1.35,5.52,10.36
2012-12-23,Swansea,Man United,D,5.0,4.0,1.67,5.0,3.6,1.7,5.34,4.06,1.7
2012-12-26,Sunderland,Man City,H,6.5,4.0,1.53,7.5,3.4,1.57,7.26,4.33,1.53
2012-12-26,Stoke,Liverpool,H,3.4,3.2,2.25,3.4,3.1,2.25,3.62,3.24,2.3
2012-12-26,Reading,Swansea,D,2.9,3.4,2.38,3.0,3.0,2.5,2.99,3.55,2.48
2012-12-26,Norwich,Chelsea,A,6.0,3.75,1.62,6.0,3.6,1.62,6.05,4.1,1.63
2012-12-26,QPR,West Brom,A,2.2,3.4,3.25,2.25,3.1,3.4,2.23,3.48,3.51
2012-12-26,Fulham,Southampton,D,1.85,3.6,4.2,1.85,3.3,4.5,1.93,3.7,4.34
2012-12-26,Everton,Wigan,H,1.44,4.5,7.0,1.5,4.2,6.5,1.47,4.59,8.22
2012-12-26,Aston Villa,Tottenham,A,3.75,3.5,2.0,3.75,3.2,2.05,3.88,3.63,2.05
2012-12-26,Man United,Newcastle,H,1.22,6.5,13.0,1.25,5.5,13.0,1.26,6.8,13.15
2012-12-29,Stoke,Southampton,D,1.8,3.5,4.75,1.85,3.1,5.0,1.85,3.64,4.9
2012-12-29,Arsenal,Newcastle,H,1.44,4.5,7.0,1.44,4.0,8.0,1.43,4.94,8.6
2012-12-29,Aston Villa,Wigan,A,2.4,3.25,3.0,2.4,3.1,3.1,2.49,3.3,3.17
2012-12-29,Fulham,Swansea,A,2.1,3.4,3.5,2.15,3.2,3.5,2.13,3.6,3.66
2012-12-29,Man United,West Brom,H,1.3,5.5,10.0,1.33,4.8,10.0,1.32,5.83,10.97
2012-12-29,Norwich,Man City,A,6.0,4.0,1.57,6.0,3.6,1.6,6.52,4.35,1.57
2012-12-29,Reading,West Ham,H,2.88,3.25,2.5,2.7,3.2,2.62,2.95,3.35,2.61
2012-12-29,Sunderland,Tottenham,A,3.5,3.4,2.1,3.6,3.1,2.15,3.85,3.55,2.09
2012-12-30,QPR,Liverpool,A,4.0,3.5,1.91,4.0,3.2,2.0,4.1,3.72,1.97
2012-12-30,Everton,Chelsea,A,2.88,3.3,2.5,2.8,3.1,2.6,3.0,3.39,2.55
2013-01-01,Man City,Stoke,H,1.29,5.5,11.0,1.33,4.33,12.0,1.31,5.77,12.1
2013-01-01,Southampton,Arsenal,D,5.0,3.75,1.7,5.0,3.6,1.7,5.24,4.05,1.71
2013-01-01,Swansea,Aston Villa,D,1.57,4.0,6.0,1.6,3.6,6.0,1.62,4.16,6.2
2013-01-01,Tottenham,Reading,H,1.33,5.0,10.0,1.36,4.33,10.0,1.35,5.4,10.87
2013-01-01,West Brom,Fulham,A,2.0,3.5,3.75,2.0,3.3,3.75,2.02,3.63,4.01
2013-01-01,West Ham,Norwich,H,2.1,3.4,3.5,2.15,3.1,3.6,2.1,3.49,3.89
2013-01-01,Wigan,Man United,A,6.0,4.2,1.53,6.0,3.75,1.57,6.13,4.3,1.6
2013-01-02,Newcastle,Everton,A,3.0,3.4,2.38,3.0,3.2,2.4,3.31,3.5,2.31
2013-01-02,Chelsea,QPR,A,1.2,6.5,15.0,1.22,5.5,15.0,1.22,7.2,17.1
2013-01-02,Liverpool,Sunderland,H,1.4,4.5,8.5,1.4,4.0,9.5,1.38,5.05,10.25
2013-01-12,Sunderland,West Ham,H,2.38,3.3,3.3,2.4,3.1,3.1,2.41,3.36,3.25
2013-01-12,Stoke,Chelsea,A,4.33,3.5,1.95,4.33,3.0,2.0,4.29,3.45,2.01
2013-01-12,Reading,West Brom,H,3.0,3.4,2.5,3.0,3.0,2.5,2.99,3.46,2.52
2013-01-12,QPR,Tottenham,D,4.5,3.8,1.85,4.5,3.2,1.91,4.4,3.91,1.86
2013-01-12,Everton,Swansea,D,1.57,4.2,6.5,1.62,3.6,6.0,1.57,4.38,6.5
2013-01-12,Fulham,Wigan,D,2.05,3.5,4.0,2.05,3.2,3.8,2.05,3.56,3.97
2013-01-12,Aston Villa,Southampton,A,2.55,3.5,2.9,2.62,3.1,2.8,2.49,3.46,3.03
2013-01-12,Norwich,Newcastle,D,2.2,3.6,3.4,2.25,3.25,3.25,2.22,3.59,3.43
2013-01-13,Man United,Liverpool,H,1.91,3.8,4.2,1.95,3.3,4.0,1.95,3.71,4.2
2013-01-13,Arsenal,Man City,A,2.63,3.5,2.8,2.7,3.0,2.8,2.63,3.48,2.83
2013-01-16,Chelsea,Southampton,D,1.25,6.5,15.0,1.25,5.5,12.0,1.25,6.76,14.45
2013-01-19,West Ham,QPR,D,2.1,3.5,3.75,2.1,3.1,3.8,2.05,3.62,3.9
2013-01-19,Wigan,Sunderland,A,2.15,3.4,3.8,2.15,3.1,3.6,2.13,3.52,3.74
2013-01-19,West Brom,Aston Villa,D,1.75,4.0,5.0,1.75,3.4,5.0,1.79,3.78,5.05
2013-01-19,Liverpool,Norwich,H,1.33,5.5,10.5,1.36,4.5,9.0,1.33,5.75,10.52
2013-01-19,Newcastle,Reading,A,1.75,4.0,5.0,1.73,3.5,5.0,1.75,3.96,5.08
2013-01-19,Swansea,Stoke,H,2.2,3.4,3.6,2.25,3.2,3.3,2.17,3.42,3.74
2013-01-19,Man City,Fulham,H,1.25,6.5,14.0,1.29,5.0,11.0,1.25,6.66,13.84
2013-01-20,Chelsea,Arsenal,H,1.91,3.6,4.0,1.95,3.3,4.0,2.0,3.65,4.06
2013-01-20,Tottenham,Man United,D,2.9,3.6,2.5,3.0,3.0,2.5,2.86,3.65,2.52
2013-01-21,Southampton,Everton,D,3.6,3.5,2.05,4.0,3.2,2.0,3.93,3.6,2.05
2013-01-23,Arsenal,West Ham,H,1.44,4.75,8.0,1.44,4.2,7.5,1.48,4.63,7.81
2013-01-29,Sunderland,Swansea,D,2.5,3.4,3.0,2.5,3.0,3.0,2.52,3.31,3.11
2013-01-29,Stoke,Wigan,D,2.2,3.3,3.75,2.2,3.1,3.6,2.18,3.32,3.84
2013-01-29,Aston Villa,Newcastle,A,2.9,3.4,2.6,2.75,3.0,2.7,2.86,3.43,2.64
2013-01-29,QPR,Man City,D,7.5,4.5,1.5,7.0,4.0,1.5,7.48,4.78,1.48
2013-01-30,Arsenal,Liverpool,D,2.4,3.5,3.1,2.4,3.1,3.1,2.37,3.56,3.14
2013-01-30,Everton,West Brom,H,1.6,4.1,6.5,1.6,4.2,5.0,1.56,4.3,6.73
2013-01-30,Fulham,West Ham,H,2.2,3.5,3.5,2.2,3.2,3.4,2.2,3.54,3.51
2013-01-30,Man United,Southampton,H,1.25,6.5,14.0,1.25,6.0,11.0,1.25,7.02,13.41
2013-01-30,Norwich,Tottenham,D,4.75,3.75,1.83,4.5,3.3,1.85,4.65,3.79,1.85
2013-01-30,Reading,Chelsea,D,7.5,4.5,1.5,7.0,4.0,1.5,7.52,4.72,1.48
2013-02-02,Reading,Sunderland,H,2.5,3.4,3.0,2.38,3.0,2.9,2.52,3.39,3.04
2013-02-02,West Ham,Swansea,H,2.4,3.4,3.2,2.45,3.1,3.0,2.34,3.42,3.33
2013-02-02,Wigan,Southampton,D,2.2,3.5,3.5,2.25,3.1,3.4,2.24,3.53,3.44
2013-02-02,QPR,Norwich,D,1.95,3.6,4.33,2.0,3.2,4.0,1.95,3.59,4.35
2013-02-02,Fulham,Man United,A,5.5,4.2,1.65,5.5,3.6,1.67,5.73,4.24,1.64
2013-02-02,Everton,Aston Villa,D,1.4,5.0,9.0,1.4,4.2,9.0,1.37,5.13,10.25
2013-02-02,Arsenal,Stoke,H,1.44,4.5,9.0,1.44,3.8,9.0,1.43,4.68,9.15
2013-02-02,Newcastle,Chelsea,H,4.0,3.6,2.0,4.0,3.2,2.0,4.0,3.6,2.03
2013-02-03,Man City,Liverpool,D,1.83,3.9,4.5,1.85,3.5,4.2,1.82,3.89,4.69
2013-02-03,West Brom,Tottenham,A,3.6,3.4,2.2,3.3,3.3,2.2,3.56,3.48,2.21
2013-02-09,Tottenham,Newcastle,H,1.67,4.0,5.75,1.7,3.4,5.5,1.66,4.09,5.78
2013-02-09,Sunderland,Arsenal,A,4.5,3.6,1.91,4.2,3.3,1.91,4.59,3.72,1.88
2013-02-09,Stoke,Reading,H,1.91,3.5,4.6,1.95,3.1,4.5,1.92,3.58,4.55
2013-02-09,Swansea,QPR,H,1.83,3.75,4.75,1.91,3.3,4.2,1.83,3.66,4.96
2013-02-09,Norwich,Fulham,D,2.3,3.4,3.4,2.3,3.2,3.2,2.26,3.47,3.46
2013-02-09,Chelsea,Wigan,H,1.36,5.5,9.5,1.36,4.5,9.0,1.36,5.47,9.9
2013-02-09,Southampton,Man City,H,5.75,4.0,1.67,5.5,3.6,1.67,5.65,4.14,1.66
2013-02-10,Aston Villa,West Ham,H,2.63,3.4,2.88,2.7,3.0,2.8,2.67,3.43,2.82
2013-02-10,Man United,Everton,H,1.75,3.9,5.0,1.8,3.25,5.0,1.78,3.96,4.84
2013-02-11,Liverpool,West Brom,A,1.4,5.0,9.0,1.4,4.5,8.0,1.37,5.26,9.9
2013-02-17,Liverpool,Swansea,H,1.57,4.4,6.0,1.57,4.0,5.5,1.56,4.47,6.5
2013-02-23,Reading,Wigan,A,2.63,3.4,2.88,2.62,3.1,2.8,2.65,3.47,2.81
2013-02-23,Arsenal,Aston Villa,H,1.33,5.5,11.0,1.33,4.5,11.0,1.31,5.73,11.84
2013-02-23,Fulham,Stoke,H,2.2,3.3,3.75,2.25,3.0,3.5,2.18,3.38,3.75
2013-02-23,Norwich,Everton,H,3.8,3.5,2.1,3.6,3.1,2.15,3.78,3.47,2.14
2013-02-23,QPR,Man United,A,7.0,4.33,1.53,7.0,3.5,1.57,6.66,4.28,1.57
2013-02-23,West Brom,Sunderland,H,2.05,3.5,4.0,2.05,3.2,3.75,2.01,3.55,4.15
2013-02-24,Newcastle,Southampton,H,2.2,3.5,3.2,2.2,3.1,3.5,2.18,3.59,3.54
2013-02-24,Man City,Chelsea,H,1.95,3.6,4.33,1.95,3.1,4.33,1.93,3.75,4.27
2013-02-25,West Ham,Tottenham,A,3.6,3.5,2.15,3.5,3.1,2.2,3.65,3.45,2.19
2013-03-02,Swansea,Newcastle,H,2.1,3.6,3.75,2.1,3.5,3.3,2.09,3.58,3.82
2013-03-02,Sunderland,Fulham,D,2.4,3.3,3.3,2.4,3.1,3.1,2.35,3.31,3.42
2013-03-02,Stoke,West Ham,A,2.15,3.25,4.0,2.1,3.3,3.5,2.14,3.31,3.98
2013-03-02,Wigan,Liverpool,A,4.5,3.75,1.85,4.5,3.4,1.83,4.48,3.78,1.88
2013-03-02,Man United,Norwich,H,1.33,5.5,11.0,1.36,4.33,10.0,1.38,5.25,9.44
2013-03-02,Everton,Reading,H,1.38,5.0,10.0,1.4,4.5,8.0,1.39,5.16,9.48
2013-03-02,Chelsea,West Brom,H,1.4,5.0,9.0,1.44,4.0,8.0,1.43,4.95,8.58
2013-03-02,Southampton,QPR,A,1.85,3.8,4.5,1.85,3.3,4.5,1.86,3.79,4.56
2013-03-03,Tottenham,Arsenal,H,2.3,3.6,3.25,2.3,3.4,3.0,2.33,3.6,3.19
2013-03-04,Aston Villa,Man City,A,7.5,4.5,1.44,6.0,4.33,1.5,7.62,4.52,1.5
2013-03-09,Norwich,Southampton,D,2.5,3.4,3.0,2.5,3.1,2.9,2.55,3.43,2.96
2013-03-09,QPR,Sunderland,H,2.25,3.4,3.5,2.3,3.1,3.3,2.26,3.32,3.61
2013-03-09,Reading,Aston Villa,A,2.45,3.4,3.1,2.5,3.1,2.9,2.42,3.4,3.19
2013-03-09,West Brom,Swansea,H,2.45,3.3,3.2,2.4,3.1,3.1,2.42,3.38,3.21
2013-03-10,Liverpool,Tottenham,H,1.95,3.8,4.0,1.95,3.3,4.0,1.93,3.86,4.13
2013-03-10,Newcastle,Stoke,H,1.83,3.7,4.8,1.83,3.1,5.0,1.81,3.72,4.99
2013-03-16,Stoke,West Brom,D,2.5,3.3,3.1,2.5,3.1,2.9,2.51,3.25,3.18
2013-03-16,Southampton,Liverpool,H,4.2,3.8,1.91,4.0,3.3,1.95,4.1,3.8,1.94
2013-03-16,Swansea,Arsenal,A,3.4,3.5,2.25,3.4,3.1,2.25,3.32,3.52,2.3
2013-03-16,Everton,Man City,H,3.9,3.6,2.05,3.75,3.1,2.1,3.8,3.64,2.07
2013-03-16,Aston Villa,QPR,H,2.3,3.4,3.4,2.3,3.1,3.2,2.24,3.43,3.53
2013-03-16,Man United,Reading,H,1.17,9.0,19.0,1.18,7.5,12.0,1.16,9.07,19.51
2013-03-17,Chelsea,West Ham,H,1.4,5.0,9.0,1.4,4.0,10.0,1.4,5.15,8.8
2013-03-17,Sunderland,Norwich,D,2.05,3.5,4.0,2.1,3.1,3.75,2.08,3.48,3.96
2013-03-17,Tottenham,Fulham,A,1.5,4.5,7.5,1.53,3.6,7.5,1.5,4.58,7.32
2013-03-17,Wigan,Newcastle,H,2.3,3.4,3.4,2.38,3.1,3.1,2.26,3.54,3.39
2013-03-30,Wigan,Norwich,H,1.95,3.6,4.33,1.95,3.2,4.2,1.92,3.68,4.41
2013-03-30,West Ham,West Brom,H,2.3,3.4,3.4,2.3,3.2,3.2,2.26,3.4,3.53
2013-03-30,Sunderland,Man United,A,6.0,4.0,1.65,6.0,3.3,1.67,6.0,3.98,1.66
2013-03-30,Swansea,Tottenham,A,3.4,3.4,2.3,3.1,3.1,2.38,3.38,3.43,2.31
2013-03-30,Man City,Newcastle,H,1.33,5.5,11.0,1.33,4.8,10.0,1.31,5.65,12.35
2013-03-30,Everton,Stoke,H,1.57,3.9,7.5,1.57,3.5,7.0,1.57,3.98,7.55
2013-03-30,Arsenal,Reading,H,1.25,6.5,15.0,1.25,5.5,12.0,1.25,6.55,14.7
2013-03-30,Southampton,Chelsea,H,3.5,3.5,2.2,3.5,3.1,2.2,3.41,3.59,2.23
2013-03-31,Aston Villa,Liverpool,A,5.0,4.0,1.75,4.8,3.5,1.75,5.03,3.99,1.75
2013-04-01,Fulham,QPR,H,2.0,3.6,4.0,2.0,3.2,4.0,2.04,3.6,3.95
2013-04-06,Norwich,Swansea,D,2.63,3.3,2.9,2.7,3.1,2.7,2.67,3.33,2.9
2013-04-06,Reading,Southampton,A,3.3,3.6,2.25,3.3,3.2,2.25,3.44,3.61,2.21
2013-04-06,Stoke,Aston Villa,A,2.1,3.4,4.0,2.15,3.2,3.5,2.09,3.35,4.12
2013-04-06,West Brom,Arsenal,A,4.1,3.7,1.95,4.0,3.3,1.95,4.19,3.69,1.96
2013-04-07,QPR,Wigan,D,2.38,3.4,3.25,2.4,3.1,3.1,2.39,3.41,3.24
2013-04-07,Chelsea,Sunderland,H,1.36,5.0,11.0,1.33,4.5,11.0,1.34,5.42,11.3
2013-04-07,Liverpool,West Ham,D,1.36,5.5,9.0,1.36,5.0,8.0,1.35,5.5,10.02
2013-04-07,Newcastle,Fulham,H,2.1,3.5,3.8,2.05,3.4,3.6,2.11,3.51,3.83
2013-04-07,Tottenham,Everton,D,2.2,3.4,3.6,2.2,3.2,3.4,2.2,3.46,3.61
2013-04-08,Man United,Man City,A,2.3,3.5,3.3,2.3,3.0,3.4,2.24,3.48,3.5
2013-04-13,Arsenal,Norwich,H,1.25,6.5,14.0,1.25,5.5,13.0,1.26,6.54,13.85
2013-04-13,Aston Villa,Fulham,D,2.3,3.3,3.5,2.3,3.1,3.3,2.31,3.42,3.39
2013-04-13,Everton,QPR,H,1.44,4.75,8.0,1.44,4.33,7.0,1.47,4.73,7.84
2013-04-13,Reading,Liverpool,D,8.0,4.75,1.45,7.0,4.0,1.5,7.35,4.74,1.49
2013-04-13,Southampton,West Ham,D,1.91,3.75,4.2,1.95,3.2,4.2,1.93,3.71,4.32
2013-04-14,Newcastle,Sunderland,A,1.95,3.5,4.5,1.95,3.1,4.33,1.92,3.58,4.56
2013-04-14,Stoke,Man United,A,7.0,3.9,1.6,6.5,3.4,1.62,6.94,4.12,1.58
2013-04-16,Arsenal,Everton,D,1.75,3.9,5.0,1.75,3.75,4.5,1.76,3.94,5.06
2013-04-17,Fulham,Chelsea,A,4.75,3.8,1.8,4.5,3.5,1.8,4.87,3.81,1.79
2013-04-17,Man City,Wigan,H,1.25,6.5,14.0,1.22,6.0,12.0,1.28,6.07,13.44
2013-04-17,West Ham,Man United,D,5.5,3.9,1.7,5.5,3.5,1.67,5.71,4.1,1.66
2013-04-20,West Ham,Wigan,H,2.3,3.5,3.3,2.3,3.2,3.2,2.29,3.51,3.35
2013-04-20,West Brom,Newcastle,D,2.25,3.5,3.4,2.3,3.2,3.2,2.25,3.55,3.41
2013-04-20,Swansea,Southampton,D,2.38,3.5,3.1,2.4,3.1,3.1,2.38,3.45,3.22
2013-04-20,Fulham,Arsenal,A,5.0,4.0,1.75,4.5,3.5,1.8,5.05,3.91,1.76
2013-04-20,QPR,Stoke,A,2.25,3.4,3.5,2.3,3.2,3.2,2.24,3.34,3.64
2013-04-20,Norwich,Reading,H,1.75,3.8,5.25,1.75,3.4,5.0,1.74,3.85,5.43
2013-04-20,Sunderland,Everton,H,3.4,3.4,2.3,3.2,3.2,2.3,3.53,3.37,2.27
2013-04-21,Liverpool,Chelsea,D,2.15,3.6,3.6,2.2,3.3,3.25,2.14,3.55,3.68
2013-04-21,Tottenham,Man City,H,3.25,3.6,2.3,3.2,3.2,2.3,3.28,3.54,2.31
2013-04-22,Man United,Aston Villa,H,1.25,6.75,13.0,1.29,5.5,9.5,1.27,6.38,12.88
2013-04-27,Stoke,Norwich,H,2.25,3.3,3.6,2.15,3.1,3.6,2.3,3.21,3.65
2013-04-27,Wigan,Tottenham,D,3.8,3.6,2.05,3.5,3.3,2.1,3.71,3.7,2.08
2013-04-27,Southampton,West Brom,A,1.85,3.75,4.6,1.91,3.1,4.5,1.88,3.75,4.52
2013-04-27,Man City,West Ham,H,1.29,6.0,12.0,1.29,5.0,12.0,1.28,6.16,13.05
2013-04-27,Everton,Fulham,H,1.5,4.5,7.5,1.53,3.75,7.0,1.49,4.61,7.59
2013-04-27,Newcastle,Liverpool,A,2.88,3.6,2.5,3.0,3.0,2.5,3.09,3.46,2.46
2013-04-28,Arsenal,Man United,D,2.25,3.6,3.3,2.25,3.2,3.2,2.22,3.63,3.4
2013-04-28,Chelsea,Swansea,H,1.36,5.5,9.0,1.36,4.5,9.0,1.37,5.4,9.45
2013-04-28,Reading,QPR,D,2.55,3.5,2.88,2.6,3.1,2.8,2.54,3.51,2.93
2013-04-29,Aston Villa,Sunderland,H,2.3,3.4,3.4,2.3,3.2,3.2,2.27,3.4,3.5
2013-05-04,Swansea,Man City,D,5.25,3.8,1.75,5.0,3.25,1.8,5.18,3.79,1.78
2013-05-04,West Ham,Newcastle,D,2.38,3.4,3.25,2.4,3.1,3.1,2.37,3.53,3.17
2013-05-04,West Brom,Wigan,A,2.45,3.5,3.0,2.4,3.2,3.0,2.39,3.56,3.11
2013-05-04,Tottenham,Southampton,H,1.44,4.75,8.0,1.5,3.75,7.5,1.48,4.7,7.68
2013-05-04,QPR,Arsenal,A,8.0,4.75,1.44,8.0,4.0,1.44,8.35,4.96,1.43
2013-05-04,Norwich,Aston Villa,A,2.55,3.3,3.0,2.6,3.0,2.9,2.58,3.24,3.08
2013-05-04,Fulham,Reading,A,1.73,3.9,5.25,1.73,3.5,5.0,1.74,3.94,5.25
2013-05-05,Liverpool,Everton,D,1.95,3.6,4.2,1.95,3.2,4.2,1.92,3.77,4.28
2013-05-05,Man United,Chelsea,A,2.2,3.5,3.5,2.25,3.0,3.5,2.18,3.63,3.5
2013-05-06,Sunderland,Stoke,D,2.1,3.3,4.0,2.15,3.0,3.75,2.12,3.33,4.02
2013-05-07,Man City,West Brom,H,1.4,5.0,9.0,1.36,4.6,9.0,1.39,5.26,8.84
2013-05-07,Wigan,Swansea,A,1.83,3.75,4.75,1.8,3.5,4.5,1.83,3.83,4.68
2013-05-08,Chelsea,Tottenham,D,1.95,3.75,4.0,1.95,3.3,4.0,1.99,3.66,4.07
2013-05-11,Aston Villa,Chelsea,A,4.5,3.8,1.85,4.5,3.3,1.85,4.68,3.77,1.85
2013-05-12,Stoke,Tottenham,A,4.5,3.6,1.91,4.2,3.3,1.91,4.6,3.53,1.93
2013-05-12,Sunderland,Southampton,D,2.8,3.2,2.8,2.8,2.8,2.9,2.86,3.12,2.87
2013-05-12,QPR,Newcastle,A,3.4,3.4,2.3,3.0,3.2,2.38,3.31,3.42,2.35
2013-05-12,Norwich,West Brom,H,2.2,3.4,3.6,2.25,3.2,3.3,2.21,3.44,3.6
2013-05-12,Man United,Swansea,H,1.3,5.75,12.0,1.33,4.8,10.0,1.31,5.9,11.5
2013-05-12,Fulham,Liverpool,A,3.9,3.6,2.05,3.5,3.3,2.1,4.0,3.61,2.02
2013-05-12,Everton,West Ham,H,1.5,4.5,7.5,1.53,4.0,6.0,1.5,4.57,7.5
2013-05-14,Arsenal,Wigan,H,1.4,5.5,8.0,1.4,4.33,8.5,1.37,5.62,8.56
2013-05-14,Reading,Man City,A,6.0,4.33,1.6,5.5,4.0,1.57,5.9,4.51,1.59
2013-05-19,Wigan,Aston Villa,D,2.15,3.6,3.6,2.15,3.3,3.4,2.1,3.66,3.7
2013-05-19,West Ham,Reading,H,1.67,4.0,5.75,1.7,3.4,5.5,1.65,4.09,5.88
2013-05-19,West Brom,Man United,D,4.5,3.9,1.83,4.33,3.5,1.83,4.48,3.88,1.85
2013-05-19,Swansea,Fulham,A,1.8,3.8,4.75,1.8,3.6,4.33,1.78,3.77,5.15
2013-05-19,Tottenham,Sunderland,H,1.29,6.0,12.0,1.3,5.0,11.0,1.29,6.05,12.4
2013-05-19,Newcastle,Arsenal,A,6.0,4.6,1.55,5.5,4.33,1.53,6.4,4.59,1.55
2013-05-19,Man City,Norwich,A,1.33,5.5,11.0,1.33,5.0,9.0,1.31,5.69,11.89
2013-05-19,Liverpool,QPR,H,1.25,7.0,12.0,1.25,5.5,12.0,1.24,6.77,15.09
2013-05-19,Chelsea,Everton,H,1.7,4.0,5.5,1.73,3.6,4.8,1.68,4.05,5.61
2013-05-19,Southampton,Stoke,D,1.75,3.8,5.25,1.8,3.25,5.0,1.77,3.72,5.36
2013-08-17,Arsenal,Aston Villa,A,1.44,4.75,8.0,1.36,4.8,8.5,1.41,5.2,8.3
2013-08-17,Liverpool,Stoke,H,1.4,5.0,9.5,1.36,4.6,9.0,1.41,4.88,9.35
2013-08-17,Norwich,Everton,D,3.2,3.4,2.4,3.1,3.3,2.3,3.32,3.41,2.35
2013-08-17,Sunderland,Fulham,A,2.3,3.4,3.4,2.2,3.3,3.3,2.25,3.37,3.58
2013-08-17,Swansea,Man United,A,4.2,3.5,2.0,4.0,3.4,1.91,4.1,3.52,2.03
2013-08-17,West Brom,Southampton,A,2.4,3.4,3.2,2.25,3.3,3.2,2.42,3.38,3.21
2013-08-17,West Ham,Cardiff,H,2.0,3.6,4.0,1.95,3.5,3.8,1.99,3.57,4.21
2013-08-18,Chelsea,Hull,H,1.2,7.0,21.0,1.2,6.0,15.0,1.2,7.4,19.5
2013-08-18,Crystal Palace,Tottenham,A,4.75,3.75,1.83,4.75,3.6,1.75,5.16,3.69,1.8
2013-08-19,Man City,Newcastle,H,1.33,5.5,11.0,1.29,5.5,10.0,1.31,5.86,11.66
2013-08-21,Chelsea,Aston Villa,H,1.29,5.5,10.0,1.3,5.5,9.5,1.3,5.89,11.9
2013-08-24,Aston Villa,Liverpool,A,4.0,3.75,1.95,3.75,3.6,1.95,4.18,3.83,1.93
2013-08-24,Everton,West Brom,D,1.57,4.33,6.5,1.55,4.0,6.0,1.55,4.33,7.01
2013-08-24,Fulham,Arsenal,A,3.8,3.5,2.1,3.4,3.5,2.1,3.7,3.58,2.13
2013-08-24,Hull,Norwich,H,2.45,3.4,3.1,2.4,3.1,3.1,2.44,3.4,3.15
2013-08-24,Newcastle,West Ham,D,2.3,3.4,3.4,2.2,3.3,3.3,2.31,3.4,3.41
2013-08-24,Southampton,Sunderland,D,1.73,3.8,5.5,1.67,3.6,5.5,1.68,4.01,5.57
2013-08-24,Stoke,Crystal Palace,H,1.83,3.6,5.0,1.85,3.3,4.6,1.81,3.65,5.16
2013-08-25,Cardiff,Man City,H,8.5,4.75,1.44,7.5,4.5,1.4,7.99,4.75,1.46
2013-08-25,Tottenham,Swansea,H,1.62,4.0,6.5,1.65,4.0,5.0,1.62,4.04,6.45
2013-08-26,Man United,Chelsea,D,2.45,3.4,3.1,2.4,3.5,2.8,2.48,3.51,3.02
2013-08-31,West Ham,Stoke,A,2.0,3.4,4.33,1.95,3.4,4.0,2.05,3.51,4.03
2013-08-31,Norwich,Southampton,H,3.0,3.3,2.55,2.8,3.3,2.5,3.06,3.35,2.53
2013-08-31,Newcastle,Fulham,H,2.15,3.4,3.75,2.05,3.5,3.5,2.15,3.49,3.73
2013-08-31,Cardiff,Everton,D,3.25,3.4,2.38,3.2,3.3,2.25,3.33,3.35,2.37
2013-08-31,Crystal Palace,Sunderland,H,2.6,3.3,3.0,2.45,3.25,2.9,2.54,3.31,3.09
2013-08-31,Man City,Hull,H,1.17,8.5,19.0,1.17,7.0,17.0,1.19,8.04,18.58
2013-09-01,Arsenal,Tottenham,H,2.1,3.7,3.6,2.1,3.3,3.5,2.15,3.7,3.52
2013-09-01,Liverpool,Man United,H,2.63,3.4,2.88,2.6,3.2,2.8,2.59,3.36,2.98
2013-09-01,West Brom,Swansea,A,2.7,3.4,2.8,2.5,3.4,2.75,2.67,3.47,2.8
2013-09-14,Stoke,Man City,D,6.0,4.0,1.65,6.0,3.2,1.7,6.09,4.02,1.65
2013-09-14,Tottenham,Norwich,H,1.45,4.75,8.0,1.5,3.6,8.5,1.46,4.71,8.27
2013-09-14,Sunderland,Arsenal,A,6.0,3.9,1.67,6.0,3.2,1.7,5.79,3.9,1.69
2013-09-14,Man United,Crystal Palace,H,1.22,7.0,16.0,1.25,6.0,15.0,1.23,6.9,15.55
2013-09-14,Everton,Chelsea,H,3.4,3.3,2.35,3.4,3.1,2.4,3.27,3.38,2.39
2013-09-14,Fulham,West Brom,D,2.15,3.5,3.6,2.2,3.1,3.5,2.14,3.54,3.69
2013-09-14,Hull,Cardiff,D,2.45,3.25,3.25,2.5,3.0,3.0,2.46,3.25,3.27
2013-09-14,Aston Villa,Newcastle,A,2.15,3.4,3.8,2.2,3.1,3.5,2.13,3.49,3.79
2013-09-15,Southampton,West Ham,D,1.85,3.6,4.75,1.85,3.4,4.5,1.8,3.74,5.08
2013-09-16,Swansea,Liverpool,D,3.5,3.5,2.2,3.2,3.3,2.25,3.48,3.47,2.25
2013-09-21,West Ham,Everton,A,3.3,3.3,2.4,3.1,3.1,2.4,3.39,3.34,2.35
2013-09-21,West Brom,Sunderland,H,2.05,3.4,4.2,2.1,3.0,4.0,2.07,3.5,3.97
2013-09-21,Norwich,Aston Villa,A,2.4,3.4,3.2,2.4,3.3,3.2,2.44,3.44,3.13
2013-09-21,Liverpool,Southampton,A,1.6,4.0,6.5,1.62,3.6,6.0,1.61,4.13,6.38
2013-09-21,Chelsea,Fulham,H,1.3,5.75,12.0,1.33,5.0,12.0,1.28,6.0,13.6
2013-09-21,Newcastle,Hull,A,1.85,3.5,5.0,1.83,3.2,5.0,1.83,3.65,4.97
2013-09-22,Arsenal,Stoke,H,1.36,5.25,10.0,1.4,4.5,10.0,1.36,5.25,10.95
2013-09-22,Cardiff,Tottenham,A,4.5,3.6,1.91,4.5,3.2,1.91,4.57,3.63,1.9
2013-09-22,Crystal Palace,Swansea,A,3.5,3.4,2.25,3.2,3.2,2.3,3.45,3.4,2.29
2013-09-22,Man City,Man United,H,2.2,3.4,3.6,2.25,3.2,3.6,2.21,3.47,3.59
2013-09-28,Southampton,Crystal Palace,H,1.45,4.5,8.5,1.5,3.75,7.5,1.47,4.44,8.77
2013-09-28,Swansea,Arsenal,A,3.2,3.4,2.38,3.3,3.2,2.4,3.17,3.43,2.42
2013-09-28,Man United,West Brom,A,1.3,5.75,12.0,1.3,5.0,11.0,1.29,5.93,12.65
2013-09-28,Tottenham,Chelsea,D,2.7,3.3,2.88,2.8,3.0,2.9,2.65,3.38,2.88
2013-09-28,Fulham,Cardiff,A,2.1,3.4,3.9,2.1,3.2,3.6,2.09,3.43,3.98
2013-09-28,Aston Villa,Man City,H,6.5,4.2,1.57,6.5,3.6,1.57,6.87,4.2,1.57
2013-09-28,Hull,West Ham,H,2.38,3.3,3.3,2.4,3.1,3.1,2.41,3.3,3.31
2013-09-29,Stoke,Norwich,A,1.95,3.4,4.5,2.0,3.25,4.33,1.97,3.47,4.46
2013-09-29,Sunderland,Liverpool,A,5.5,3.9,1.7,5.5,3.5,1.75,5.62,3.99,1.69
2013-09-30,Everton,Newcastle,H,1.65,4.0,6.0,1.67,3.75,6.0,1.63,4.06,6.22
2013-10-05,Cardiff,Newcastle,A,2.45,3.4,3.1,2.4,3.1,3.1,2.41,3.37,3.25
2013-10-05,Fulham,Stoke,H,2.4,3.3,3.3,2.4,3.1,3.1,2.42,3.23,3.36
2013-10-05,Hull,Aston Villa,D,2.45,3.3,3.2,2.5,3.0,3.0,2.38,3.35,3.32
2013-10-05,Liverpool,Crystal Palace,H,1.2,7.5,17.0,1.22,5.5,15.0,1.23,7.04,15.66
2013-10-05,Man City,Everton,H,1.67,4.2,5.5,1.67,3.5,5.5,1.66,4.2,5.61
2013-10-05,Sunderland,Man United,A,6.0,4.0,1.65,5.5,3.5,1.67,5.85,4.04,1.66
2013-10-06,West Brom,Arsenal,D,4.9,4.0,1.75,4.8,3.75,1.8,4.8,3.87,1.81
2013-10-06,Tottenham,West Ham,A,1.44,4.75,8.5,1.44,4.0,8.0,1.44,4.77,8.5
2013-10-06,Norwich,Chelsea,A,6.5,4.0,1.62,6.5,3.8,1.62,6.46,4.18,1.6
2013-10-06,Southampton,Swansea,H,2.1,3.5,3.8,2.1,3.1,3.75,2.05,3.45,4.11
2013-10-19,West Ham,Man City,A,5.5,3.8,1.73,5.5,3.3,1.73,5.7,3.88,1.7
2013-10-19,Arsenal,Norwich,H,1.29,6.0,12.0,1.3,5.0,11.0,1.29,5.87,12.88
2013-10-19,Chelsea,Cardiff,H,1.25,6.5,15.0,1.25,5.0,15.0,1.24,6.71,15.5
2013-10-19,Everton,Hull,H,1.45,4.5,9.0,1.44,4.0,8.0,1.46,4.57,8.74
2013-10-19,Man United,Southampton,D,1.57,4.33,6.5,1.57,3.75,6.0,1.58,4.23,6.57
2013-10-19,Newcastle,Liverpool,D,4.5,3.9,1.83,4.2,3.6,1.83,4.55,3.92,1.83
2013-10-19,Stoke,West Brom,D,2.3,3.3,3.5,2.38,3.1,3.1,2.26,3.36,3.57
2013-10-19,Swansea,Sunderland,H,1.62,4.0,6.5,1.55,4.0,6.0,1.57,4.17,6.95
2013-10-20,Aston Villa,Tottenham,A,4.0,3.5,2.05,3.75,3.2,2.05,4.12,3.54,2.02
2013-10-21,Crystal Palace,Fulham,A,2.75,3.3,2.8,2.75,3.0,2.75,2.71,3.37,2.82
2013-10-26,Aston Villa,Everton,A,3.4,3.4,2.3,3.4,3.0,2.3,3.46,3.52,2.23
2013-10-26,Crystal Palace,Arsenal,A,11.0,5.0,1.36,9.0,4.5,1.36,9.85,5.2,1.38
2013-10-26,Liverpool,West Brom,H,1.44,4.75,8.0,1.44,4.5,6.5,1.43,4.96,8.23
2013-10-26,Man United,Stoke,H,1.33,5.5,11.0,1.36,4.33,10.0,1.34,5.35,11.8
2013-10-26,Norwich,Cardiff,D,2.2,3.4,3.6,2.25,3.1,3.4,2.17,3.36,3.81
2013-10-26,Southampton,Fulham,H,1.62,4.0,6.5,1.65,3.4,6.0,1.61,4.18,6.2
2013-10-27,Chelsea,Man City,H,2.38,3.4,3.2,2.4,3.0,3.2,2.44,3.41,3.15
2013-10-27,Sunderland,Newcastle,H,2.9,3.3,2.63,2.9,3.0,2.62,2.91,3.42,2.61
2013-10-27,Swansea,West Ham,D,1.75,3.8,5.25,1.75,3.4,5.0,1.71,3.98,5.36
2013-10-27,Tottenham,Hull,H,1.44,4.75,8.0,1.44,4.0,8.0,1.43,4.77,9.15
2013-11-02,West Ham,Aston Villa,D,2.25,3.5,3.4,2.25,3.2,3.3,2.18,3.45,3.68
2013-11-02,West Brom,Crystal Palace,H,1.55,4.2,7.0,1.57,3.75,6.0,1.53,4.34,7.35
2013-11-02,Stoke,Southampton,D,3.3,3.3,2.4,3.1,3.1,2.4,3.36,3.25,2.41
2013-11-02,Newcastle,Chelsea,H,6.0,4.2,1.62,6.0,3.4,1.67,5.93,4.17,1.64
2013-11-02,Arsenal,Liverpool,H,2.3,3.5,3.3,2.3,3.0,3.4,2.34,3.4,3.34
2013-11-02,Hull,Sunderland,H,2.15,3.4,3.8,2.2,3.3,3.3,2.17,3.33,3.86
2013-11-02,Fulham,Man United,A,6.5,4.2,1.57,6.5,3.4,1.62,6.79,4.28,1.56
2013-11-02,Man City,Norwich,H,1.2,7.5,18.0,1.2,6.0,15.0,1.18,7.9,21.16
2013-11-03,Cardiff,Swansea,H,3.4,3.4,2.3,3.4,3.0,2.3,3.55,3.39,2.25
2013-11-03,Everton,Tottenham,D,2.5,3.4,3.0,2.5,3.0,3.0,2.54,3.43,2.99
2013-11-09,Southampton,Hull,H,1.62,3.8,7.0,1.6,3.6,6.5,1.56,3.96,7.82
2013-11-09,Norwich,West Ham,H,2.63,3.3,2.9,2.62,3.1,2.8,2.57,3.26,3.09
2013-11-09,Liverpool,Fulham,H,1.25,6.5,15.0,1.25,5.0,15.0,1.27,6.25,14.18
2013-11-09,Chelsea,West Brom,D,1.29,6.0,12.0,1.3,5.0,11.0,1.31,5.75,11.83
2013-11-09,Aston Villa,Cardiff,H,2.0,3.5,4.2,2.05,3.1,4.0,2.01,3.48,4.25
2013-11-09,Crystal Palace,Everton,D,6.5,4.0,1.62,6.0,3.6,1.62,6.32,4.05,1.62
2013-11-10,Man United,Arsenal,H,2.35,3.5,3.2,2.15,3.5,3.25,2.28,3.52,3.36
2013-11-10,Sunderland,Man City,H,9.0,5.0,1.4,7.5,4.75,1.4,8.97,5.06,1.41
2013-11-10,Swansea,Stoke,D,2.0,3.4,4.33,1.95,3.4,4.0,2.0,3.45,4.35
2013-11-10,Tottenham,Newcastle,A,1.57,4.33,6.5,1.57,3.8,6.0,1.54,4.32,7.15
2013-11-23,Stoke,Sunderland,H,2.15,3.3,3.9,2.15,3.0,3.8,2.13,3.21,4.17
2013-11-23,West Ham,Chelsea,A,6.0,4.2,1.62,6.0,3.6,1.62,6.2,4.14,1.62
2013-11-23,Hull,Crystal Palace,A,1.85,3.5,5.0,1.83,3.2,5.0,1.87,3.49,5.07
2013-11-23,Newcastle,Norwich,H,1.8,3.8,4.75,1.83,3.2,5.0,1.81,3.84,4.85
2013-11-23,Everton,Liverpool,D,3.0,3.4,2.5,3.0,2.9,2.62,2.99,3.4,2.56
2013-11-23,Arsenal,Southampton,H,1.62,4.2,6.0,1.67,3.3,6.0,1.61,4.21,6.18
2013-11-23,Fulham,Swansea,A,3.3,3.3,2.38,3.1,3.1,2.4,3.48,3.27,2.34
2013-11-24,Cardiff,Man United,D,6.0,4.0,1.65,6.0,3.4,1.67,5.67,4.01,1.68
2013-11-24,Man City,Tottenham,H,1.7,4.0,5.5,1.73,3.3,5.5,1.68,3.93,5.9
2013-11-25,West Brom,Aston Villa,D,2.15,3.4,3.8,2.15,3.1,3.6,2.14,3.4,3.88
2013-11-30,Norwich,Crystal Palace,H,2.0,3.4,4.33,2.0,3.3,3.8,1.98,3.47,4.4
2013-11-30,Aston Villa,Sunderland,D,2.0,3.4,4.33,2.0,3.3,3.8,2.05,3.44,4.14
2013-11-30,Cardiff,Arsenal,A,6.5,4.0,1.62,6.0,3.4,1.67,6.32,4.12,1.61
2013-11-30,Everton,Stoke,H,1.62,4.0,6.25,1.62,3.4,6.5,1.6,4.06,6.78
2013-11-30,Newcastle,West Brom,H,2.05,3.5,4.0,2.05,3.1,4.0,2.07,3.55,3.92
2013-11-30,West Ham,Fulham,H,1.91,3.5,4.6,1.95,3.1,4.5,1.89,3.55,4.75
2013-12-01,Tottenham,Man United,D,2.8,3.5,2.63,2.7,3.1,2.7,2.8,3.44,2.68
2013-12-01,Man City,Swansea,H,1.29,6.0,13.0,1.3,5.0,11.0,1.3,5.74,13.32
2013-12-01,Hull,Liverpool,H,6.5,4.0,1.62,5.5,3.8,1.62,7.05,4.13,1.57
2013-12-01,Chelsea,Southampton,H,1.57,4.2,6.5,1.57,3.8,6.0,1.57,4.25,6.82
2013-12-03,Crystal Palace,West Ham,H,3.25,3.3,2.4,3.1,3.1,2.4,3.36,3.28,2.39
2013-12-04,Arsenal,Hull,H,1.2,7.5,17.0,1.2,6.0,15.0,1.23,7.0,16.0
2013-12-04,Fulham,Tottenham,A,5.8,3.9,1.67,5.5,3.4,1.7,6.42,3.94,1.64
2013-12-04,Liverpool,Norwich,H,1.29,6.0,12.0,1.29,5.0,12.0,1.29,6.26,12.1
2013-12-04,Man United,Everton,A,1.73,3.75,5.5,1.75,3.4,5.0,1.76,3.94,5.02
2013-12-04,Southampton,Aston Villa,A,1.7,3.8,5.75,1.67,3.8,5.0,1.72,3.76,5.78
2013-12-04,Stoke,Cardiff,D,2.1,3.4,4.0,2.1,3.3,3.5,2.12,3.39,3.95
2013-12-04,Sunderland,Chelsea,A,6.5,4.33,1.55,6.5,3.8,1.53,6.76,4.21,1.57
2013-12-04,Swansea,Newcastle,H,2.2,3.5,3.5,2.15,3.4,3.3,2.2,3.55,3.52
2013-12-04,West Brom,Man City,A,6.0,4.2,1.62,6.0,3.6,1.62,6.09,4.0,1.65
2013-12-07,West Brom,Norwich,A,1.8,3.75,5.0,1.83,3.2,5.0,1.8,3.77,5.04
2013-12-07,Sunderland,Tottenham,A,4.5,3.6,1.91,4.33,3.2,1.91,4.27,3.6,1.97
2013-12-07,Stoke,Chelsea,H,6.5,4.2,1.57,6.0,3.6,1.62,6.59,4.1,1.6
2013-12-07,Crystal Palace,Cardiff,H,2.8,3.3,2.75,2.7,3.1,2.7,2.85,3.24,2.78
2013-12-07,Man United,Newcastle,A,1.53,4.33,7.0,1.53,3.8,6.5,1.54,4.47,6.77
2013-12-07,Liverpool,West Ham,H,1.29,6.0,12.0,1.3,5.0,11.0,1.3,6.03,12.06
2013-12-07,Southampton,Man City,D,5.25,3.8,1.75,5.0,3.4,1.75,5.31,3.84,1.75
2013-12-08,Arsenal,Everton,D,1.7,3.8,5.75,1.73,3.5,5.0,1.68,4.03,5.68
2013-12-08,Fulham,Aston Villa,H,2.75,3.3,2.8,2.75,2.9,2.8,2.72,3.39,2.8
2013-12-09,Swansea,Hull,D,1.75,3.75,5.5,1.75,3.4,5.0,1.79,3.69,5.31
2013-12-14,Newcastle,Southampton,D,2.4,3.4,3.2,2.5,3.0,3.0,2.44,3.31,3.24
2013-12-14,West Ham,Sunderland,D,1.95,3.6,4.33,2.0,3.2,4.0,2.04,3.5,4.09
2013-12-14,Man City,Arsenal,H,1.83,3.75,4.75,1.83,3.2,4.8,1.83,3.82,4.7
2013-12-14,Chelsea,Crystal Palace,H,1.18,8.0,19.0,1.2,5.5,21.0,1.19,7.7,20.1
2013-12-14,Everton,Fulham,H,1.36,5.0,10.5,1.4,3.8,11.0,1.39,5.09,9.5
2013-12-14,Cardiff,West Brom,H,2.63,3.4,2.88,2.75,3.0,2.75,2.63,3.42,2.89
2013-12-14,Hull,Stoke,D,2.3,3.3,3.5,2.3,3.0,3.4,2.32,3.18,3.63
2013-12-15,Aston Villa,Man United,A,5.25,3.8,1.75,5.5,3.1,1.8,5.38,3.77,1.76
2013-12-15,Norwich,Swansea,D,2.88,3.3,2.7,2.75,3.0,2.7,2.82,3.35,2.73
2013-12-15,Tottenham,Liverpool,A,2.5,3.4,3.0,2.5,3.0,3.0,2.47,3.5,3.04
2013-12-21,West Brom,Hull,D,1.95,3.5,4.5,1.95,3.2,4.2,1.91,3.51,4.73
2013-12-21,Sunderland,Norwich,D,2.05,3.5,4.0,2.1,3.1,3.75,2.06,3.47,4.04
2013-12-21,Man United,West Ham,H,1.36,5.25,10.0,1.36,4.5,9.0,1.39,5.0,9.92
2013-12-21,Stoke,Aston Villa,H,2.3,3.25,3.5,2.3,3.1,3.3,2.26,3.28,3.65
2013-12-21,Fulham,Man City,A,9.5,5.25,1.36,8.0,4.5,1.4,9.03,5.43,1.38
2013-12-21,Crystal Palace,Newcastle,A,3.25,3.4,2.38,3.1,3.1,2.4,3.33,3.35,2.37
2013-12-21,Liverpool,Cardiff,H,1.2,7.5,16.0,1.22,5.5,15.0,1.2,7.8,17.7
2013-12-22,Southampton,Tottenham,A,2.55,3.3,3.0,2.6,3.1,2.8,2.55,3.37,3.02
2013-12-22,Swansea,Everton,A,3.0,3.4,2.5,2.9,3.1,2.5,3.03,3.48,2.48
2013-12-23,Arsenal,Chelsea,D,2.38,3.4,3.25,2.4,3.1,3.1,2.34,3.45,3.3
2013-12-26,Newcastle,Stoke,H,1.75,3.8,5.25,1.8,3.5,4.5,1.76,3.73,5.43
2013-12-26,West Ham,Arsenal,A,6.5,4.0,1.62,6.0,3.6,1.62,6.13,4.1,1.63
2013-12-26,Tottenham,West Brom,D,1.53,4.33,7.0,1.53,4.0,6.0,1.52,4.49,7.19
2013-12-26,Norwich,Fulham,A,2.05,3.5,4.0,2.05,3.3,3.6,2.07,3.49,3.97
2013-12-26,Man City,Liverpool,H,1.75,4.2,4.6,1.8,3.5,4.5,1.75,4.14,4.84
2013-12-26,Chelsea,Swansea,H,1.33,5.5,10.0,1.33,4.8,10.0,1.34,5.43,10.96
2013-12-26,Everton,Sunderland,A,1.36,5.25,9.5,1.4,4.5,8.0,1.36,5.21,11.08
2013-12-26,Hull,Man United,A,7.0,4.2,1.55,6.0,3.75,1.57,6.58,4.29,1.57
2013-12-26,Cardiff,Southampton,A,3.3,3.3,2.38,3.2,3.2,2.3,3.39,3.39,2.34
2013-12-26,Aston Villa,Crystal Palace,A,1.91,3.5,4.5,1.91,3.2,4.5,1.94,3.39,4.77
2013-12-28,West Ham,West Brom,D,2.38,3.4,3.25,2.4,3.0,3.2,2.44,3.35,3.22
2013-12-28,Man City,Crystal Palace,H,1.13,9.5,29.0,1.12,8.0,23.0,1.13,10.4,28.5
2013-12-28,Norwich,Man United,A,6.5,4.2,1.57,6.5,3.75,1.57,6.51,4.28,1.58
2013-12-28,Cardiff,Sunderland,D,2.38,3.25,3.4,2.3,3.1,3.3,2.36,3.27,3.47
2013-12-28,Aston Villa,Swansea,D,3.0,3.3,2.55,2.8,3.1,2.62,2.94,3.34,2.63
2013-12-28,Hull,Fulham,H,2.05,3.4,4.1,2.05,3.2,3.8,2.08,3.31,4.22
2013-12-29,Chelsea,Liverpool,H,2.2,3.5,3.5,2.2,3.1,3.5,2.2,3.52,3.55
2013-12-29,Everton,Southampton,H,1.83,3.7,4.75,1.83,3.4,4.5,1.85,3.73,4.69
2013-12-29,Newcastle,Arsenal,A,4.0,3.7,2.0,4.0,3.2,2.0,4.03,3.74,1.98
2013-12-29,Tottenham,Stoke,H,1.44,4.33,8.0,1.5,3.8,7.5,1.49,4.39,8.3
2014-01-01,Stoke,Everton,D,4.0,3.3,2.1,3.6,3.2,2.0,4.18,3.35,2.07
2014-01-01,Swansea,Man City,A,5.75,4.25,1.62,5.0,4.2,1.53,5.63,4.25,1.65
2014-01-01,Sunderland,Aston Villa,A,2.15,3.4,3.75,2.05,3.25,3.4,2.14,3.47,3.77
2014-01-01,Southampton,Chelsea,A,4.0,3.5,2.05,3.5,3.3,2.0,3.85,3.58,2.07
2014-01-01,West Brom,Newcastle,H,2.6,3.4,2.88,2.38,3.3,2.75,2.52,3.42,3.03
2014-01-01,Liverpool,Hull,H,1.3,6.0,11.0,1.22,6.0,9.5,1.31,5.95,11.4
2014-01-01,Fulham,West Ham,H,2.5,3.3,3.1,2.38,3.3,2.75,2.43,3.31,3.26
2014-01-01,Crystal Palace,Norwich,D,2.38,3.3,3.3,2.3,3.0,3.1,2.42,3.22,3.41
2014-01-01,Arsenal,Cardiff,H,1.29,6.0,13.0,1.18,6.0,13.0,1.27,6.32,13.52
2014-01-01,Man United,Tottenham,A,1.8,3.8,4.75,1.8,3.6,4.8,1.81,3.82,4.88
2014-01-11,Cardiff,West Ham,A,2.0,3.5,4.1,2.0,3.3,3.8,2.01,3.58,4.11
2014-01-11,Everton,Norwich,H,1.4,5.0,9.0,1.4,4.0,10.0,1.39,4.98,9.75
2014-01-11,Fulham,Sunderland,A,2.2,3.3,3.75,2.2,3.1,3.5,2.19,3.37,3.75
2014-01-11,Hull,Chelsea,A,6.5,4.0,1.6,6.0,3.6,1.62,6.43,3.97,1.63
2014-01-11,Man United,Swansea,H,1.57,4.0,7.0,1.53,3.75,7.0,1.58,4.18,6.78
2014-01-11,Southampton,West Brom,H,1.83,3.7,4.75,1.85,3.3,4.5,1.85,3.71,4.78
2014-01-11,Tottenham,Crystal Palace,H,1.36,5.0,10.0,1.4,4.0,10.0,1.38,5.06,10.1
2014-01-12,Stoke,Liverpool,A,5.75,4.0,1.67,6.0,3.4,1.67,5.98,4.14,1.64
2014-01-12,Newcastle,Man City,A,5.25,4.0,1.7,5.5,3.3,1.73,5.38,4.24,1.67
2014-01-13,Aston Villa,Arsenal,A,6.0,4.2,1.62,6.0,3.6,1.62,6.26,4.26,1.6
2014-01-18,Arsenal,Fulham,H,1.22,7.0,15.0,1.22,5.5,15.0,1.23,6.9,16.14
2014-01-18,Crystal Palace,Stoke,H,2.35,3.2,3.5,2.3,3.0,3.4,2.25,3.29,3.67
2014-01-18,Liverpool,Aston Villa,D,1.22,7.0,15.0,1.2,6.5,13.0,1.22,7.15,16.57
2014-01-18,Man City,Cardiff,H,1.13,11.0,23.0,1.14,6.5,26.0,1.13,10.2,25.0
2014-01-18,Norwich,Hull,H,2.4,3.3,3.25,2.4,3.1,3.1,2.41,3.24,3.36
2014-01-18,Sunderland,Southampton,D,3.2,3.3,2.45,3.0,3.0,2.5,3.19,3.28,2.49
2014-01-18,West Ham,Newcastle,A,3.0,3.4,2.5,3.0,3.0,2.5,3.03,3.38,2.54
2014-01-19,Chelsea,Man United,H,1.73,3.8,5.5,1.75,3.6,4.75,1.76,3.8,5.27
2014-01-19,Swansea,Tottenham,A,3.25,3.4,2.38,3.1,3.1,2.4,3.16,3.43,2.43
2014-01-20,West Brom,Everton,D,3.5,3.4,2.25,3.2,3.2,2.3,3.46,3.39,2.3
2014-01-28,Southampton,Arsenal,D,4.33,3.5,1.95,4.0,3.4,1.91,4.26,3.6,1.97
2014-01-28,Swansea,Fulham,H,1.75,3.75,5.25,1.75,3.5,5.0,1.76,3.77,5.38
2014-01-28,Norwich,Newcastle,D,2.7,3.4,2.8,2.7,3.0,2.8,2.63,3.42,2.88
2014-01-28,Crystal Palace,Hull,H,2.5,3.2,3.2,2.5,3.0,3.0,2.56,3.17,3.18
2014-01-28,Liverpool,Everton,H,1.83,3.9,4.5,1.85,3.3,4.5,1.83,3.89,4.58
2014-01-28,Man United,Cardiff,H,1.25,6.5,15.0,1.25,5.0,15.0,1.24,6.54,16.32
2014-01-29,Aston Villa,West Brom,H,2.6,3.3,3.0,2.62,3.1,2.8,2.64,3.31,2.95
2014-01-29,Chelsea,West Ham,D,1.18,8.0,19.0,1.2,6.0,17.0,1.2,7.45,18.95
2014-01-29,Sunderland,Stoke,H,2.1,3.4,3.9,2.1,3.2,3.6,2.15,3.33,3.93
2014-01-29,Tottenham,Man City,A,3.75,3.75,2.05,3.6,3.5,2.0,3.77,3.68,2.07
2014-02-01,West Ham,Swansea,H,2.9,3.4,2.6,2.8,3.1,2.62,2.97,3.39,2.58
2014-02-01,Stoke,Man United,H,7.0,4.0,1.57,7.0,3.5,1.57,6.95,4.13,1.58
2014-02-01,Newcastle,Sunderland,A,1.95,3.5,4.33,1.95,3.3,4.0,1.93,3.56,4.54
2014-02-01,Everton,Aston Villa,H,1.53,4.33,7.0,1.53,3.75,7.0,1.52,4.35,7.5
2014-02-01,Cardiff,Norwich,H,2.3,3.4,3.4,2.3,3.1,3.3,2.27,3.35,3.57
2014-02-01,Fulham,Southampton,A,3.6,3.4,2.2,3.3,3.2,2.25,3.63,3.39,2.22
2014-02-01,Hull,Tottenham,D,4.0,3.5,2.05,4.0,3.1,2.05,3.87,3.48,2.11
2014-02-02,Arsenal,Crystal Palace,H,1.22,7.0,16.0,1.22,5.5,15.0,1.23,6.88,17.01
2014-02-02,West Brom,Liverpool,D,5.75,4.33,1.62,6.0,3.4,1.67,5.89,4.19,1.64
2014-02-03,Man City,Chelsea,A,1.85,3.8,4.5,1.85,3.3,4.5,1.88,3.63,4.72
2014-02-08,Southampton,Stoke,D,1.55,4.0,7.5,1.53,3.6,7.5,1.55,4.2,7.43
2014-02-08,Swansea,Cardiff,H,1.85,3.6,4.75,1.85,3.2,4.8,1.89,3.61,4.66
2014-02-08,Sunderland,Hull,A,2.15,3.4,3.8,2.15,3.0,3.75,2.14,3.33,3.97
2014-02-08,Norwich,Man City,D,9.0,5.5,1.36,10.0,4.33,1.36,9.51,5.42,1.37
2014-02-08,Crystal Palace,West Brom,H,2.6,3.3,3.0,2.6,3.1,2.8,2.66,3.2,3.03
2014-02-08,Chelsea,Newcastle,H,1.25,6.25,15.0,1.25,5.0,15.0,1.25,6.42,16.02
2014-02-08,Aston Villa,West Ham,A,2.1,3.5,3.8,2.15,3.0,3.75,2.14,3.45,3.8
2014-02-08,Liverpool,Arsenal,H,2.2,3.6,3.4,2.2,3.1,3.5,2.17,3.7,3.45
2014-02-09,Man United,Fulham,D,1.2,7.0,19.0,1.22,5.0,21.0,1.21,7.2,18.45
2014-02-09,Tottenham,Everton,H,2.1,3.5,3.75,2.15,3.0,3.75,2.16,3.49,3.7
2014-02-11,Cardiff,Aston Villa,D,2.5,3.4,3.0,2.5,3.1,2.9,2.53,3.4,3.02
2014-02-11,Hull,Southampton,A,3.0,3.25,2.6,2.8,3.1,2.6,2.95,3.31,2.64
2014-02-11,West Brom,Chelsea,D,7.5,4.5,1.5,7.0,4.0,1.5,8.0,4.38,1.5
2014-02-11,West Ham,Norwich,H,2.05,3.5,4.0,2.05,3.2,3.75,2.05,3.55,3.99
2014-02-12,Stoke,Swansea,D,2.7,3.25,2.9,2.7,3.1,2.7,2.75,3.24,2.88
2014-02-12,Newcastle,Tottenham,A,3.3,3.5,2.3,3.2,3.1,2.38,3.22,3.41,2.4
2014-02-12,Arsenal,Man United,D,2.15,3.5,3.6,2.15,3.1,3.6,2.14,3.61,3.64
2014-02-12,Fulham,Liverpool,A,8.0,5.25,1.4,7.0,4.33,1.44,8.0,5.21,1.42
2014-02-22,West Ham,Southampton,H,3.2,3.4,2.4,3.0,3.0,2.5,3.24,3.33,2.44
2014-02-22,Arsenal,Sunderland,H,1.33,5.5,11.0,1.33,4.5,11.0,1.34,5.3,11.5
2014-02-22,Cardiff,Hull,A,2.75,3.2,2.88,2.7,3.1,2.7,2.77,3.18,2.91
2014-02-22,Chelsea,Everton,H,1.57,4.0,7.0,1.6,3.4,7.0,1.58,4.08,6.99
2014-02-22,Crystal Palace,Man United,A,6.5,4.0,1.6,6.0,3.6,1.62,6.89,4.12,1.58
2014-02-22,Man City,Stoke,H,1.18,8.0,19.0,1.2,6.0,15.0,1.17,8.6,20.55
2014-02-22,West Brom,Fulham,D,1.8,3.9,4.75,1.8,3.5,4.5,1.77,3.9,5.01
2014-02-23,Newcastle,Aston Villa,H,2.1,3.4,3.9,2.15,3.1,3.6,2.07,3.42,4.09
2014-02-23,Norwich,Tottenham,H,3.8,3.5,2.1,3.5,3.3,2.1,3.77,3.46,2.15
2014-02-23,Liverpool,Swansea,H,1.3,5.75,12.0,1.3,5.0,11.0,1.31,6.01,11.14
2014-03-01,Everton,West Ham,H,1.53,4.2,7.5,1.57,3.5,7.0,1.54,4.28,7.23
2014-03-01,Fulham,Chelsea,A,8.0,4.75,1.45,8.0,4.0,1.44,7.44,4.6,1.5
2014-03-01,Hull,Newcastle,A,2.45,3.2,3.3,2.4,3.1,3.1,2.38,3.24,3.42
2014-03-01,Southampton,Liverpool,A,3.75,3.75,2.05,3.75,3.1,2.1,3.58,3.74,2.11
2014-03-01,Stoke,Arsenal,H,5.5,3.8,1.73,6.0,3.1,1.73,5.97,3.74,1.71
2014-03-02,Aston Villa,Norwich,H,2.1,3.4,3.9,2.15,3.2,3.5,2.11,3.38,4.01
2014-03-02,Swansea,Crystal Palace,D,1.85,3.5,5.0,1.83,3.1,5.0,1.85,3.52,5.12
2014-03-02,Tottenham,Cardiff,H,1.33,5.25,12.0,1.36,4.2,11.0,1.36,5.29,10.58
2014-03-08,West Brom,Man United,A,5.0,3.6,1.83,4.8,3.2,1.83,5.0,3.7,1.82
2014-03-08,Norwich,Stoke,D,2.25,3.3,3.6,2.3,3.1,3.3,2.24,3.26,3.75
2014-03-08,Chelsea,Tottenham,H,1.57,4.0,7.0,1.6,3.4,7.0,1.56,4.22,7.07
2014-03-08,Cardiff,Fulham,H,2.35,3.5,3.2,2.4,3.1,3.1,2.3,3.48,3.36
2014-03-08,Crystal Palace,Southampton,A,3.9,3.3,2.15,3.5,3.1,2.2,3.92,3.3,2.16
2014-03-15,Sunderland,Crystal Palace,D,2.15,3.3,3.9,2.15,3.1,3.6,2.16,3.22,4.03
2014-03-15,Aston Villa,Chelsea,H,7.0,4.33,1.53,7.0,3.75,1.53,7.65,4.32,1.52
2014-03-15,Everton,Cardiff,H,1.36,5.0,11.0,1.36,4.33,10.0,1.36,5.23,10.6
2014-03-15,Fulham,Newcastle,H,2.9,3.4,2.6,2.8,3.2,2.5,2.96,3.41,2.57
2014-03-15,Hull,Man City,A,6.5,4.33,1.57,6.0,3.8,1.57,6.62,4.34,1.56
2014-03-15,Southampton,Norwich,H,1.62,4.0,6.5,1.62,3.6,6.0,1.59,3.95,7.26
2014-03-15,Stoke,West Ham,H,2.25,3.3,3.6,2.3,3.0,3.4,2.29,3.16,3.74
2014-03-15,Swansea,West Brom,A,1.95,3.6,4.33,1.95,3.2,4.2,1.93,3.56,4.54
2014-03-16,Tottenham,Arsenal,A,3.1,3.4,2.45,3.2,3.0,2.4,3.11,3.44,2.45
2014-03-16,Man United,Liverpool,A,2.5,3.6,2.9,2.5,3.0,3.0,2.49,3.52,2.98
2014-03-22,West Ham,Man United,A,4.5,3.6,1.91,4.5,3.1,1.91,4.41,3.63,1.93
2014-03-22,Cardiff,Liverpool,A,9.5,5.25,1.36,8.0,4.5,1.4,9.27,5.26,1.38
2014-03-22,Chelsea,Arsenal,H,1.85,3.6,4.75,1.91,3.1,4.5,1.88,3.61,4.75
2014-03-22,Everton,Swansea,H,1.67,3.9,6.0,1.67,3.4,6.0,1.65,3.92,6.31
2014-03-22,Hull,West Brom,H,2.25,3.3,3.6,2.25,3.0,3.5,2.21,3.23,3.89
2014-03-22,Man City,Fulham,H,1.17,9.0,17.0,1.17,6.5,17.0,1.15,9.47,20.63
2014-03-22,Newcastle,Crystal Palace,H,1.85,3.6,4.75,1.91,3.1,4.5,1.86,3.49,5.1
2014-03-22,Norwich,Sunderland,H,2.2,3.3,3.75,2.25,3.0,3.5,2.14,3.34,3.93
2014-03-23,Aston Villa,Stoke,A,2.2,3.3,3.75,2.2,3.2,3.4,2.18,3.3,3.88
2014-03-23,Tottenham,Southampton,H,2.25,3.4,3.5,2.25,3.0,3.5,2.21,3.41,3.64
2014-03-25,Newcastle,Everton,A,3.5,3.4,2.25,3.3,3.2,2.25,3.51,3.39,2.27
2014-03-25,Arsenal,Swansea,D,1.57,4.2,6.5,1.6,3.75,6.0,1.58,4.28,6.42
2014-03-25,Man United,Man City,A,3.5,3.6,2.15,3.4,3.3,2.15,3.62,3.65,2.13
2014-03-26,Liverpool,Sunderland,H,1.17,9.0,19.0,1.17,7.0,15.0,1.17,8.65,21.02
2014-03-26,West Ham,Hull,H,2.4,3.3,3.3,2.3,3.1,3.3,2.44,3.24,3.32
2014-03-29,Stoke,Hull,H,2.15,3.3,3.9,2.2,3.1,3.5,2.23,3.28,3.74
2014-03-29,Southampton,Newcastle,H,1.75,3.8,5.25,1.75,3.25,5.5,1.7,3.93,5.59
2014-03-29,West Brom,Cardiff,D,1.83,3.75,4.75,1.85,3.3,4.5,1.79,3.82,4.96
2014-03-29,Crystal Palace,Chelsea,H,10.0,4.75,1.4,10.0,3.75,1.44,9.63,4.47,1.44
2014-03-29,Arsenal,Man City,D,3.6,3.5,2.15,3.6,3.2,2.1,3.58,3.64,2.15
2014-03-29,Man United,Aston Villa,H,1.45,4.75,8.0,1.44,4.2,8.0,1.44,4.78,8.56
2014-03-29,Swansea,Norwich,H,1.73,3.9,5.25,1.75,3.25,5.5,1.72,3.89,5.48
2014-03-30,Liverpool,Tottenham,H,1.48,4.75,7.5,1.44,4.33,7.0,1.46,5.05,7.35
2014-03-30,Fulham,Everton,A,5.0,3.75,1.8,5.0,3.1,1.83,5.1,3.73,1.8
2014-03-31,Sunderland,West Ham,A,2.3,3.3,3.5,2.3,3.1,3.3,2.25,3.37,3.59
2014-04-05,Aston Villa,Fulham,A,2.05,3.5,4.0,2.0,3.25,4.0,2.0,3.59,4.16
2014-04-05,Cardiff,Crystal Palace,A,2.45,3.25,3.25,2.45,3.0,3.1,2.44,3.21,3.35
2014-04-05,Chelsea,Stoke,H,1.29,6.0,13.0,1.29,5.0,12.0,1.27,5.92,15.1
2014-04-05,Hull,Swansea,H,2.75,3.3,2.8,2.7,3.1,2.7,2.75,3.22,2.89
2014-04-05,Man City,Southampton,H,1.33,5.75,10.0,1.33,5.0,9.0,1.35,5.8,9.33
2014-04-05,Newcastle,Man United,A,4.2,3.7,1.95,4.0,3.25,2.0,4.12,3.7,1.97
2014-04-05,Norwich,West Brom,A,2.4,3.3,3.25,2.45,3.0,3.1,2.47,3.31,3.19
2014-04-06,Everton,Arsenal,H,2.5,3.4,3.0,2.5,3.1,3.0,2.45,3.53,3.05
2014-04-06,West Ham,Liverpool,A,9.0,5.0,1.4,8.0,4.5,1.4,9.37,5.3,1.38
2014-04-07,Tottenham,Sunderland,H,1.57,4.2,6.5,1.6,3.75,6.0,1.6,4.24,6.25
2014-04-12,Crystal Palace,Aston Villa,H,2.15,3.3,3.9,2.15,3.2,3.5,2.14,3.28,4.02
2014-04-12,Fulham,Norwich,H,2.15,3.5,3.6,2.2,3.2,3.4,2.21,3.43,3.62
2014-04-12,Southampton,Cardiff,A,1.45,4.75,8.0,1.5,4.0,7.0,1.49,4.71,7.38
2014-04-12,Stoke,Newcastle,H,2.1,3.4,3.9,2.15,3.2,3.5,2.12,3.43,3.9
2014-04-12,Sunderland,Everton,A,4.75,3.7,1.83,5.0,3.25,1.8,4.72,3.79,1.84
2014-04-12,West Brom,Tottenham,D,3.1,3.6,2.38,3.1,3.1,2.4,3.15,3.57,2.36
2014-04-13,Liverpool,Man City,H,2.45,3.7,2.9,2.5,3.1,2.9,2.45,3.72,2.92
2014-04-13,Swansea,Chelsea,A,5.0,3.6,1.83,5.0,3.2,1.83,4.72,3.69,1.85
2014-04-15,Arsenal,West Ham,H,1.4,5.0,9.0,1.44,4.0,8.0,1.42,4.98,8.76
2014-04-16,Man City,Sunderland,D,1.17,9.0,17.0,1.14,7.5,17.0,1.17,9.12,18.79
2014-04-16,Everton,Crystal Palace,A,1.4,4.75,10.0,1.4,4.2,9.0,1.44,4.69,8.97
2014-04-19,Aston Villa,Southampton,D,3.4,3.4,2.1,3.3,3.3,2.2,3.51,3.46,2.24
2014-04-19,Cardiff,Stoke,D,2.38,3.2,3.0,2.45,3.25,2.9,2.51,3.31,3.13
2014-04-19,Chelsea,Sunderland,A,1.18,7.0,13.0,1.2,6.0,15.0,1.19,7.73,18.89
2014-04-19,Newcastle,Swansea,A,2.63,3.3,2.6,2.62,3.4,2.6,2.78,3.42,2.72
2014-04-19,Tottenham,Fulham,H,1.5,4.2,6.5,1.53,4.2,6.0,1.53,4.56,6.77
2014-04-19,West Ham,Crystal Palace,A,2.2,3.2,3.4,2.25,3.2,3.3,2.24,3.37,3.61
2014-04-20,Everton,Man United,H,2.4,3.4,2.8,2.38,3.4,2.9,2.4,3.48,3.15
2014-04-20,Hull,Arsenal,A,4.5,3.6,1.8,4.4,3.6,1.8,4.86,3.74,1.83
2014-04-20,Norwich,Liverpool,A,8.5,5.0,1.33,8.0,5.0,1.36,9.19,5.51,1.37
2014-04-21,Man City,West Brom,H,1.2,7.0,11.0,1.2,7.0,12.0,1.2,8.1,16.5
2014-04-26,Fulham,Hull,D,2.3,3.4,3.4,2.25,3.25,3.25,2.35,3.48,3.25
2014-04-26,Man United,Norwich,H,1.36,5.25,9.5,1.36,4.8,8.5,1.38,5.35,9.08
2014-04-26,Southampton,Everton,H,2.8,3.5,2.6,2.88,3.4,2.4,2.74,3.59,2.65
2014-04-26,Stoke,Tottenham,A,3.2,3.4,2.38,3.2,3.2,2.3,3.33,3.39,2.35
2014-04-26,Swansea,Aston Villa,H,1.7,3.75,6.0,1.67,3.6,5.5,1.69,3.86,5.93
2014-04-26,West Brom,West Ham,H,1.91,3.75,4.33,1.91,3.5,4.0,1.88,3.74,4.55
2014-04-27,Crystal Palace,Man City,A,7.5,5.0,1.44,8.0,4.0,1.44,7.81,4.99,1.45
2014-04-27,Liverpool,Chelsea,A,1.67,4.2,5.25,1.7,3.6,5.0,1.69,4.15,5.28
2014-04-27,Sunderland,Cardiff,H,1.91,3.75,4.33,1.91,3.3,4.2,1.9,3.74,4.4
2014-04-28,Arsenal,Newcastle,H,1.29,6.0,12.0,1.3,5.0,11.0,1.26,6.45,13.58
2014-05-03,Swansea,Southampton,A,2.5,3.4,3.0,2.5,3.0,3.0,2.46,3.48,3.06
2014-05-03,West Ham,Tottenham,H,4.33,3.75,1.91,4.2,3.3,1.91,4.25,3.76,1.93
2014-05-03,Stoke,Fulham,H,2.3,3.6,3.25,2.38,3.1,3.1,2.37,3.59,3.13
2014-05-03,Aston Villa,Hull,H,2.5,3.3,3.1,2.5,3.0,3.0,2.49,3.27,3.2
2014-05-03,Man United,Sunderland,A,1.36,5.75,8.5,1.4,4.5,8.0,1.38,5.61,8.6
2014-05-03,Everton,Man City,A,5.0,4.0,1.75,5.0,3.4,1.75,4.95,4.04,1.75
2014-05-03,Newcastle,Cardiff,H,2.05,3.6,3.8,2.05,3.3,3.6,2.09,3.62,3.75
2014-05-04,Arsenal,West Brom,H,1.29,6.0,13.0,1.29,5.0,12.0,1.28,6.29,12.54
2014-05-04,Chelsea,Norwich,D,1.2,7.5,17.0,1.22,5.5,15.0,1.21,7.12,18.25
2014-05-05,Crystal Palace,Liverpool,D,9.0,5.0,1.4,8.0,4.5,1.4,8.91,5.06,1.41
2014-05-06,Man United,Hull,H,1.36,5.5,9.0,1.36,4.8,9.0,1.38,5.42,8.82
2014-05-07,Man City,Aston Villa,H,1.14,9.5,21.0,1.14,7.5,19.0,1.13,11.03,22.39
2014-05-07,Sunderland,West Brom,H,2.1,3.2,4.2,1.95,3.0,4.5,2.14,3.17,4.22
2014-05-11,West Brom,Stoke,A,2.1,3.6,3.75,2.1,3.25,3.6,2.06,3.66,3.82
2014-05-11,Tottenham,Aston Villa,H,1.5,4.5,7.5,1.5,3.8,7.5,1.47,4.64,7.97
2014-05-11,Sunderland,Swansea,A,2.3,3.4,3.4,2.3,3.2,3.2,2.4,3.4,3.23
2014-05-11,Southampton,Man United,D,2.63,3.5,2.8,2.62,3.1,2.8,2.6,3.65,2.76
2014-05-11,Norwich,Arsenal,A,4.5,3.8,1.85,4.33,3.4,1.85,4.62,3.81,1.85
2014-05-11,Fulham,Crystal Palace,D,2.63,3.5,2.8,2.62,3.1,2.8,2.53,3.5,2.95
2014-05-11,Liverpool,Newcastle,H,1.22,7.5,13.0,1.22,6.0,12.0,1.21,8.03,13.96
2014-05-11,Hull,Everton,A,4.0,3.6,2.0,3.8,3.2,2.05,4.06,3.62,2.01
2014-05-11,Cardiff,Chelsea,A,8.0,4.75,1.44,8.0,4.0,1.44,8.38,5.02,1.43
2014-05-11,Man City,West Ham,H,1.17,9.0,17.0,1.17,7.0,15.0,1.17,8.8,18.25
2014-08-16,West Brom,Sunderland,D,2.25,3.4,3.5,2.3,3.1,3.3,2.21,3.34,3.73
2014-08-16,West Ham,Tottenham,A,3.8,3.6,2.05,3.75,3.3,2.05,3.96,3.55,2.06
2014-08-16,Stoke,Aston Villa,A,1.95,3.5,4.5,1.95,3.2,4.2,1.95,3.47,4.55
2014-08-16,Leicester,Everton,D,3.2,3.4,2.4,3.1,3.1,2.4,3.14,3.38,2.46
2014-08-16,Man United,Swansea,A,1.36,5.0,11.0,1.36,4.5,9.0,1.37,5.1,10.6
2014-08-16,Arsenal,Crystal Palace,H,1.25,6.5,15.0,1.25,5.5,12.0,1.26,6.45,14.01
2014-08-16,QPR,Hull,A,2.5,3.3,3.1,2.6,3.0,2.9,2.48,3.26,3.22
2014-08-17,Liverpool,Southampton,H,1.33,5.75,10.0,1.36,4.5,9.0,1.35,5.48,10.3
2014-08-17,Newcastle,Man City,A,5.25,4.33,1.67,5.0,3.75,1.67,5.8,4.28,1.63
2014-08-18,Burnley,Chelsea,A,9.0,5.0,1.4,9.0,4.2,1.4,9.77,4.81,1.41
2014-08-23,Swansea,Burnley,H,1.65,4.0,6.0,1.67,3.4,6.0,1.64,4.13,5.98
2014-08-23,Southampton,West Brom,D,1.85,3.7,4.75,1.91,3.2,4.5,1.86,3.76,4.62
2014-08-23,Everton,Arsenal,D,2.8,3.4,2.7,2.7,3.1,2.7,2.72,3.45,2.76
2014-08-23,Chelsea,Leicester,H,1.2,7.5,17.0,1.22,5.5,15.0,1.21,7.28,17.7
2014-08-23,Aston Villa,Newcastle,D,2.5,3.4,3.0,2.45,3.25,2.9,2.56,3.36,3.01
2014-08-23,Crystal Palace,West Ham,A,2.5,3.3,3.1,2.5,3.2,2.8,2.44,3.25,3.3
2014-08-24,Hull,Stoke,D,2.5,3.25,3.2,2.5,3.2,2.8,2.48,3.18,3.31
2014-08-24,Sunderland,Man United,D,5.0,4.0,1.75,4.5,3.5,1.8,4.95,3.93,1.79
2014-08-24,Tottenham,QPR,H,1.45,4.75,8.0,1.5,4.0,7.0,1.49,4.64,7.5
2014-08-25,Man City,Liverpool,H,1.85,4.0,4.33,1.85,3.4,4.33,1.83,4.05,4.43
2014-08-30,QPR,Sunderland,H,2.4,3.25,3.3,2.5,2.9,3.1,2.43,3.23,3.35
2014-08-30,Swansea,West Brom,H,1.85,3.6,4.75,1.91,3.1,4.5,1.88,3.66,4.67
2014-08-30,Newcastle,Crystal Palace,D,1.75,3.75,5.25,1.75,3.2,5.5,1.74,3.78,5.58
2014-08-30,West Ham,Southampton,A,2.8,3.4,2.7,2.9,2.8,2.75,2.8,3.43,2.69
2014-08-30,Everton,Chelsea,A,3.75,3.3,2.2,3.6,2.88,2.25,3.79,3.33,2.19
2014-08-30,Man City,Stoke,A,1.18,8.0,18.0,1.2,5.5,21.0,1.2,7.8,17.95
2014-08-30,Burnley,Man United,D,6.0,4.2,1.62,6.5,3.4,1.62,6.11,4.18,1.62
2014-08-31,Aston Villa,Hull,H,2.3,3.3,3.5,2.38,2.88,3.4,2.33,3.16,3.63
2014-08-31,Leicester,Arsenal,D,4.75,3.75,1.83,4.8,3.0,1.91,4.54,3.8,1.87
2014-08-31,Tottenham,Liverpool,A,2.7,3.5,2.7,2.7,3.0,2.8,2.69,3.48,2.77
2014-09-13,Sunderland,Tottenham,D,3.6,3.5,2.15,3.4,3.3,2.15,3.71,3.5,2.15
2014-09-13,West Brom,Everton,A,3.5,3.5,2.2,3.4,3.2,2.2,3.57,3.48,2.21
2014-09-13,Southampton,Newcastle,H,1.8,3.75,5.0,1.83,3.2,5.0,1.79,3.78,5.06
2014-09-13,Stoke,Leicester,A,2.1,3.4,4.0,2.15,3.1,3.6,2.1,3.35,4.07
2014-09-13,Crystal Palace,Burnley,D,2.25,3.3,3.6,2.25,3.1,3.4,2.23,3.35,3.66
2014-09-13,Chelsea,Swansea,H,1.3,5.75,12.0,1.3,5.0,11.0,1.32,5.62,12.04
2014-09-13,Arsenal,Man City,D,3.0,3.4,2.5,3.0,3.0,2.5,3.03,3.48,2.48
2014-09-13,Liverpool,Aston Villa,A,1.3,6.0,11.0,1.3,5.0,11.0,1.3,5.92,11.85
2014-09-14,Man United,QPR,H,1.29,6.25,12.0,1.3,5.0,11.0,1.27,6.33,13.29
2014-09-15,Hull,West Ham,D,2.15,3.4,3.75,2.2,3.1,3.5,2.15,3.33,3.91
2014-09-20,West Ham,Liverpool,H,4.5,3.8,1.85,4.5,3.3,1.85,4.56,3.89,1.84
2014-09-20,Aston Villa,Arsenal,A,4.75,3.6,1.85,4.5,3.4,1.83,4.71,3.63,1.88
2014-09-20,Burnley,Sunderland,D,2.5,3.3,3.1,2.5,3.2,2.8,2.49,3.36,3.12
2014-09-20,Newcastle,Hull,D,2.2,3.3,3.75,2.2,3.2,3.4,2.14,3.4,3.86
2014-09-20,QPR,Stoke,D,2.8,3.25,2.8,2.7,3.0,2.8,2.77,3.15,2.91
2014-09-20,Swansea,Southampton,A,2.5,3.3,3.1,2.5,3.25,2.8,2.46,3.34,3.18
2014-09-21,Tottenham,West Brom,A,1.53,4.33,7.0,1.53,3.75,7.0,1.53,4.39,7.25
2014-09-21,Man City,Chelsea,D,2.38,3.5,3.1,2.4,3.1,3.1,2.39,3.56,3.12
2014-09-21,Everton,Crystal Palace,A,1.4,5.0,9.0,1.4,4.5,8.0,1.39,5.09,9.52
2014-09-21,Leicester,Man United,H,5.5,4.2,1.67,5.5,3.5,1.67,5.64,4.23,1.65
2014-09-27,Arsenal,Tottenham,D,1.75,3.9,5.0,1.8,3.5,4.5,1.8,3.86,4.87
2014-09-27,Chelsea,Aston Villa,H,1.22,7.0,16.0,1.25,5.5,12.0,1.22,7.05,16.5
2014-09-27,Crystal Palace,Leicester,H,2.63,3.4,2.88,2.7,3.1,2.7,2.64,3.37,2.9
2014-09-27,Hull,Man City,A,6.5,4.2,1.57,6.5,3.6,1.57,6.79,4.32,1.56
2014-09-27,Liverpool,Everton,D,1.91,3.75,4.33,1.91,3.4,4.0,1.96,3.81,4.04
2014-09-27,Man United,West Ham,H,1.4,5.5,8.0,1.4,4.5,8.0,1.39,5.44,8.41
2014-09-27,Southampton,QPR,H,1.44,4.6,8.5,1.44,4.0,8.0,1.47,4.63,8.14
2014-09-27,Sunderland,Swansea,D,2.9,3.3,2.63,2.7,3.1,2.7,2.96,3.23,2.69
2014-09-28,West Brom,Burnley,H,2.0,3.5,4.2,2.0,3.2,4.0,2.01,3.46,4.29
2014-09-29,Stoke,Newcastle,H,2.15,3.4,3.8,2.15,3.2,3.5,2.13,3.42,3.86
2014-10-04,Swansea,Newcastle,D,1.91,3.7,4.33,1.91,3.3,4.2,1.92,3.65,4.44
2014-10-04,Sunderland,Stoke,H,2.55,3.25,3.1,2.6,3.0,2.9,2.55,3.23,3.14
2014-10-04,Liverpool,West Brom,H,1.44,5.0,7.5,1.44,4.33,7.0,1.46,4.78,7.95
2014-10-04,Aston Villa,Man City,A,7.5,4.5,1.5,7.0,3.75,1.53,8.05,4.57,1.48
2014-10-04,Hull,Crystal Palace,H,2.1,3.5,3.8,2.1,3.1,3.8,2.12,3.44,3.89
2014-10-04,Leicester,Burnley,D,1.8,3.75,5.0,1.8,3.25,5.0,1.79,3.72,5.16
2014-10-05,Chelsea,Arsenal,H,1.67,4.2,5.25,1.67,3.6,5.5,1.67,4.1,5.64
2014-10-05,Man United,Everton,H,1.67,4.2,5.25,1.67,3.6,5.5,1.66,4.19,5.62
2014-10-05,Tottenham,Southampton,H,2.2,3.5,3.5,2.25,3.1,3.4,2.16,3.45,3.73
2014-10-05,West Ham,QPR,H,1.91,3.6,4.5,1.95,3.3,4.0,1.91,3.61,4.56
2014-10-18,Newcastle,Leicester,H,2.25,3.6,3.3,2.2,3.1,3.5,2.25,3.59,3.31
2014-10-18,Southampton,Sunderland,H,1.57,4.0,7.0,1.62,3.4,6.5,1.59,4.12,6.79
2014-10-18,Man City,Tottenham,H,1.45,4.75,8.0,1.5,4.0,7.0,1.47,4.79,7.77
2014-10-18,Burnley,West Ham,A,2.8,3.4,2.7,2.8,3.0,2.7,2.83,3.37,2.7
2014-10-18,Crystal Palace,Chelsea,A,8.5,4.75,1.44,8.0,4.0,1.44,8.5,4.68,1.45
2014-10-18,Everton,Aston Villa,H,1.6,4.0,6.5,1.62,3.6,6.0,1.56,4.29,6.76
2014-10-18,Arsenal,Hull,D,1.4,5.0,9.0,1.44,4.0,8.0,1.44,4.87,8.39
2014-10-19,QPR,Liverpool,A,6.0,4.2,1.6,6.0,3.6,1.62,6.52,4.3,1.58
2014-10-19,Stoke,Swansea,H,2.5,3.3,3.1,2.5,3.0,3.0,2.55,3.31,3.07
2014-10-20,West Brom,Man United,D,5.0,4.0,1.75,5.0,3.4,1.75,5.05,3.97,1.75
2014-10-25,West Ham,Man City,H,6.5,4.5,1.55,5.5,4.0,1.55,6.66,4.71,1.52
2014-10-25,West Brom,Crystal Palace,D,1.91,3.6,4.5,1.85,3.3,4.2,1.89,3.62,4.65
2014-10-25,Swansea,Leicester,H,1.95,3.7,4.2,1.95,3.5,3.6,1.92,3.72,4.37
2014-10-25,Southampton,Stoke,H,1.65,4.0,6.0,1.6,3.6,5.5,1.65,4.1,5.94
2014-10-25,Liverpool,Hull,D,1.44,4.75,8.0,1.4,4.5,7.0,1.44,4.84,8.29
2014-10-25,Sunderland,Arsenal,A,5.5,3.8,1.73,4.8,3.75,1.65,5.21,3.95,1.74
2014-10-26,Burnley,Everton,A,4.75,3.75,1.83,4.33,3.6,1.75,4.49,3.81,1.87
2014-10-26,Man United,Chelsea,D,2.88,3.6,2.5,2.88,3.3,2.4,2.92,3.5,2.55
2014-10-26,Tottenham,Newcastle,A,1.75,3.9,5.0,1.7,3.75,4.4,1.76,3.93,5.03
2014-10-27,QPR,Aston Villa,H,2.38,3.25,3.4,2.3,3.1,3.1,2.33,3.32,3.45
2014-11-01,Leicester,West Brom,A,2.3,3.5,3.3,2.38,3.2,3.1,2.35,3.46,3.27
2014-11-01,Stoke,West Ham,D,2.38,3.4,3.25,2.4,3.1,3.1,2.42,3.37,3.22
2014-11-01,Hull,Southampton,A,3.8,3.6,2.05,3.75,3.1,2.1,4.01,3.61,2.03
2014-11-01,Newcastle,Liverpool,H,3.8,3.75,2.0,3.8,3.2,2.05,3.77,3.74,2.05
2014-11-01,Chelsea,QPR,H,1.17,8.5,21.0,1.17,6.5,19.0,1.19,7.8,19.99
2014-11-01,Everton,Swansea,D,1.75,3.8,5.25,1.75,3.25,5.5,1.74,3.85,5.39
2014-11-01,Arsenal,Burnley,H,1.25,6.5,14.0,1.29,5.0,12.0,1.28,6.21,13.23
2014-11-02,Aston Villa,Tottenham,A,3.75,3.6,2.1,3.8,3.1,2.1,3.89,3.53,2.08
2014-11-02,Man City,Man United,H,1.91,3.75,4.33,1.91,3.3,4.2,1.9,3.81,4.33
2014-11-03,Crystal Palace,Sunderland,A,2.1,3.5,3.8,2.15,3.1,3.6,2.08,3.48,3.96
2014-11-08,Southampton,Leicester,H,1.44,4.75,8.0,1.44,4.0,8.0,1.44,4.83,8.54
2014-11-08,QPR,Man City,D,7.0,4.75,1.5,7.0,4.0,1.5,7.14,4.73,1.5
2014-11-08,West Ham,Aston Villa,D,1.75,3.75,5.5,1.75,3.4,5.0,1.75,3.73,5.52
2014-11-08,Liverpool,Chelsea,A,3.4,3.4,2.3,3.4,3.0,2.3,3.36,3.46,2.31
2014-11-08,Burnley,Hull,H,2.5,3.4,3.0,2.6,3.0,2.9,2.52,3.36,3.07
2014-11-08,Man United,Crystal Palace,H,1.3,6.0,11.0,1.33,4.8,10.0,1.3,5.87,12.0
2014-11-09,Sunderland,Everton,D,4.0,3.5,2.05,3.8,3.2,2.05,4.07,3.48,2.05
2014-11-09,Swansea,Arsenal,H,3.75,3.5,2.1,3.5,3.1,2.2,3.59,3.5,2.19
2014-11-09,Tottenham,Stoke,A,1.7,4.0,5.5,1.7,3.4,5.5,1.69,3.91,5.81
2014-11-09,West Brom,Newcastle,A,2.3,3.5,3.3,2.3,3.1,3.3,2.26,3.45,3.47
2014-11-22,Newcastle,QPR,H,1.83,3.75,4.75,1.91,3.1,4.5,1.85,3.71,4.75
2014-11-22,Arsenal,Man United,A,2.15,3.6,3.5,2.2,3.0,3.6,2.16,3.67,3.51
2014-11-22,Chelsea,West Brom,H,1.25,6.5,15.0,1.25,5.0,15.0,1.24,6.64,15.21
2014-11-22,Everton,West Ham,H,1.85,3.8,4.5,1.91,3.0,4.8,1.85,3.82,4.59
2014-11-22,Leicester,Sunderland,D,2.1,3.5,3.8,2.15,2.9,4.0,2.1,3.51,3.87
2014-11-22,Man City,Swansea,H,1.4,5.25,8.5,1.4,4.33,9.0,1.39,5.36,8.85
2014-11-22,Stoke,Burnley,A,1.7,3.8,5.75,1.73,3.1,6.0,1.68,3.89,5.9
2014-11-23,Hull,Tottenham,A,3.6,3.4,2.2,3.6,2.87,2.25,3.72,3.46,2.16
2014-11-23,Crystal Palace,Liverpool,H,4.33,3.7,1.91,4.5,3.0,1.95,4.65,3.74,1.86
2014-11-24,Aston Villa,Southampton,D,5.25,3.75,1.75,5.0,3.2,1.8,5.54,3.79,1.74
2014-11-29,West Ham,Newcastle,H,2.15,3.5,3.6,2.2,3.1,3.5,2.12,3.54,3.76
2014-11-29,Burnley,Aston Villa,D,2.15,3.4,3.75,2.2,3.1,3.5,2.15,3.38,3.85
2014-11-29,Liverpool,Stoke,H,1.73,4.0,5.0,1.73,3.5,5.0,1.74,3.91,5.31
2014-11-29,Man United,Hull,H,1.33,5.75,10.0,1.33,5.0,9.0,1.33,5.65,10.75
2014-11-29,QPR,Leicester,H,2.38,3.4,3.25,2.38,3.1,3.2,2.32,3.41,3.38
2014-11-29,Sunderland,Chelsea,D,9.0,5.0,1.4,8.0,4.5,1.4,10.2,5.12,1.38
2014-11-29,Swansea,Crystal Palace,D,1.8,3.75,5.0,1.83,3.4,4.5,1.81,3.73,5.04
2014-11-29,West Brom,Arsenal,A,4.5,3.8,1.85,4.5,3.3,1.85,4.68,3.7,1.86
2014-11-30,Southampton,Man City,A,3.2,3.6,2.3,3.2,3.0,2.38,3.08,3.5,2.44
2014-11-30,Tottenham,Everton,H,2.25,3.6,3.25,2.38,3.0,3.2,2.24,3.58,3.39
2014-12-02,Swansea,QPR,H,1.73,3.8,5.5,1.75,3.4,5.0,1.72,3.96,5.38
2014-12-02,Man United,Stoke,H,1.45,4.5,8.5,1.5,3.6,8.0,1.44,4.7,8.65
2014-12-02,Burnley,Newcastle,D,2.8,3.3,2.75,2.8,3.0,2.75,2.87,3.29,2.72
2014-12-02,Crystal Palace,Aston Villa,A,2.1,3.4,4.0,2.15,3.1,3.8,2.08,3.42,4.05
2014-12-02,West Brom,West Ham,A,2.5,3.4,3.0,2.5,3.0,3.0,2.54,3.33,3.06
2014-12-02,Leicester,Liverpool,A,3.8,3.6,2.05,3.75,3.1,2.1,3.8,3.58,2.09
2014-12-03,Sunderland,Man City,A,7.5,4.5,1.5,6.5,3.8,1.53,7.23,4.67,1.5
2014-12-03,Everton,Hull,D,1.53,4.33,7.0,1.55,3.6,7.0,1.5,4.41,7.8
2014-12-03,Arsenal,Southampton,H,1.8,3.75,5.0,1.8,3.4,4.6,1.78,3.86,5.02
2014-12-03,Chelsea,Tottenham,H,1.4,5.0,9.0,1.4,4.2,9.0,1.44,4.93,8.02
2014-12-06,Tottenham,Crystal Palace,D,1.6,4.2,6.0,1.62,3.6,6.0,1.62,4.19,6.13
2014-12-06,Stoke,Arsenal,H,4.0,3.6,2.0,4.0,3.2,2.0,4.2,3.48,2.02
2014-12-06,QPR,Burnley,H,2.05,3.5,4.0,2.1,3.25,3.6,2.08,3.38,4.1
2014-12-06,Hull,West Brom,D,2.45,3.3,3.2,2.45,3.1,3.1,2.4,3.29,3.33
2014-12-06,Man City,Everton,H,1.5,4.75,7.0,1.53,4.0,6.0,1.52,4.75,6.68
2014-12-06,Liverpool,Sunderland,D,1.5,4.5,7.5,1.53,4.0,6.0,1.52,4.46,7.25
2014-12-06,Newcastle,Chelsea,H,7.0,4.33,1.53,6.5,4.0,1.55,6.88,4.37,1.55
2014-12-07,Aston Villa,Leicester,H,2.4,3.4,3.2,2.4,3.1,3.1,2.37,3.4,3.28
2014-12-07,West Ham,Swansea,H,2.35,3.4,3.25,2.4,3.1,3.1,2.42,3.43,3.17
2014-12-08,Southampton,Man United,A,2.8,3.4,2.7,2.8,3.25,2.7,2.8,3.45,2.68
2014-12-13,Arsenal,Newcastle,H,1.44,4.75,8.0,1.44,4.0,8.0,1.45,4.95,7.88
2014-12-13,Burnley,Southampton,H,5.5,3.75,1.73,5.0,3.4,1.75,5.55,3.8,1.74
2014-12-13,Chelsea,Hull,H,1.18,8.0,18.0,1.2,6.0,15.0,1.18,7.92,20.96
2014-12-13,Crystal Palace,Stoke,D,2.6,3.25,3.0,2.62,3.0,2.9,2.57,3.29,3.06
2014-12-13,Leicester,Man City,A,7.0,4.75,1.5,6.0,4.33,1.5,6.77,4.74,1.51
2014-12-13,Sunderland,West Ham,D,2.95,3.4,2.55,2.9,3.0,2.62,2.98,3.41,2.55
2014-12-13,West Brom,Aston Villa,H,2.15,3.4,3.8,2.15,3.1,3.6,2.14,3.37,3.92
2014-12-14,Swansea,Tottenham,A,2.5,3.4,3.0,2.5,3.0,3.0,2.5,3.47,3.02
2014-12-14,Man United,Liverpool,H,1.8,3.8,4.75,1.85,3.3,4.5,1.83,3.94,4.55
2014-12-15,Everton,QPR,H,1.45,4.5,8.5,1.44,4.0,8.0,1.47,4.65,7.9
2014-12-20,Southampton,Everton,H,2.45,3.5,3.0,2.5,3.2,2.8,2.47,3.46,3.06
2014-12-20,Tottenham,Burnley,H,1.5,4.5,7.5,1.5,4.0,7.0,1.49,4.63,7.52
2014-12-20,QPR,West Brom,H,2.45,3.3,3.2,2.5,3.2,2.8,2.48,3.37,3.13
2014-12-20,West Ham,Leicester,H,1.75,3.9,5.0,1.73,3.5,5.0,1.72,4.03,5.2
2014-12-20,Hull,Swansea,A,3.1,3.3,2.5,2.8,3.1,2.6,3.08,3.33,2.53
2014-12-20,Man City,Crystal Palace,H,1.29,6.0,12.0,1.3,5.0,11.0,1.31,5.7,12.44
2014-12-20,Aston Villa,Man United,D,6.25,4.0,1.62,6.0,3.6,1.62,6.25,4.2,1.61
2014-12-21,Liverpool,Arsenal,D,2.8,3.5,2.6,2.8,3.1,2.62,2.78,3.59,2.62
2014-12-21,Newcastle,Sunderland,A,2.05,3.5,4.0,2.1,3.2,3.6,2.1,3.44,3.97
2014-12-22,Stoke,Chelsea,A,6.25,4.0,1.62,6.0,3.4,1.67,6.21,4.1,1.62
2014-12-26,Sunderland,Hull,A,2.05,3.4,4.2,2.05,3.2,3.75,2.06,3.37,4.22
2014-12-26,West Brom,Man City,A,6.5,4.5,1.53,7.0,4.0,1.5,6.65,4.45,1.55
2014-12-26,Swansea,Aston Villa,H,1.75,3.75,5.25,1.73,3.5,5.0,1.77,3.74,5.32
2014-12-26,Man United,Newcastle,H,1.4,5.0,9.0,1.4,4.33,8.0,1.38,5.28,9.25
2014-12-26,Leicester,Tottenham,A,3.8,3.6,2.05,3.75,3.1,2.1,3.75,3.55,2.12
2014-12-26,Everton,Stoke,A,1.83,3.6,5.0,1.8,3.5,4.5,1.83,3.65,5.03
2014-12-26,Crystal Palace,Southampton,A,3.75,3.4,2.15,3.5,3.1,2.2,3.66,3.4,2.21
2014-12-26,Chelsea,West Ham,H,1.33,5.75,10.0,1.33,5.0,9.0,1.35,5.56,10.33
2014-12-26,Burnley,Liverpool,A,4.75,3.8,1.8,4.2,3.75,1.8,4.8,3.97,1.79
2014-12-26,Arsenal,QPR,H,1.29,6.0,13.0,1.28,5.0,11.0,1.28,6.4,12.51
2014-12-28,Stoke,West Brom,H,1.91,3.6,4.5,1.91,3.1,4.5,1.9,3.51,4.78
2014-12-28,Southampton,Chelsea,D,4.75,3.75,1.83,4.5,3.3,1.85,4.83,3.65,1.85
2014-12-28,QPR,Crystal Palace,D,2.38,3.4,3.25,2.4,3.1,3.1,2.47,3.34,3.15
2014-12-28,Tottenham,Man United,D,3.25,3.6,2.3,3.3,3.2,2.25,3.25,3.62,2.29
2014-12-28,Man City,Burnley,D,1.18,8.0,19.0,1.17,6.5,19.0,1.16,8.55,22.5
2014-12-28,Hull,Leicester,A,2.25,3.4,3.5,2.25,3.2,3.3,2.28,3.38,3.5
2014-12-28,Aston Villa,Sunderland,D,2.35,3.3,3.4,2.4,3.1,3.1,2.33,3.26,3.5
2014-12-28,Newcastle,Everton,H,2.9,3.4,2.6,2.8,3.1,2.62,2.98,3.42,2.55
2014-12-28,West Ham,Arsenal,A,3.5,3.5,2.2,3.3,3.3,2.2,3.53,3.64,2.17
2014-12-29,Liverpool,Swansea,H,1.7,4.0,5.5,1.73,3.5,5.0,1.71,3.91,5.55
2015-01-01,Aston Villa,Crystal Palace,D,2.4,3.3,3.3,2.4,3.1,3.1,2.43,3.24,3.33
2015-01-01,Tottenham,Chelsea,H,5.0,3.75,1.8,5.0,3.25,1.8,4.86,3.92,1.79
2015-01-01,Stoke,Man United,D,4.2,3.5,2.0,4.0,3.3,1.95,4.12,3.5,2.03
2015-01-01,Southampton,Arsenal,H,2.9,3.4,2.6,3.0,3.0,2.5,2.91,3.42,2.6
2015-01-01,QPR,Swansea,D,3.0,3.4,2.5,3.0,3.0,2.5,3.02,3.44,2.51
2015-01-01,West Ham,West Brom,D,1.85,3.75,4.5,1.85,3.3,4.5,1.88,3.71,4.56
2015-01-01,Man City,Sunderland,H,1.22,7.0,15.0,1.25,5.0,15.0,1.25,6.87,13.85
2015-01-01,Liverpool,Leicester,D,1.4,5.0,9.0,1.4,4.5,8.0,1.42,5.04,8.38
2015-01-01,Hull,Everton,H,3.4,3.4,2.3,3.2,3.2,2.3,3.44,3.39,2.3
2015-01-01,Newcastle,Burnley,D,1.83,3.75,4.75,1.73,3.8,4.5,1.83,3.74,4.88
2015-01-10,Burnley,QPR,H,2.2,3.4,3.6,2.2,3.3,3.3,2.16,3.47,3.7
2015-01-10,Chelsea,Newcastle,H,1.2,7.5,17.0,1.22,5.5,15.0,1.2,7.5,17.8
2015-01-10,Crystal Palace,Tottenham,H,3.5,3.5,2.2,3.3,3.3,2.2,3.69,3.42,2.19
2015-01-10,Everton,Man City,D,4.5,3.75,1.85,4.33,3.3,1.91,4.52,3.81,1.86
2015-01-10,Leicester,Aston Villa,H,2.2,3.4,3.6,2.2,3.1,3.5,2.18,3.29,3.89
2015-01-10,Sunderland,Liverpool,A,4.5,3.6,1.91,4.33,3.2,1.95,4.58,3.59,1.91
2015-01-10,Swansea,West Ham,D,2.25,3.5,3.4,2.3,3.2,3.2,2.24,3.42,3.55
2015-01-10,West Brom,Hull,H,2.05,3.4,4.2,2.05,3.1,4.0,2.04,3.32,4.4
2015-01-11,Arsenal,Stoke,H,1.44,4.75,8.0,1.44,4.2,8.0,1.47,4.58,8.17
2015-01-11,Man United,Southampton,A,1.83,3.75,4.75,1.85,3.4,4.5,1.85,3.7,4.8
2015-01-17,Burnley,Crystal Palace,A,2.55,3.25,3.1,2.5,3.2,2.9,2.57,3.22,3.13
2015-01-17,Swansea,Chelsea,A,7.0,4.2,1.55,7.0,3.6,1.57,7.17,4.15,1.56
2015-01-17,Tottenham,Sunderland,H,1.62,4.2,6.0,1.62,3.6,6.0,1.59,4.26,6.4
2015-01-17,QPR,Man United,A,6.0,4.2,1.62,5.5,3.6,1.67,6.29,4.13,1.62
2015-01-17,Aston Villa,Liverpool,A,4.5,3.6,1.91,4.33,3.3,1.91,4.88,3.55,1.88
2015-01-17,Leicester,Stoke,A,2.63,3.3,2.9,2.62,3.1,2.8,2.61,3.27,3.02
2015-01-17,Newcastle,Southampton,A,3.3,3.3,2.38,3.1,3.1,2.4,3.32,3.36,2.38
2015-01-18,Man City,Arsenal,A,1.8,4.0,4.5,1.83,3.8,4.0,1.8,4.06,4.57
2015-01-18,West Ham,Hull,H,1.75,3.75,5.25,1.75,3.5,5.0,1.79,3.62,5.4
2015-01-19,Everton,West Brom,D,1.85,3.6,4.75,1.85,3.4,4.5,1.85,3.67,4.84
2015-01-31,West Brom,Tottenham,A,2.9,3.3,2.63,2.8,3.1,2.62,2.88,3.26,2.73
2015-01-31,Sunderland,Burnley,H,2.25,3.3,3.6,2.25,3.1,3.4,2.25,3.32,3.64
2015-01-31,Stoke,QPR,H,1.65,4.0,6.0,1.7,3.4,5.5,1.65,4.01,6.09
2015-01-31,Man United,Leicester,H,1.36,5.5,9.5,1.36,4.5,10.0,1.36,5.28,10.15
2015-01-31,Liverpool,West Ham,H,1.67,4.0,5.75,1.7,3.4,5.5,1.65,4.2,5.67
2015-01-31,Hull,Newcastle,A,2.7,3.25,2.88,2.7,3.1,2.7,2.65,3.23,3.0
2015-01-31,Crystal Palace,Everton,A,2.8,3.3,2.75,2.7,3.1,2.7,2.8,3.24,2.82
2015-01-31,Chelsea,Man City,D,2.15,3.5,3.6,2.15,3.2,3.6,2.16,3.52,3.66
2015-02-01,Arsenal,Aston Villa,H,1.25,6.5,15.0,1.29,5.0,12.0,1.27,6.21,14.32
2015-02-01,Southampton,Swansea,A,1.6,4.0,6.5,1.62,3.6,6.0,1.62,3.99,6.62
2015-02-07,Swansea,Sunderland,D,1.91,3.5,4.6,1.91,3.1,4.5,1.91,3.48,4.78
2015-02-07,QPR,Southampton,A,4.75,3.6,1.85,4.5,3.4,1.85,4.62,3.63,1.89
2015-02-07,Man City,Hull,D,1.18,8.0,19.0,1.2,6.0,17.0,1.19,8.0,18.0
2015-02-07,Tottenham,Arsenal,H,3.25,3.5,2.3,3.3,3.1,2.3,3.2,3.64,2.31
2015-02-07,Everton,Liverpool,D,3.4,3.4,2.3,3.3,3.1,2.3,3.36,3.47,2.3
2015-02-07,Aston Villa,Chelsea,A,10.0,5.25,1.36,9.5,4.5,1.36,10.8,4.92,1.38
2015-02-07,Leicester,Crystal Palace,A,2.4,3.3,3.25,2.4,3.1,3.1,2.42,3.29,3.3
2015-02-08,Burnley,West Brom,D,2.6,3.25,3.0,2.62,3.1,2.8,2.6,3.28,3.02
2015-02-08,Newcastle,Stoke,D,2.3,3.4,3.4,2.3,3.2,3.2,2.28,3.34,3.54
2015-02-08,West Ham,Man United,D,4.2,3.6,1.95,4.0,3.2,2.0,4.1,3.72,1.97
2015-02-10,Arsenal,Leicester,H,1.29,6.0,12.0,1.29,5.0,11.0,1.29,6.14,12.21
2015-02-10,Hull,Aston Villa,H,2.38,3.1,3.5,2.3,3.0,3.4,2.34,3.16,3.63
2015-02-10,Liverpool,Tottenham,H,1.91,3.8,4.2,1.91,3.3,4.2,1.92,3.84,4.19
2015-02-10,Sunderland,QPR,A,1.91,3.6,4.5,1.91,3.3,4.33,1.9,3.69,4.5
2015-02-11,West Brom,Swansea,H,2.55,3.25,3.1,2.5,3.0,3.1,2.48,3.27,3.21
2015-02-11,Stoke,Man City,A,5.75,3.8,1.7,5.5,3.5,1.7,5.64,3.98,1.69
2015-02-11,Southampton,West Ham,D,1.73,3.9,5.25,1.73,3.5,5.0,1.71,3.9,5.57
2015-02-11,Crystal Palace,Newcastle,D,2.38,3.3,3.3,2.3,3.2,3.2,2.35,3.35,3.38
2015-02-11,Chelsea,Everton,H,1.33,5.5,11.0,1.33,4.8,10.0,1.33,5.68,11.14
2015-02-11,Man United,Burnley,H,1.29,6.0,12.0,1.3,5.0,11.0,1.31,5.98,11.42
2015-02-21,Swansea,Man United,H,4.2,3.5,2.0,4.0,3.2,2.0,3.97,3.56,2.05
2015-02-21,Aston Villa,Stoke,A,2.7,3.2,2.9,2.7,3.0,2.75,2.64,3.25,3.01
2015-02-21,Chelsea,Burnley,D,1.2,7.5,17.0,1.2,6.0,17.0,1.21,7.45,17.66
2015-02-21,Crystal Palace,Arsenal,A,4.75,3.75,1.83,5.0,3.1,1.85,4.93,3.73,1.82
2015-02-21,Hull,QPR,H,2.05,3.3,4.2,2.1,3.1,3.75,2.08,3.46,3.99
2015-02-21,Man City,Newcastle,H,1.3,6.0,11.0,1.3,4.5,13.0,1.3,6.07,11.7
2015-02-21,Sunderland,West Brom,D,2.7,3.2,2.9,2.75,2.9,2.8,2.67,3.2,2.99
2015-02-22,Tottenham,West Ham,D,1.8,3.8,4.75,1.83,3.2,4.8,1.83,4.02,4.46
2015-02-22,Everton,Leicester,D,1.83,3.6,5.0,1.83,3.2,4.8,1.86,3.62,4.84
2015-02-22,Southampton,Liverpool,A,2.63,3.3,2.9,2.62,3.1,2.75,2.5,3.38,3.09
2015-02-28,Burnley,Swansea,A,2.63,3.3,2.9,2.7,3.1,2.75,2.62,3.35,2.94
2015-02-28,Man United,Sunderland,H,1.36,5.25,10.0,1.4,4.0,11.0,1.36,5.25,10.35
2015-02-28,Newcastle,Aston Villa,H,1.95,3.5,4.5,2.0,3.1,4.2,1.96,3.41,4.63
2015-02-28,Stoke,Hull,H,1.91,3.5,4.75,2.0,3.1,4.2,1.95,3.44,4.6
2015-02-28,West Brom,Southampton,H,3.4,3.2,2.38,3.1,3.1,2.4,3.48,3.24,2.36
2015-02-28,West Ham,Crystal Palace,A,2.15,3.4,3.75,2.15,3.1,3.6,2.14,3.4,3.86
2015-03-01,Arsenal,Everton,H,1.57,4.5,6.0,1.57,3.75,6.5,1.55,4.47,6.6
2015-03-01,Liverpool,Man City,H,3.1,3.6,2.38,3.1,3.1,2.4,3.16,3.59,2.36
2015-03-03,Southampton,Crystal Palace,H,1.7,3.8,5.75,1.7,3.3,6.0,1.71,3.79,5.86
2015-03-03,Aston Villa,West Brom,H,2.88,3.1,2.88,2.8,3.0,2.7,2.82,3.14,2.88
2015-03-03,Hull,Sunderland,D,2.15,3.3,3.9,2.1,3.1,3.8,2.22,3.24,3.82
2015-03-04,Tottenham,Swansea,H,1.75,3.8,5.25,1.75,3.4,5.0,1.74,3.99,5.15
2015-03-04,Liverpool,Burnley,H,1.36,5.25,10.0,1.36,4.33,9.5,1.4,5.16,9.14
2015-03-04,Man City,Leicester,H,1.25,7.0,13.0,1.25,5.5,13.0,1.26,6.63,12.62
2015-03-04,Newcastle,Man United,A,4.2,3.5,2.0,4.2,3.1,2.0,4.14,3.54,2.01
2015-03-04,QPR,Arsenal,A,7.0,4.33,1.53,7.0,3.8,1.53,6.62,4.57,1.54
2015-03-04,Stoke,Everton,H,2.5,3.3,3.1,2.5,3.1,3.0,2.44,3.36,3.2
2015-03-04,West Ham,Chelsea,A,6.25,4.0,1.62,5.0,4.0,1.62,6.25,4.18,1.61
2015-03-07,QPR,Tottenham,A,4.75,3.9,1.8,5.0,3.2,1.83,4.67,3.98,1.8
2015-03-14,Sunderland,Aston Villa,A,2.38,3.25,3.4,2.4,3.0,3.2,2.31,3.25,3.57
2015-03-14,West Brom,Stoke,H,2.38,3.25,3.4,2.4,3.0,3.25,2.38,3.23,3.44
2015-03-14,Leicester,Hull,D,2.2,3.3,3.75,2.25,3.1,3.4,2.21,3.29,3.78
2015-03-14,Burnley,Man City,H,7.5,5.0,1.44,7.0,4.5,1.44,7.62,4.85,1.46
2015-03-14,Arsenal,West Ham,H,1.4,5.0,9.0,1.4,4.5,8.0,1.38,5.36,9.08
2015-03-14,Crystal Palace,QPR,H,1.83,3.75,4.75,1.75,3.6,4.75,1.78,3.83,5.04
2015-03-15,Chelsea,Southampton,D,1.62,4.0,6.5,1.62,3.6,6.0,1.62,4.0,6.55
2015-03-15,Everton,Newcastle,H,1.83,3.75,4.75,1.85,3.4,4.5,1.82,3.67,5.05
2015-03-15,Man United,Tottenham,H,1.91,3.75,4.33,1.95,3.4,4.0,1.89,3.74,4.45
2015-03-16,Swansea,Liverpool,A,4.0,3.6,2.0,4.0,3.1,2.05,4.24,3.51,2.0
2015-03-21,Aston Villa,Swansea,A,2.5,3.25,2.8,2.4,3.1,3.1,2.52,3.22,3.2
2015-03-21,Man City,West Brom,H,1.3,5.5,8.5,1.33,5.0,9.0,1.32,5.85,10.89
2015-03-21,Newcastle,Arsenal,A,6.0,3.8,1.57,6.0,3.75,1.6,6.15,4.34,1.6
2015-03-21,Southampton,Burnley,H,1.4,4.5,7.5,1.44,4.0,8.0,1.46,4.55,8.5
2015-03-21,Stoke,Crystal Palace,A,2.1,3.3,3.5,2.15,3.2,3.5,2.16,3.34,3.88
2015-03-21,Tottenham,Leicester,H,1.53,4.0,6.0,1.6,4.0,5.5,1.59,4.36,6.15
2015-03-21,West Ham,Sunderland,H,1.8,3.5,4.5,1.85,3.5,4.33,1.81,3.69,5.14
2015-03-22,Liverpool,Man United,A,2.05,3.4,3.6,2.1,3.25,3.5,2.14,3.49,3.76
2015-03-22,Hull,Chelsea,A,7.0,4.33,1.44,7.0,4.0,1.5,8.52,4.42,1.48
2015-03-22,QPR,Everton,A,3.3,3.4,2.15,3.3,3.3,2.2,3.55,3.42,2.25
2015-04-04,West Brom,QPR,A,1.8,3.5,4.5,1.73,3.3,5.5,1.78,3.67,5.41
2015-04-04,Swansea,Hull,H,1.91,3.5,4.2,2.0,3.1,4.2,1.97,3.4,4.56
2015-04-04,Leicester,West Ham,H,2.38,3.3,3.1,2.25,3.4,3.1,2.33,3.54,3.24
2015-04-04,Man United,Aston Villa,H,1.3,5.5,10.0,1.33,4.8,10.0,1.31,5.7,12.0
2015-04-04,Everton,Southampton,H,2.63,3.2,2.8,2.6,3.1,2.8,2.73,3.3,2.85
2015-04-04,Chelsea,Stoke,H,1.29,5.5,11.0,1.29,5.0,12.0,1.27,6.06,14.38
2015-04-04,Arsenal,Liverpool,H,1.83,3.75,4.2,1.83,3.4,4.5,1.85,3.89,4.51
2015-04-05,Burnley,Tottenham,D,3.5,3.4,2.1,3.5,3.1,2.2,3.5,3.63,2.18
2015-04-05,Sunderland,Newcastle,H,2.5,3.1,3.1,2.62,3.1,2.8,2.59,3.29,3.03
2015-04-06,Crystal Palace,Man City,H,5.0,4.0,1.67,4.8,3.8,1.7,5.6,4.03,1.68
2015-04-07,Aston Villa,QPR,D,2.15,3.4,3.8,2.15,3.2,3.6,2.1,3.43,3.95
2015-04-11,West Ham,Stoke,D,2.3,3.4,3.4,2.3,3.2,3.2,2.33,3.37,3.4
2015-04-11,West Brom,Leicester,A,2.3,3.4,3.4,2.3,3.2,3.2,2.33,3.38,3.39
2015-04-11,Swansea,Everton,D,2.5,3.3,3.1,2.5,3.2,2.9,2.48,3.31,3.17
2015-04-11,Tottenham,Aston Villa,A,1.62,4.2,6.0,1.62,3.8,5.5,1.63,4.26,5.93
2015-04-11,Southampton,Hull,H,1.53,4.2,7.5,1.53,3.75,7.0,1.53,4.18,7.8
2015-04-11,Burnley,Arsenal,A,6.5,4.33,1.57,6.0,3.8,1.57,6.25,4.35,1.58
2015-04-11,Sunderland,Crystal Palace,A,2.9,3.2,2.7,2.7,3.1,2.7,3.0,3.18,2.68
2015-04-12,Man United,Man City,H,2.63,3.4,2.88,2.7,3.1,2.7,2.74,3.5,2.71
2015-04-12,QPR,Chelsea,A,9.0,5.0,1.4,8.0,4.5,1.4,9.2,4.99,1.4
2015-04-13,Liverpool,Newcastle,H,1.4,5.0,9.0,1.4,4.5,8.0,1.4,5.05,9.45
2015-04-18,Chelsea,Man United,H,2.0,3.4,4.33,2.0,3.3,4.33,2.0,3.45,4.33
2015-04-18,Crystal Palace,West Brom,A,1.95,3.5,4.5,1.95,3.25,4.2,1.92,3.5,4.69
2015-04-18,Everton,Burnley,H,1.73,3.8,5.5,1.75,3.5,5.0,1.76,3.81,5.29
2015-04-18,Leicester,Swansea,H,2.15,3.4,3.75,2.15,3.3,3.4,2.1,3.53,3.83
2015-04-18,Stoke,Southampton,H,3.5,3.25,2.3,3.2,3.2,2.3,3.58,3.28,2.29
2015-04-19,Newcastle,Tottenham,A,3.3,3.5,2.3,3.2,3.1,2.38,3.3,3.53,2.32
2015-04-19,Man City,West Ham,H,1.25,6.5,11.0,1.29,5.0,12.0,1.25,6.76,13.35
2015-04-25,Burnley,Leicester,A,2.63,3.3,2.9,2.62,2.88,3.0,2.5,3.34,3.1
2015-04-25,Crystal Palace,Hull,A,2.05,3.3,4.2,2.1,3.0,4.0,2.09,3.34,4.16
2015-04-25,Man City,Aston Villa,H,1.29,6.0,12.0,1.29,4.8,12.0,1.27,6.45,12.4
2015-04-25,Newcastle,Swansea,A,2.45,3.25,3.25,2.5,2.9,3.1,2.42,3.33,3.26
2015-04-25,QPR,West Ham,D,2.38,3.4,3.25,2.4,3.0,3.2,2.39,3.47,3.2
2015-04-25,Southampton,Tottenham,D,2.1,3.5,3.8,2.1,3.1,3.75,2.05,3.49,4.06
2015-04-25,Stoke,Sunderland,D,1.91,3.5,4.75,1.95,3.0,4.5,1.93,3.45,4.73
2015-04-25,West Brom,Liverpool,D,4.0,3.6,2.0,4.0,3.1,2.05,4.15,3.51,2.02
2015-04-26,Everton,Man United,H,3.75,3.4,2.15,3.6,3.0,2.2,3.66,3.39,2.2
2015-04-26,Arsenal,Chelsea,D,2.4,3.3,3.3,2.4,3.1,3.1,2.35,3.29,3.44
2015-04-28,Hull,Liverpool,H,4.33,3.4,2.0,3.8,3.4,2.0,4.15,3.44,2.04
2015-04-29,Leicester,Chelsea,A,5.75,3.8,1.7,4.8,3.8,1.7,5.58,3.98,1.69
2015-05-02,Swansea,Stoke,H,2.3,3.4,3.4,2.3,3.2,3.2,2.28,3.43,3.45
2015-05-02,Aston Villa,Everton,H,2.75,3.3,2.8,2.7,3.1,2.7,2.78,3.32,2.79
2015-05-02,Leicester,Newcastle,H,1.91,3.7,4.33,1.91,3.5,4.0,1.97,3.64,4.18
2015-05-02,Liverpool,QPR,H,1.36,5.25,10.0,1.4,4.5,8.0,1.38,5.2,9.56
2015-05-02,Man United,West Brom,A,1.36,5.25,10.0,1.36,4.5,9.0,1.38,5.23,10.35
2015-05-02,Sunderland,Southampton,H,4.2,3.4,2.05,4.0,3.1,2.05,4.04,3.44,2.08
2015-05-02,West Ham,Burnley,H,2.25,3.5,3.4,2.25,3.2,3.3,2.29,3.45,3.39
2015-05-03,Tottenham,Man City,A,3.75,3.75,2.05,3.75,3.3,2.05,3.69,3.81,2.07
2015-05-03,Chelsea,Crystal Palace,H,1.36,5.25,10.0,1.36,4.8,8.5,1.35,5.32,10.82
2015-05-04,Hull,Arsenal,A,5.5,4.0,1.7,5.5,3.5,1.7,5.52,3.9,1.72
2015-05-09,Leicester,Southampton,H,2.6,3.4,2.9,2.62,3.1,2.8,2.62,3.35,2.94
2015-05-09,Stoke,Tottenham,H,2.9,3.4,2.6,2.8,3.1,2.62,2.9,3.45,2.59
2015-05-09,Hull,Burnley,A,1.95,3.5,4.5,1.95,3.4,4.0,1.93,3.58,4.5
2015-05-09,Newcastle,West Brom,D,2.55,3.3,3.0,2.62,3.1,2.8,2.5,3.36,3.09
2015-05-09,Crystal Palace,Man United,A,4.5,3.6,1.91,4.33,3.3,1.91,4.66,3.66,1.88
2015-05-09,Aston Villa,West Ham,H,1.91,3.7,4.33,1.95,3.4,4.0,1.91,3.69,4.45
2015-05-09,Everton,Sunderland,A,1.8,3.75,5.0,1.73,3.5,5.0,1.79,3.8,5.06
2015-05-10,Chelsea,Liverpool,D,2.1,3.5,3.8,2.1,3.2,3.75,2.1,3.44,3.96
2015-05-10,Man City,QPR,H,1.22,7.5,13.0,1.22,6.0,13.0,1.23,7.4,13.75
2015-05-11,Arsenal,Swansea,A,1.3,6.0,11.0,1.33,5.0,9.0,1.31,5.93,11.5
2015-05-16,West Ham,Everton,A,2.9,3.4,2.6,2.8,3.1,2.6,2.99,3.5,2.51
2015-05-16,Tottenham,Hull,H,1.8,3.8,4.75,1.8,3.3,5.0,1.79,3.99,4.72
2015-05-16,Southampton,Aston Villa,H,1.75,3.8,5.25,1.75,3.5,5.0,1.76,3.83,5.25
2015-05-16,Sunderland,Leicester,D,2.8,3.3,2.75,2.7,3.1,2.7,2.83,3.3,2.75
2015-05-16,Liverpool,Crystal Palace,A,1.45,4.75,8.0,1.44,4.2,8.0,1.49,4.76,7.23
2015-05-16,Burnley,Stoke,D,2.7,3.3,2.88,2.7,3.1,2.7,2.61,3.39,2.92
2015-05-16,QPR,Newcastle,H,3.1,3.5,2.4,2.9,3.25,2.4,3.01,3.57,2.45
2015-05-17,Man United,Arsenal,D,2.45,3.5,3.0,2.5,3.1,3.0,2.5,3.46,3.02
2015-05-17,Swansea,Man City,A,4.75,4.2,1.75,5.0,3.5,1.75,5.03,4.23,1.71
2015-05-18,West Brom,Chelsea,H,4.1,3.5,2.0,4.0,3.1,2.05,4.21,3.54,2.0
2015-05-20,Arsenal,Sunderland,D,1.3,6.0,11.0,1.29,5.5,11.0,1.32,5.46,12.31
2015-05-24,Man City,Southampton,H,1.57,4.5,6.0,1.57,3.8,6.0,1.6,4.62,5.59
2015-05-24,Stoke,Liverpool,H,3.5,3.6,2.15,3.3,3.3,2.2,3.51,3.7,2.15
2015-05-24,Newcastle,West Ham,H,1.83,4.0,4.33,1.8,3.5,4.5,1.79,4.0,4.69
2015-05-24,Leicester,QPR,H,1.6,4.33,6.0,1.62,3.8,5.5,1.57,4.57,6.02
2015-05-24,Hull,Man United,D,3.2,3.75,2.25,3.2,3.3,2.25,3.22,3.71,2.27
2015-05-24,Crystal Palace,Swansea,H,2.25,3.6,3.3,2.3,3.2,3.2,2.21,3.7,3.38
2015-05-24,Chelsea,Sunderland,H,1.36,5.25,9.5,1.36,4.5,10.0,1.36,5.33,10.43
2015-05-24,Aston Villa,Burnley,A,2.1,3.6,3.75,2.1,3.3,3.5,2.12,3.67,3.65
2015-05-24,Arsenal,West Brom,H,1.4,5.25,8.5,1.4,4.5,8.0,1.43,4.91,8.53
2015-05-24,Everton,Tottenham,A,2.4,3.6,3.0,2.4,3.1,3.1,2.31,3.72,3.12
2015-08-08,Leicester,Sunderland,H,1.95,3.5,4.33,2.0,3.1,2.7,1.99,3.48,4.34
2015-08-08,Bournemouth,Aston Villa,A,2.0,3.6,4.0,1.91,3.5,4.0,1.95,3.65,4.27
2015-08-08,Chelsea,Swansea,D,1.36,5.0,11.0,1.4,4.0,10.0,1.39,4.92,10.39
2015-08-08,Everton,Watford,D,1.7,3.9,5.5,1.73,3.5,5.0,1.7,3.95,5.62
2015-08-08,Man United,Tottenham,H,1.65,4.0,6.0,1.62,3.6,6.0,1.65,4.09,5.9
2015-08-08,Norwich,Crystal Palace,A,2.55,3.3,3.0,2.6,3.1,2.88,2.52,3.35,3.08
2015-08-09,Stoke,Liverpool,A,3.4,3.4,2.3,3.3,3.1,2.3,3.48,3.46,2.25
2015-08-09,Arsenal,West Ham,A,1.29,6.0,12.0,1.3,5.0,11.0,1.31,5.75,12.0
2015-08-09,Newcastle,Southampton,D,2.88,3.3,2.7,2.7,3.1,2.7,2.88,3.33,2.69
2015-08-10,West Brom,Man City,A,5.75,4.0,1.67,5.5,3.5,1.7,5.75,3.98,1.68
2015-08-14,Aston Villa,Man United,A,5.5,3.8,1.73,5.5,3.6,1.75,5.66,3.83,1.72
2015-08-15,Watford,West Brom,D,2.3,3.4,3.4,2.3,3.2,3.2,2.25,3.41,3.54
2015-08-15,Tottenham,Stoke,D,1.8,3.75,5.0,1.8,3.3,5.0,1.79,3.75,5.09
2015-08-15,West Ham,Leicester,A,2.25,3.5,3.4,2.3,3.2,3.2,2.25,3.52,3.42
2015-08-15,Sunderland,Norwich,A,2.5,3.3,3.1,2.5,3.0,3.0,2.52,3.35,3.08
2015-08-15,Southampton,Everton,A,1.95,3.6,4.33,2.0,3.25,4.0,1.98,3.6,4.21
2015-08-15,Swansea,Newcastle,H,1.95,3.6,4.33,1.95,3.2,4.33,1.94,3.66,4.3
2015-08-16,Man City,Chelsea,H,2.1,3.5,3.75,2.15,3.2,3.6,2.08,3.56,3.87
2015-08-16,Crystal Palace,Arsenal,A,5.25,3.9,1.73,5.0,3.5,1.75,5.34,3.97,1.72
2015-08-17,Liverpool,Bournemouth,H,1.45,4.75,8.0,1.5,4.2,6.5,1.44,4.74,8.6
2015-08-22,Crystal Palace,Aston Villa,H,1.85,3.6,4.75,1.85,3.4,4.5,1.85,3.63,4.89
2015-08-22,Leicester,Tottenham,D,2.63,3.6,2.75,2.7,3.1,2.7,2.69,3.52,2.75
2015-08-22,Man United,Newcastle,D,1.36,5.25,10.0,1.36,5.0,8.0,1.39,5.15,9.62
2015-08-22,Norwich,Stoke,D,2.3,3.3,3.5,2.3,3.2,3.1,2.34,3.39,3.37
2015-08-22,Sunderland,Swansea,D,4.0,3.4,2.1,3.75,3.2,2.1,3.79,3.45,2.14
2015-08-22,West Ham,Bournemouth,A,2.38,3.4,3.2,2.4,3.1,3.1,2.43,3.44,3.15
2015-08-23,Everton,Man City,A,5.0,4.0,1.73,5.0,3.5,1.75,4.85,4.08,1.76
2015-08-23,Watford,Southampton,D,2.8,3.3,2.75,2.7,3.1,2.7,2.76,3.36,2.78
2015-08-23,West Brom,Chelsea,A,6.5,4.0,1.62,6.0,3.4,1.67,6.25,3.93,1.65
2015-08-24,Arsenal,Liverpool,D,1.75,4.0,5.0,1.73,3.5,5.0,1.74,4.0,5.12
2015-08-29,Tottenham,Everton,D,2.0,3.5,4.2,2.0,3.25,4.0,1.97,3.72,4.09
2015-08-29,Stoke,West Brom,A,1.95,3.4,4.5,1.95,3.25,4.2,1.95,3.5,4.5
2015-08-29,Newcastle,Arsenal,A,6.0,4.2,1.62,6.0,3.6,1.62,6.13,4.21,1.61
2015-08-29,Man City,Watford,H,1.2,8.0,15.0,1.22,6.0,13.0,1.19,8.0,17.75
2015-08-29,Aston Villa,Sunderland,D,1.91,3.5,4.75,1.91,3.2,4.5,1.93,3.51,4.62
2015-08-29,Chelsea,Crystal Palace,A,1.36,5.0,11.0,1.36,4.5,9.5,1.37,5.26,10.17
2015-08-29,Bournemouth,Leicester,D,2.2,3.6,3.4,2.2,3.2,3.4,2.15,3.63,3.57
2015-08-29,Liverpool,West Ham,A,1.36,5.5,9.0,1.36,4.5,9.5,1.36,5.28,10.21
2015-08-30,Southampton,Norwich,H,2.05,3.5,4.0,2.05,3.25,3.8,2.05,3.54,4.0
2015-08-30,Swansea,Man United,H,3.6,3.3,2.25,3.5,3.0,2.25,3.55,3.45,2.23
2015-09-12,Watford,Swansea,H,2.75,3.4,2.75,2.75,3.0,2.75,2.75,3.34,2.8
2015-09-12,West Brom,Southampton,D,3.2,3.2,2.5,3.1,3.0,2.5,3.21,3.26,2.49
2015-09-12,Norwich,Bournemouth,H,2.4,3.4,3.2,2.4,3.1,3.1,2.36,3.48,3.23
2015-09-12,Arsenal,Stoke,H,1.29,6.0,12.0,1.3,5.0,11.0,1.28,6.12,13.0
2015-09-12,Everton,Chelsea,H,4.0,3.6,2.0,4.0,3.1,2.05,4.11,3.57,2.01
2015-09-12,Crystal Palace,Man City,A,5.5,4.2,1.67,5.5,3.8,1.62,5.75,4.16,1.65
2015-09-12,Man United,Liverpool,H,2.0,3.4,4.33,1.95,3.4,4.5,1.94,3.49,4.56
2015-09-13,Leicester,Aston Villa,H,1.91,3.75,4.33,1.91,3.3,4.33,1.86,3.74,4.62
2015-09-13,Sunderland,Tottenham,A,4.33,3.6,1.95,4.2,3.25,1.95,4.32,3.65,1.94
2015-09-14,West Ham,Newcastle,H,2.25,3.5,3.4,2.25,3.1,3.4,2.23,3.53,3.48
2015-09-19,Swansea,Everton,D,2.3,3.4,3.4,2.3,3.2,3.2,2.3,3.44,3.4
2015-09-19,Stoke,Leicester,D,2.5,3.4,3.0,2.5,3.0,3.0,2.47,3.41,3.1
2015-09-19,Newcastle,Watford,A,2.5,3.3,3.1,2.5,3.2,2.9,2.54,3.36,3.04
2015-09-19,Man City,West Ham,A,1.29,6.5,11.0,1.29,5.0,12.0,1.27,6.45,12.78
2015-09-19,Bournemouth,Sunderland,H,1.7,4.0,5.5,1.73,3.6,5.0,1.71,3.99,5.35
2015-09-19,Aston Villa,West Brom,A,2.3,3.25,3.5,2.3,3.2,3.2,2.32,3.23,3.57
2015-09-19,Chelsea,Arsenal,H,2.45,3.5,3.0,2.4,3.1,3.1,2.45,3.51,3.06
2015-09-20,Liverpool,Norwich,D,1.67,4.0,5.75,1.67,3.6,5.5,1.68,3.94,5.81
2015-09-20,Southampton,Man United,A,3.1,3.3,2.5,3.0,3.0,2.5,3.22,3.3,2.46
2015-09-20,Tottenham,Crystal Palace,H,2.0,3.6,4.0,1.95,3.5,3.8,1.99,3.61,4.15
2015-09-26,Stoke,Bournemouth,H,2.55,3.3,3.0,2.5,3.1,3.0,2.47,3.46,3.06
2015-09-26,Tottenham,Man City,H,4.2,3.8,1.91,4.0,3.4,1.95,4.03,3.82,1.96
2015-09-26,Southampton,Swansea,H,2.05,3.4,4.2,2.05,3.1,4.0,2.04,3.51,4.07
2015-09-26,West Ham,Norwich,D,2.25,3.5,3.4,2.3,3.2,3.2,2.22,3.54,3.49
2015-09-26,Man United,Sunderland,H,1.2,7.5,16.0,1.22,6.0,13.0,1.23,6.9,16.7
2015-09-26,Leicester,Arsenal,A,4.5,4.0,1.8,4.0,3.75,1.85,4.55,3.97,1.83
2015-09-26,Newcastle,Chelsea,D,6.0,4.2,1.62,6.0,3.6,1.62,5.98,4.16,1.63
2015-09-26,Liverpool,Aston Villa,H,1.53,4.33,7.0,1.53,3.8,7.0,1.53,4.28,7.48
2015-09-27,Watford,Crystal Palace,A,2.5,3.3,3.1,2.5,3.1,3.0,2.49,3.36,3.12
2015-09-28,West Brom,Everton,A,3.1,3.3,2.5,3.1,3.0,2.5,3.06,3.39,2.51
2015-10-03,Aston Villa,Stoke,A,2.5,3.3,3.1,2.5,3.2,2.9,2.5,3.34,3.11
2015-10-03,Bournemouth,Watford,D,2.1,3.5,3.8,2.15,3.0,3.75,2.13,3.54,3.72
2015-10-03,Chelsea,Southampton,A,1.83,3.7,4.8,1.83,3.2,4.8,1.83,3.76,4.84
2015-10-03,Crystal Palace,West Brom,H,1.83,3.6,5.0,1.85,3.1,5.0,1.84,3.65,4.93
2015-10-03,Man City,Newcastle,H,1.25,7.0,13.0,1.25,6.0,13.0,1.24,6.9,13.8
2015-10-03,Norwich,Leicester,A,2.3,3.5,3.3,2.25,3.4,3.1,2.26,3.63,3.31
2015-10-03,Sunderland,West Ham,D,3.2,3.4,2.4,2.9,3.4,2.38,3.13,3.46,2.43
2015-10-04,Swansea,Tottenham,D,2.75,3.25,2.8,2.62,3.25,2.7,2.72,3.33,2.84
2015-10-04,Arsenal,Man United,H,2.0,3.8,3.8,1.95,3.6,3.75,2.06,3.67,3.81
2015-10-04,Everton,Liverpool,D,2.7,3.4,2.8,2.75,2.8,2.9,2.75,3.42,2.75
2015-10-17,West Brom,Sunderland,H,2.05,3.4,4.2,2.1,3.0,4.0,2.08,3.42,4.07
2015-10-17,Chelsea,Aston Villa,H,1.33,5.75,10.0,1.36,4.8,8.5,1.34,5.41,11.0
2015-10-17,Crystal Palace,West Ham,A,2.0,3.6,4.0,2.05,3.3,3.75,2.01,3.67,3.99
2015-10-17,Everton,Man United,A,3.25,3.4,2.38,3.2,3.0,2.4,3.23,3.4,2.4
2015-10-17,Man City,Bournemouth,H,1.33,5.75,10.0,1.36,4.8,8.5,1.34,5.58,10.6
2015-10-17,Southampton,Leicester,D,1.75,4.0,5.0,1.8,3.25,5.0,1.76,3.88,5.1
2015-10-17,Tottenham,Liverpool,D,2.5,3.5,3.0,2.5,3.3,3.0,2.48,3.54,2.99
2015-10-17,Watford,Arsenal,A,6.0,4.2,1.62,6.0,3.6,1.62,6.29,4.31,1.59
2015-10-18,Newcastle,Norwich,H,2.6,3.4,2.88,2.62,3.1,2.8,2.58,3.44,2.93
2015-10-19,Swansea,Stoke,A,2.05,3.4,4.2,2.05,3.1,4.0,2.08,3.41,4.06
2015-10-24,Arsenal,Everton,H,1.44,4.75,8.0,1.44,4.0,8.0,1.43,5.07,8.2
2015-10-24,Aston Villa,Swansea,A,3.0,3.3,2.6,3.0,2.9,2.62,3.09,3.22,2.59
2015-10-24,Leicester,Crystal Palace,H,2.2,3.6,3.4,2.3,2.9,3.5,2.21,3.56,3.48
2015-10-24,Norwich,West Brom,A,2.0,3.5,4.2,2.05,3.1,4.0,2.02,3.49,4.18
2015-10-24,Stoke,Watford,A,2.1,3.3,4.0,2.15,3.1,3.6,2.1,3.38,4.03
2015-10-24,West Ham,Chelsea,H,4.0,3.8,1.95,4.0,3.2,2.0,3.91,3.74,2.01
2015-10-25,Bournemouth,Tottenham,A,3.4,3.5,2.25,3.5,3.0,2.25,3.58,3.42,2.23
2015-10-25,Liverpool,Southampton,D,2.05,3.6,3.8,2.1,3.3,3.9,2.08,3.56,3.87
2015-10-25,Man United,Man City,D,2.6,3.5,2.8,2.7,3.2,2.88,2.59,3.41,2.93
2015-10-25,Sunderland,Newcastle,H,2.6,3.4,2.9,2.62,3.1,3.0,2.57,3.41,2.96
2015-10-31,West Brom,Leicester,A,2.9,3.4,2.6,2.9,3.0,2.62,2.84,3.36,2.7
2015-10-31,Watford,West Ham,H,2.6,3.4,2.9,2.62,3.1,2.8,2.6,3.38,2.94
2015-10-31,Swansea,Arsenal,A,5.0,4.0,1.75,5.0,3.5,1.75,5.05,3.93,1.76
2015-10-31,Crystal Palace,Man United,D,3.8,3.5,2.1,4.0,3.0,2.1,4.02,3.46,2.08
2015-10-31,Man City,Norwich,H,1.29,6.0,12.0,1.29,5.0,12.0,1.3,6.22,11.03
2015-10-31,Chelsea,Liverpool,A,2.1,3.5,3.75,2.1,3.2,3.75,2.07,3.54,3.92
2015-10-31,Newcastle,Stoke,D,2.4,3.4,3.2,2.4,3.1,3.1,2.39,3.43,3.24
2015-11-01,Everton,Sunderland,H,1.5,4.5,7.5,1.53,3.8,7.0,1.49,4.61,7.5
2015-11-01,Southampton,Bournemouth,H,1.55,4.33,6.5,1.57,3.8,6.0,1.55,4.37,6.88
2015-11-02,Tottenham,Aston Villa,H,1.44,4.75,8.0,1.44,4.2,8.0,1.43,4.8,9.0
2015-11-07,Stoke,Chelsea,H,3.8,3.6,2.05,3.75,3.1,2.1,3.96,3.51,2.07
2015-11-07,Sunderland,Southampton,A,4.75,3.8,1.8,5.0,3.2,1.8,4.79,3.81,1.82
2015-11-07,West Ham,Everton,D,2.6,3.5,2.8,2.62,3.1,2.8,2.58,3.49,2.89
2015-11-07,Norwich,Swansea,H,2.45,3.4,3.1,2.5,3.1,2.9,2.46,3.47,3.06
2015-11-07,Leicester,Watford,H,1.85,3.8,4.5,1.83,3.2,4.33,1.88,3.79,4.43
2015-11-07,Man United,West Brom,H,1.33,5.25,12.0,1.36,4.0,12.0,1.34,5.25,12.05
2015-11-07,Bournemouth,Newcastle,A,2.25,3.5,3.4,2.25,3.1,3.4,2.18,3.56,3.57
2015-11-08,Arsenal,Tottenham,D,1.73,4.0,5.0,1.75,3.4,5.0,1.7,4.18,5.21
2015-11-08,Aston Villa,Man City,D,7.5,5.0,1.44,8.0,4.0,1.44,8.15,4.93,1.44
2015-11-08,Liverpool,Crystal Palace,A,1.67,3.8,6.0,1.7,3.2,6.0,1.68,3.99,5.73
2015-11-21,Watford,Man United,A,4.33,3.4,2.0,4.0,3.1,2.05,4.14,3.38,2.07
2015-11-21,West Brom,Arsenal,H,7.0,4.33,1.53,6.5,4.0,1.53,6.68,4.29,1.57
2015-11-21,Southampton,Stoke,A,1.57,4.0,7.0,1.62,3.5,6.5,1.61,4.06,6.5
2015-11-21,Swansea,Bournemouth,D,1.91,3.6,4.5,1.95,3.1,4.5,1.91,3.59,4.6
2015-11-21,Man City,Liverpool,A,1.7,4.0,5.5,1.7,3.5,5.5,1.67,4.15,5.56
2015-11-21,Everton,Aston Villa,H,1.57,4.2,6.5,1.57,3.8,6.0,1.57,4.2,6.8
2015-11-21,Chelsea,Norwich,H,1.4,5.0,9.0,1.4,4.5,8.0,1.43,4.86,8.78
2015-11-21,Newcastle,Leicester,A,2.88,3.6,2.5,2.75,3.25,2.6,2.85,3.55,2.58
2015-11-22,Tottenham,West Ham,H,1.57,4.2,6.5,1.6,3.75,6.0,1.55,4.43,6.78
2015-11-23,Crystal Palace,Sunderland,A,1.57,4.0,7.0,1.6,3.4,7.0,1.56,4.31,6.77
2015-11-28,Sunderland,Stoke,H,3.2,3.3,2.45,3.1,3.1,2.4,3.16,3.28,2.51
2015-11-28,Aston Villa,Watford,A,2.75,3.3,2.8,2.7,3.1,2.7,2.77,3.25,2.85
2015-11-28,Bournemouth,Everton,D,2.9,3.6,2.5,2.9,3.2,2.5,2.95,3.53,2.51
2015-11-28,Crystal Palace,Newcastle,H,1.7,3.9,5.5,1.73,3.5,5.0,1.69,4.04,5.53
2015-11-28,Leicester,Man United,D,3.1,3.5,2.4,3.1,3.1,2.4,3.26,3.45,2.36
2015-11-28,Man City,Southampton,H,1.6,4.33,6.0,1.57,3.8,6.0,1.58,4.4,6.28
2015-11-29,West Ham,West Brom,D,2.05,3.5,4.0,2.05,3.3,3.75,2.1,3.41,3.98
2015-11-29,Tottenham,Chelsea,D,2.6,3.4,2.9,2.5,3.2,2.9,2.58,3.49,2.89
2015-11-29,Liverpool,Swansea,H,1.44,4.75,8.0,1.5,4.0,7.0,1.48,4.55,7.95
2015-11-29,Norwich,Arsenal,D,6.0,4.2,1.62,5.5,4.0,1.57,5.62,4.34,1.63
2015-12-05,Arsenal,Sunderland,H,1.29,6.0,13.0,1.29,5.0,12.0,1.28,6.14,13.53
2015-12-05,Chelsea,Bournemouth,A,1.36,5.25,9.5,1.36,4.5,9.0,1.38,5.23,9.75
2015-12-05,Man United,West Ham,D,1.44,4.5,9.0,1.44,3.8,9.0,1.43,4.7,9.06
2015-12-05,Southampton,Aston Villa,D,1.5,4.5,7.5,1.53,3.6,7.5,1.52,4.37,7.57
2015-12-05,Stoke,Man City,H,5.25,4.0,1.7,5.5,3.4,1.7,5.25,4.06,1.71
2015-12-05,Swansea,Leicester,A,2.7,3.4,2.75,2.8,3.1,2.62,2.68,3.44,2.8
2015-12-05,Watford,Norwich,H,2.15,3.5,3.6,2.15,3.1,3.6,2.16,3.48,3.7
2015-12-05,West Brom,Tottenham,D,4.75,3.6,1.85,4.5,3.1,1.91,4.75,3.69,1.85
2015-12-06,Newcastle,Liverpool,H,5.75,4.33,1.62,5.5,3.75,1.62,5.75,4.35,1.62
2015-12-07,Everton,Crystal Palace,D,2.1,3.6,3.75,2.0,3.3,3.75,2.06,3.63,3.88
2015-12-12,West Ham,Stoke,D,2.63,3.3,2.9,2.62,3.1,2.8,2.63,3.33,2.94
2015-12-12,Sunderland,Watford,A,2.9,3.3,2.63,2.75,3.0,2.75,2.86,3.31,2.71
2015-12-12,Norwich,Everton,D,2.9,3.5,2.55,2.9,3.2,2.5,2.92,3.56,2.52
2015-12-12,Bournemouth,Man United,H,3.4,3.4,2.3,3.2,3.2,2.3,3.46,3.39,2.29
2015-12-12,Crystal Palace,Southampton,H,2.6,3.3,3.0,2.5,3.1,3.0,2.55,3.32,3.06
2015-12-12,Man City,Swansea,H,1.3,6.0,11.0,1.33,4.8,10.0,1.32,5.9,10.9
2015-12-13,Aston Villa,Arsenal,A,6.5,4.2,1.57,6.5,3.75,1.57,6.24,4.24,1.6
2015-12-13,Liverpool,West Brom,D,1.4,4.75,10.0,1.4,4.33,9.0,1.45,4.59,9.0
2015-12-13,Tottenham,Newcastle,A,1.36,5.5,9.0,1.4,4.33,9.0,1.39,5.32,9.0
2015-12-14,Leicester,Chelsea,H,3.2,3.5,2.35,3.2,3.2,2.3,3.11,3.59,2.38
2015-12-19,Stoke,Crystal Palace,A,2.5,3.2,3.2,2.4,3.1,3.1,2.51,3.3,3.14
2015-12-19,West Brom,Bournemouth,A,2.55,3.3,3.0,2.6,3.1,2.8,2.64,3.27,2.98
2015-12-19,Southampton,Tottenham,A,2.7,3.4,2.8,2.7,3.1,2.7,2.66,3.44,2.83
2015-12-19,Chelsea,Sunderland,H,1.33,5.25,12.0,1.3,5.0,11.0,1.32,5.69,11.8
2015-12-19,Man United,Norwich,A,1.45,4.5,8.5,1.44,4.2,8.0,1.47,4.5,8.45
2015-12-19,Everton,Leicester,A,2.1,3.75,3.6,2.1,3.3,3.5,2.07,3.8,3.65
2015-12-19,Newcastle,Aston Villa,D,2.05,3.5,4.0,2.0,3.2,4.0,2.03,3.58,4.02
2015-12-20,Swansea,West Ham,D,2.1,3.4,3.9,2.15,3.25,3.5,2.1,3.46,3.92
2015-12-20,Watford,Liverpool,H,4.2,3.6,1.95,4.0,3.2,2.0,4.14,3.55,2.01
2015-12-21,Arsenal,Man City,H,2.45,3.5,3.0,2.4,3.1,3.1,2.38,3.58,3.12
2015-12-26,Tottenham,Norwich,H,1.4,4.75,8.0,1.44,4.2,8.0,1.46,4.77,8.0
2015-12-26,Swansea,West Brom,H,1.91,3.4,4.5,2.05,3.1,4.0,1.96,3.42,4.58
2015-12-26,Stoke,Man United,H,3.25,3.2,2.3,3.1,3.1,2.4,3.33,3.31,2.4
2015-12-26,Southampton,Arsenal,H,3.6,3.5,2.05,3.6,3.3,2.1,3.6,3.53,2.18
2015-12-26,Newcastle,Everton,A,3.2,3.5,2.2,3.25,3.3,2.25,3.37,3.58,2.25
2015-12-26,Liverpool,Leicester,H,1.91,3.8,3.8,1.95,3.5,3.8,1.95,3.87,4.0
2015-12-26,Chelsea,Watford,D,1.44,4.5,7.5,1.44,4.2,8.0,1.52,4.52,7.14
2015-12-26,Bournemouth,Crystal Palace,D,2.4,3.3,3.0,2.5,3.2,2.9,2.48,3.45,3.06
2015-12-26,Aston Villa,West Ham,D,2.63,3.25,2.75,2.7,3.1,2.7,2.66,3.29,2.94
2015-12-26,Man City,Sunderland,H,1.2,7.0,13.0,1.22,6.0,13.0,1.21,7.65,16.0
2015-12-28,West Brom,Newcastle,H,2.2,3.25,3.75,2.25,3.2,3.3,2.18,3.35,3.8
2015-12-28,West Ham,Southampton,H,3.6,3.4,2.2,3.4,3.2,2.2,3.57,3.41,2.24
2015-12-28,Watford,Tottenham,A,3.75,3.5,2.1,3.5,3.25,2.15,3.92,3.55,2.07
2015-12-28,Norwich,Aston Villa,H,2.05,3.6,3.8,2.05,3.4,3.6,2.05,3.53,4.02
2015-12-28,Everton,Stoke,A,1.95,3.6,4.2,1.95,3.5,3.8,1.95,3.63,4.3
2015-12-28,Crystal Palace,Swansea,D,2.1,3.4,4.0,1.91,3.5,4.0,2.09,3.41,4.03
2015-12-28,Arsenal,Bournemouth,H,1.44,4.75,8.0,1.36,4.8,8.5,1.45,4.86,8.07
2015-12-28,Man United,Chelsea,D,2.6,3.3,3.0,2.62,3.1,3.0,2.6,3.38,2.95
2015-12-29,Leicester,Man City,D,4.33,4.0,1.85,3.75,3.75,1.91,4.25,4.1,1.85
2015-12-30,Sunderland,Liverpool,A,5.5,3.9,1.7,4.75,3.6,1.75,5.51,3.91,1.71
2016-01-02,Sunderland,Aston Villa,H,2.5,3.25,3.2,2.4,3.1,3.1,2.49,3.34,3.14
2016-01-02,West Ham,Liverpool,H,4.0,3.5,2.05,3.8,3.4,2.0,3.97,3.62,2.03
2016-01-02,West Brom,Stoke,H,2.8,3.2,2.8,2.8,3.1,2.62,2.81,3.2,2.84
2016-01-02,Watford,Man City,A,5.0,4.0,1.75,5.0,3.6,1.73,5.14,4.11,1.72
2016-01-02,Norwich,Southampton,H,3.2,3.4,2.4,3.1,3.2,2.38,3.13,3.49,2.42
2016-01-02,Man United,Swansea,H,1.55,4.2,7.0,1.57,3.6,7.0,1.52,4.28,7.66
2016-01-02,Leicester,Bournemouth,D,1.91,3.75,4.33,1.95,3.4,4.0,1.94,3.75,4.18
2016-01-02,Arsenal,Newcastle,H,1.29,6.5,11.0,1.3,5.0,11.0,1.27,6.47,12.81
2016-01-03,Crystal Palace,Chelsea,A,3.8,3.5,2.1,3.75,3.2,2.1,3.98,3.49,2.07
2016-01-03,Everton,Tottenham,D,2.8,3.5,2.63,2.7,3.1,2.7,2.78,3.59,2.62
2016-01-12,Aston Villa,Crystal Palace,H,3.2,3.25,2.45,3.1,3.0,2.5,3.2,3.25,2.5
2016-01-12,Bournemouth,West Ham,A,2.0,3.6,4.0,2.0,3.4,3.8,2.01,3.65,4.02
2016-01-12,Newcastle,Man United,D,5.0,3.7,1.8,5.0,3.3,1.8,5.05,3.8,1.79
2016-01-13,Stoke,Norwich,H,2.05,3.3,4.2,2.05,3.1,4.0,2.01,3.44,4.31
2016-01-13,Tottenham,Leicester,A,1.75,3.8,5.25,1.8,3.5,4.5,1.75,3.95,5.09
2016-01-13,Southampton,Watford,H,1.95,3.5,4.33,2.0,3.2,4.0,2.0,3.51,4.25
2016-01-13,Swansea,Sunderland,A,1.8,3.6,5.25,1.8,3.4,4.8,1.78,3.71,5.32
2016-01-13,Liverpool,Arsenal,D,2.88,3.4,2.6,2.9,3.2,2.5,2.84,3.58,2.57
2016-01-13,Man City,Everton,D,1.53,4.75,6.0,1.53,4.0,6.5,1.52,4.88,6.44
2016-01-13,Chelsea,West Brom,D,1.44,4.5,9.0,1.44,4.2,8.0,1.46,4.58,8.54
2016-01-16,Aston Villa,Leicester,D,3.6,3.4,2.2,3.4,3.1,2.25,3.75,3.44,2.16
2016-01-16,Bournemouth,Norwich,H,1.91,3.6,4.5,1.95,3.1,4.33,1.89,3.68,4.54
2016-01-16,Chelsea,Everton,D,1.83,3.75,4.75,1.75,3.5,4.8,1.81,3.97,4.65
2016-01-16,Man City,Crystal Palace,H,1.4,5.25,8.5,1.4,4.2,9.0,1.39,5.34,8.88
2016-01-16,Newcastle,West Ham,H,2.5,3.4,3.0,2.62,3.1,2.75,2.55,3.5,2.92
2016-01-16,Southampton,West Brom,H,1.73,3.75,5.5,1.75,3.25,5.5,1.71,3.73,5.95
2016-01-16,Tottenham,Sunderland,H,1.36,5.25,9.5,1.4,4.0,10.0,1.35,5.48,10.2
2016-01-17,Stoke,Arsenal,D,4.33,3.6,1.95,4.33,3.1,1.95,4.29,3.61,1.96
2016-01-17,Liverpool,Man United,A,2.3,3.25,3.5,2.4,3.1,3.1,2.34,3.37,3.37
2016-01-18,Swansea,Watford,H,2.38,3.25,3.4,2.5,3.1,2.9,2.42,3.31,3.28
2016-01-23,Crystal Palace,Tottenham,A,3.6,3.5,2.15,3.3,3.3,2.2,3.63,3.4,2.22
2016-01-23,Leicester,Stoke,H,2.1,3.5,3.8,2.05,3.25,3.8,2.07,3.48,4.0
2016-01-23,Man United,Southampton,A,1.91,3.5,4.75,1.91,3.2,4.5,1.91,3.45,4.84
2016-01-23,Norwich,Liverpool,A,4.33,3.5,1.95,4.33,3.25,1.91,4.35,3.5,1.98
2016-01-23,Sunderland,Bournemouth,D,3.0,3.4,2.5,3.0,3.0,2.5,3.06,3.34,2.54
2016-01-23,Watford,Newcastle,H,2.05,3.5,4.0,2.1,3.2,3.75,2.07,3.54,3.93
2016-01-23,West Brom,Aston Villa,D,2.1,3.3,4.0,2.1,3.0,4.0,2.17,3.28,3.92
2016-01-23,West Ham,Man City,D,5.0,4.0,1.73,5.0,3.6,1.73,5.19,4.09,1.71
2016-01-24,Everton,Swansea,A,1.73,3.8,5.5,1.67,3.6,5.5,1.69,3.92,5.77
2016-01-24,Arsenal,Chelsea,A,2.1,3.5,3.9,2.1,3.2,3.75,2.06,3.62,3.87
2016-02-02,Arsenal,Southampton,D,1.75,3.75,5.25,1.8,3.2,5.0,1.76,3.72,5.39
2016-02-02,Crystal Palace,Bournemouth,A,2.45,3.3,3.2,2.5,3.1,3.0,2.48,3.25,3.23
2016-02-02,Leicester,Liverpool,H,2.63,3.4,2.88,2.62,3.1,2.8,2.62,3.44,2.88
2016-02-02,Man United,Stoke,H,1.7,3.75,5.75,1.67,3.5,6.0,1.68,3.82,6.17
2016-02-02,Norwich,Tottenham,A,4.5,3.75,1.85,4.5,3.4,1.83,4.57,3.79,1.85
2016-02-02,Sunderland,Man City,A,8.0,4.75,1.45,7.0,4.0,1.5,7.5,4.73,1.48
2016-02-02,West Brom,Swansea,D,2.63,3.1,3.1,2.62,3.0,2.9,2.68,3.04,3.14
2016-02-02,West Ham,Aston Villa,H,1.91,3.5,4.75,1.91,3.2,4.33,1.89,3.57,4.69
2016-02-03,Watford,Chelsea,D,4.33,3.5,1.95,4.0,3.25,2.0,4.32,3.43,2.01
2016-02-03,Everton,Newcastle,H,1.65,4.2,5.5,1.67,3.8,5.0,1.68,4.27,5.23
2016-02-06,Tottenham,Watford,H,1.5,4.33,8.0,1.5,4.0,7.0,1.51,4.39,7.73
2016-02-06,Swansea,Crystal Palace,D,2.25,3.3,3.6,2.25,3.1,3.4,2.26,3.28,3.67
2016-02-06,Stoke,Everton,A,2.7,3.4,2.8,2.62,3.1,2.8,2.66,3.36,2.88
2016-02-06,Southampton,West Ham,H,1.73,3.8,5.5,1.75,3.5,5.0,1.77,3.74,5.33
2016-02-06,Aston Villa,Norwich,H,2.45,3.2,3.3,2.4,3.1,3.1,2.44,3.27,3.28
2016-02-06,Man City,Leicester,A,1.62,4.2,6.0,1.62,3.6,6.0,1.61,4.26,6.14
2016-02-06,Liverpool,Sunderland,D,1.44,4.75,8.5,1.44,4.2,8.0,1.45,4.71,8.42
2016-02-06,Newcastle,West Brom,H,2.15,3.4,3.8,2.2,3.3,3.3,2.22,3.33,3.71
2016-02-07,Bournemouth,Arsenal,A,3.8,3.5,2.1,4.0,3.2,2.0,3.84,3.58,2.08
2016-02-07,Chelsea,Man United,D,2.15,3.3,3.9,2.1,3.1,3.8,2.1,3.37,4.04
2016-02-13,Norwich,West Ham,D,2.38,3.4,3.25,2.5,3.2,2.9,2.43,3.42,3.16
2016-02-13,Sunderland,Man United,H,5.25,3.75,1.75,5.0,3.3,1.8,5.1,3.74,1.79
2016-02-13,Everton,West Brom,A,1.53,4.2,7.5,1.53,3.75,7.0,1.52,4.33,7.65
2016-02-13,Swansea,Southampton,A,3.2,3.25,2.5,3.0,3.1,2.5,3.24,3.26,2.47
2016-02-13,Chelsea,Newcastle,H,1.44,4.75,8.0,1.44,4.2,8.0,1.46,4.79,7.95
2016-02-13,Crystal Palace,Watford,A,2.25,3.3,3.6,2.3,3.1,3.3,2.24,3.28,3.71
2016-02-13,Bournemouth,Stoke,A,2.05,3.4,4.1,2.05,3.1,4.0,2.07,3.44,4.06
2016-02-14,Arsenal,Leicester,H,1.75,4.0,5.0,1.75,3.8,4.5,1.71,4.16,5.08
2016-02-14,Aston Villa,Liverpool,A,4.75,3.6,1.85,4.5,3.4,1.85,4.89,3.59,1.86
2016-02-14,Man City,Tottenham,A,2.1,3.75,3.6,2.1,3.3,3.6,2.06,3.66,3.82
2016-02-27,West Ham,Sunderland,H,1.8,3.5,4.5,1.83,3.6,4.2,1.85,3.75,4.7
2016-02-27,Watford,Bournemouth,D,2.38,3.25,3.0,2.38,3.25,3.0,2.45,3.31,3.22
2016-02-27,West Brom,Crystal Palace,H,2.6,3.1,2.8,2.6,3.0,2.9,2.84,3.13,2.87
2016-02-27,Southampton,Chelsea,A,2.8,3.25,2.5,2.75,3.2,2.62,2.9,3.37,2.65
2016-02-27,Leicester,Norwich,H,1.5,4.33,6.0,1.5,4.2,6.5,1.57,4.42,6.32
2016-02-27,Stoke,Aston Villa,H,1.62,3.75,5.5,1.67,3.4,6.0,1.69,3.74,6.16
2016-02-28,Tottenham,Swansea,H,1.4,4.2,9.0,1.44,4.2,7.5,1.48,4.5,8.27
2016-02-28,Man United,Arsenal,H,3.0,3.25,2.38,3.3,3.2,2.25,3.32,3.32,2.39
2016-03-01,Norwich,Chelsea,A,5.25,4.0,1.7,5.5,3.6,1.67,5.31,4.08,1.7
2016-03-01,Aston Villa,Everton,A,4.5,3.6,1.91,4.5,3.4,1.85,4.44,3.69,1.91
2016-03-01,Bournemouth,Southampton,H,2.9,3.25,2.7,2.88,3.1,2.62,2.91,3.3,2.68
2016-03-01,Leicester,West Brom,D,1.73,3.8,5.5,1.7,3.5,5.5,1.73,3.84,5.5
2016-03-01,Sunderland,Crystal Palace,D,2.5,3.3,3.1,2.5,3.1,3.0,2.48,3.36,3.13
2016-03-02,West Ham,Tottenham,H,4.0,3.6,2.0,4.0,3.2,2.0,4.03,3.64,2.01
2016-03-02,Man United,Watford,H,1.67,3.8,6.0,1.67,3.4,6.0,1.66,3.92,6.21
2016-03-02,Stoke,Newcastle,H,2.0,3.5,4.2,1.95,3.4,4.0,2.03,3.53,4.1
2016-03-02,Arsenal,Swansea,A,1.36,5.25,10.0,1.36,4.8,8.5,1.37,5.21,10.28
2016-03-02,Liverpool,Man City,H,2.63,3.4,2.88,2.62,3.2,2.8,2.64,3.5,2.81
2016-03-05,Watford,Leicester,A,3.0,3.4,2.55,2.8,3.1,2.62,3.01,3.33,2.58
2016-03-05,Chelsea,Stoke,D,1.5,4.5,7.5,1.53,3.75,7.0,1.52,4.44,7.28
2016-03-05,Everton,West Ham,A,1.73,4.0,5.0,1.75,3.5,5.0,1.71,4.11,5.17
2016-03-05,Man City,Aston Villa,H,1.22,7.0,15.0,1.22,5.5,17.0,1.22,7.08,16.27
2016-03-05,Newcastle,Bournemouth,A,2.63,3.4,2.88,2.62,3.1,2.8,2.74,3.4,2.77
2016-03-05,Southampton,Sunderland,D,1.6,4.0,6.5,1.62,3.6,6.0,1.63,4.04,6.29
2016-03-05,Swansea,Norwich,H,2.05,3.5,4.0,2.05,3.1,4.0,2.04,3.47,4.13
2016-03-05,Tottenham,Arsenal,D,2.38,3.4,3.25,2.4,3.1,3.1,2.39,3.54,3.13
2016-03-06,West Brom,Man United,H,4.33,3.4,2.0,4.0,3.2,2.0,4.24,3.42,2.03
2016-03-06,Crystal Palace,Liverpool,A,3.8,3.5,2.1,3.75,3.1,2.15,3.71,3.5,2.15
2016-03-12,Bournemouth,Swansea,H,1.95,3.5,4.33,2.0,3.2,4.0,1.96,3.49,4.47
2016-03-12,Norwich,Man City,D,6.0,4.2,1.6,6.0,3.6,1.62,6.0,4.2,1.63
2016-03-12,Stoke,Southampton,A,2.7,3.2,2.9,2.7,3.1,2.7,2.73,3.22,2.91
2016-03-13,Aston Villa,Tottenham,A,7.5,4.5,1.5,7.0,4.0,1.5,7.27,4.41,1.52
2016-03-14,Leicester,Newcastle,H,1.57,4.33,6.25,1.62,3.6,6.0,1.62,4.29,5.92
2016-03-19,Watford,Stoke,A,2.4,3.25,3.3,2.5,3.0,3.1,2.4,3.27,3.36
2016-03-19,Swansea,Aston Villa,H,1.67,3.8,6.0,1.67,3.4,6.0,1.73,3.81,5.55
2016-03-19,West Brom,Norwich,A,2.25,3.3,3.6,2.25,3.2,3.3,2.31,3.24,3.6
2016-03-19,Crystal Palace,Leicester,A,3.0,3.4,2.5,3.0,3.1,2.5,2.96,3.35,2.6
2016-03-19,Chelsea,West Ham,D,1.75,3.8,5.25,1.73,3.6,5.0,1.76,3.9,5.1
2016-03-19,Everton,Arsenal,A,2.7,3.5,2.7,2.5,3.6,2.6,2.67,3.64,2.69
2016-03-20,Tottenham,Bournemouth,H,1.53,4.33,7.0,1.57,3.75,6.5,1.56,4.41,6.57
2016-03-20,Southampton,Liverpool,H,2.63,3.4,2.88,2.75,3.0,2.75,2.71,3.29,2.88
2016-03-20,Man City,Man United,A,1.83,3.75,4.75,1.85,3.4,4.5,1.86,3.75,4.61
2016-03-20,Newcastle,Sunderland,D,2.1,3.5,3.8,2.2,3.1,3.5,2.13,3.43,3.85
2016-04-02,Arsenal,Watford,H,1.36,5.25,10.0,1.36,4.8,8.5,1.36,5.4,9.82
2016-04-02,Aston Villa,Chelsea,A,6.5,4.33,1.57,6.5,3.75,1.57,6.46,4.12,1.6
2016-04-02,Bournemouth,Man City,A,3.75,3.6,2.1,3.75,3.3,2.05,3.7,3.65,2.1
2016-04-02,Liverpool,Tottenham,D,2.5,3.4,3.0,2.6,3.0,2.9,2.49,3.5,3.01
2016-04-02,Norwich,Newcastle,H,2.2,3.4,3.6,2.25,3.25,3.2,2.19,3.41,3.7
2016-04-02,Stoke,Swansea,D,2.2,3.4,3.6,2.2,3.3,3.3,2.17,3.39,3.8
2016-04-02,Sunderland,West Brom,D,2.1,3.3,4.0,2.05,3.1,4.0,2.11,3.36,4.0
2016-04-02,West Ham,Crystal Palace,D,1.95,3.6,4.2,2.0,3.2,4.0,1.95,3.65,4.29
2016-04-03,Leicester,Southampton,H,2.25,3.4,3.5,2.3,3.2,3.2,2.27,3.35,3.56
2016-04-03,Man United,Everton,H,2.1,3.5,3.75,2.1,3.1,3.8,2.11,3.47,3.89
2016-04-09,West Ham,Arsenal,D,3.6,3.5,2.0,3.5,3.6,2.0,3.9,3.77,2.01
2016-04-09,Watford,Everton,D,3.4,3.3,2.15,3.5,3.25,2.15,3.47,3.41,2.28
2016-04-09,Swansea,Chelsea,H,3.75,3.4,2.0,3.8,3.3,2.0,3.96,3.5,2.08
2016-04-09,Aston Villa,Bournemouth,A,3.4,3.2,2.2,3.5,3.25,2.15,3.64,3.47,2.19
2016-04-09,Man City,West Brom,H,1.33,5.0,9.0,1.33,4.8,10.0,1.35,5.42,10.72
2016-04-09,Crystal Palace,Norwich,H,2.05,3.4,3.6,2.0,3.4,3.8,2.13,3.36,3.95
2016-04-09,Southampton,Newcastle,H,1.53,4.0,6.0,1.57,3.75,6.5,1.58,4.23,6.56
2016-04-10,Liverpool,Stoke,H,1.55,4.0,5.75,1.6,3.75,6.0,1.61,4.28,6.11
2016-04-10,Sunderland,Leicester,A,3.4,3.4,2.1,3.5,3.25,2.15,3.51,3.5,2.23
2016-04-10,Tottenham,Man United,H,1.91,3.5,4.0,1.95,3.5,3.8,1.92,3.65,4.44
2016-04-13,Crystal Palace,Everton,D,2.9,3.4,2.6,2.8,3.1,2.6,2.89,3.48,2.59
2016-04-16,Norwich,Sunderland,A,2.4,3.3,3.25,2.4,3.1,3.1,2.33,3.41,3.35
2016-04-16,West Brom,Watford,A,2.4,3.2,3.4,2.4,3.1,3.1,2.36,3.23,3.49
2016-04-16,Newcastle,Swansea,H,2.3,3.4,3.4,2.3,3.2,3.2,2.28,3.47,3.4
2016-04-16,Chelsea,Man City,A,2.75,3.4,2.7,2.7,3.1,2.7,2.72,3.54,2.7
2016-04-16,Everton,Southampton,D,2.7,3.4,2.8,2.7,3.1,2.7,2.66,3.39,2.85
2016-04-16,Man United,Aston Villa,H,1.22,7.0,17.0,1.25,5.5,13.0,1.26,6.35,14.88
2016-04-17,Arsenal,Crystal Palace,D,1.33,5.75,9.5,1.35,4.8,9.0,1.36,5.52,9.56
2016-04-17,Bournemouth,Liverpool,A,3.6,3.5,2.15,3.5,3.25,2.15,3.71,3.52,2.14
2016-04-17,Leicester,West Ham,D,1.95,3.6,4.2,1.91,3.3,4.2,1.92,3.75,4.3
2016-04-18,Stoke,Tottenham,A,4.5,3.75,1.85,4.5,3.4,1.85,4.81,3.74,1.83
2016-04-19,Newcastle,Man City,D,6.0,4.5,1.57,6.0,3.8,1.57,6.29,4.44,1.57
2016-04-20,Liverpool,Everton,H,1.73,4.0,5.0,1.7,3.6,5.0,1.7,4.13,5.22
2016-04-20,Man United,Crystal Palace,H,1.53,4.33,7.0,1.53,3.8,7.0,1.54,4.25,7.45
2016-04-20,West Ham,Watford,H,1.57,4.33,6.5,1.53,4.0,6.5,1.56,4.37,6.74
2016-04-21,Arsenal,West Brom,H,1.29,6.0,13.0,1.29,5.0,12.0,1.25,6.45,14.75
2016-04-23,Aston Villa,Southampton,A,7.5,4.2,1.53,7.0,3.6,1.57,6.61,4.2,1.58
2016-04-23,Bournemouth,Chelsea,A,3.1,3.5,2.4,3.1,3.1,2.4,3.09,3.6,2.39
2016-04-23,Liverpool,Newcastle,D,1.57,4.5,6.0,1.6,4.0,5.5,1.57,4.58,6.05
2016-04-23,Man City,Stoke,H,1.3,6.0,11.0,1.33,5.0,9.0,1.31,5.91,11.67
2016-04-24,Leicester,Swansea,H,1.75,3.7,5.5,1.75,3.5,5.0,1.74,3.79,5.54
2016-04-24,Sunderland,Arsenal,D,4.5,4.0,1.8,4.5,3.5,1.8,4.89,4.02,1.76
2016-04-25,Tottenham,West Brom,D,1.22,7.0,15.0,1.25,5.5,13.0,1.24,6.82,15.4
2016-04-30,Watford,Aston Villa,H,1.7,3.8,5.75,1.7,3.5,5.5,1.74,3.95,5.23
2016-04-30,West Brom,West Ham,A,4.0,3.4,2.1,3.7,3.2,2.1,4.06,3.49,2.05
2016-04-30,Stoke,Sunderland,D,2.75,3.3,2.8,2.62,3.1,2.8,2.75,3.3,2.83
2016-04-30,Everton,Bournemouth,H,2.0,3.8,3.8,2.05,3.1,4.0,2.0,3.8,3.89
2016-04-30,Arsenal,Norwich,H,1.29,6.5,11.0,1.29,5.0,12.0,1.27,6.28,13.26
2016-04-30,Newcastle,Crystal Palace,H,2.0,3.6,4.0,2.05,3.1,4.0,2.03,3.54,4.08
2016-05-01,Man United,Leicester,D,2.1,3.4,3.9,2.15,3.1,3.6,2.07,3.45,4.04
2016-05-01,Southampton,Man City,H,2.8,3.4,2.7,2.75,3.1,2.7,2.73,3.44,2.75
2016-05-01,Swansea,Liverpool,H,3.1,3.5,2.4,3.1,3.1,2.4,3.15,3.56,2.37
2016-05-02,Chelsea,Tottenham,D,2.75,3.6,2.63,2.75,3.1,2.7,2.72,3.56,2.69
2016-05-07,West Ham,Swansea,A,1.44,4.75,8.0,1.44,4.33,7.0,1.43,4.96,8.34
2016-05-07,Norwich,Man United,A,4.5,3.6,1.91,4.5,3.1,1.91,4.59,3.68,1.88
2016-05-07,Leicester,Everton,H,1.91,4.0,4.0,1.91,3.2,4.33,1.91,3.98,4.07
2016-05-07,Sunderland,Chelsea,H,3.0,3.5,2.45,3.0,3.2,2.38,3.02,3.55,2.45
2016-05-07,Bournemouth,West Brom,D,1.95,3.6,4.2,1.91,3.2,4.33,1.96,3.54,4.38
2016-05-07,Aston Villa,Newcastle,D,5.75,4.2,1.65,6.0,3.6,1.62,5.39,4.17,1.68
2016-05-07,Crystal Palace,Stoke,H,2.05,3.5,3.9,2.1,3.25,3.6,2.07,3.53,3.93
2016-05-08,Liverpool,Watford,H,1.5,4.5,7.5,1.5,4.0,7.0,1.54,4.65,6.48
2016-05-08,Man City,Arsenal,D,2.5,3.6,2.9,2.5,3.1,2.9,2.54,3.53,2.92
2016-05-08,Tottenham,Southampton,A,2.05,3.6,3.9,1.91,3.4,4.0,2.03,3.71,3.88
2016-05-10,West Ham,Man United,H,3.0,3.5,2.45,3.0,3.25,2.4,3.01,3.56,2.46
2016-05-11,Liverpool,Chelsea,D,2.0,3.8,3.8,1.95,3.5,3.75,2.02,3.86,3.76
2016-05-11,Norwich,Watford,H,1.83,3.75,4.75,1.8,3.3,5.0,1.85,3.82,4.6
2016-05-11,Sunderland,Everton,H,1.75,4.0,5.0,1.73,3.5,5.0,1.75,4.0,5.05
2016-05-15,Swansea,Man City,D,6.0,4.75,1.53,5.5,4.33,1.53,6.46,4.79,1.52
2016-05-15,West Brom,Liverpool,D,2.4,3.6,3.0,2.4,3.1,3.1,2.42,3.7,2.97
2016-05-15,Watford,Sunderland,D,2.05,3.75,3.7,1.95,3.75,3.6,2.03,3.8,3.78
2016-05-15,Stoke,West Ham,H,3.5,3.6,2.15,3.5,3.1,2.2,3.48,3.82,2.12
2016-05-15,Chelsea,Leicester,D,2.3,3.75,3.1,2.3,3.3,3.1,2.33,3.76,3.07
2016-05-15,Newcastle,Tottenham,H,4.5,4.0,1.8,4.5,3.4,1.83,4.54,4.16,1.79
2016-05-15,Everton,Norwich,H,1.8,4.0,4.5,1.75,3.75,4.5,1.75,4.33,4.58
2016-05-15,Arsenal,Aston Villa,H,1.17,9.0,17.0,1.14,7.5,19.0,1.17,9.35,18.0
2016-05-15,Southampton,Crystal Palace,H,1.36,5.5,9.0,1.36,4.8,8.0,1.34,5.69,9.9
2016-05-17,Man United,Bournemouth,H,1.67,4.2,5.25,1.67,4.0,4.75,1.67,4.13,5.61
2016-08-13,Southampton,Watford,D,1.8,3.75,5.0,1.83,3.4,4.5,1.88,3.68,4.64
2016-08-13,Middlesbrough,Stoke,D,2.38,3.2,3.4,2.4,3.1,3.1,2.33,3.24,3.53
2016-08-13,Hull,Leicester,H,4.5,3.6,1.91,4.2,3.25,1.95,4.43,3.55,1.95
2016-08-13,Man City,Sunderland,H,1.25,6.5,15.0,1.25,5.5,13.0,1.27,6.48,13.15
2016-08-13,Crystal Palace,West Brom,A,2.0,3.3,4.5,2.05,3.1,4.0,2.06,3.29,4.32
2016-08-13,Burnley,Swansea,A,2.4,3.3,3.25,2.5,3.2,2.9,2.47,3.32,3.19
2016-08-13,Everton,Tottenham,D,3.2,3.4,2.4,3.1,3.1,2.4,3.25,3.43,2.37
2016-08-14,Arsenal,Liverpool,A,2.4,3.5,3.1,2.5,3.1,3.0,2.41,3.53,3.1
2016-08-14,Bournemouth,Man United,A,4.75,3.6,1.85,4.5,3.4,1.85,4.7,3.62,1.88
2016-08-15,Chelsea,West Ham,H,1.65,4.0,6.0,1.67,3.6,5.5,1.68,4.16,5.48
2016-08-19,Man United,Southampton,H,1.53,4.2,7.5,1.44,4.33,7.5,1.54,4.33,7.19
2016-08-20,Tottenham,Crystal Palace,H,1.45,4.75,8.0,1.5,3.6,8.5,1.47,4.78,7.82
2016-08-20,West Brom,Everton,A,3.0,3.25,2.6,2.7,3.2,2.62,3.11,3.19,2.6
2016-08-20,Swansea,Hull,A,1.8,3.6,5.25,1.83,3.2,4.8,1.78,3.61,5.5
2016-08-20,Watford,Chelsea,A,5.5,3.8,1.73,5.5,3.3,1.73,5.44,3.74,1.76
2016-08-20,Leicester,Arsenal,D,2.88,3.6,2.5,2.88,3.2,2.5,2.92,3.6,2.5
2016-08-20,Stoke,Man City,A,5.5,3.8,1.73,5.0,3.5,1.73,5.47,3.96,1.71
2016-08-20,Burnley,Liverpool,H,6.5,4.2,1.57,7.0,3.5,1.57,7.12,4.2,1.56
2016-08-21,Sunderland,Middlesbrough,A,2.55,3.2,3.1,2.6,3.2,2.75,2.61,3.22,3.06
2016-08-21,West Ham,Bournemouth,H,1.95,3.75,4.0,1.91,3.2,4.33,1.98,3.75,4.02
2016-08-27,Watford,Arsenal,A,5.0,3.75,1.73,4.6,3.75,1.73,5.47,3.91,1.72
2016-08-27,Southampton,Sunderland,D,1.57,3.6,6.5,1.62,3.6,6.0,1.61,4.03,6.63
2016-08-27,Leicester,Swansea,H,1.73,3.6,5.25,1.73,3.6,5.0,1.71,3.88,5.57
2016-08-27,Tottenham,Liverpool,D,2.38,3.4,3.0,2.38,3.4,2.9,2.36,3.56,3.17
2016-08-27,Everton,Stoke,H,1.73,3.6,5.25,1.75,3.6,4.75,1.74,3.79,5.55
2016-08-27,Crystal Palace,Bournemouth,D,2.3,3.2,3.3,2.38,3.2,3.1,2.33,3.38,3.39
2016-08-27,Chelsea,Burnley,H,1.25,5.5,15.0,1.29,5.0,12.0,1.26,6.35,14.35
2016-08-27,Hull,Man United,A,8.0,4.1,1.44,7.0,4.0,1.5,8.35,4.6,1.46
2016-08-28,Man City,West Ham,H,1.25,6.0,11.0,1.3,5.5,9.5,1.3,6.3,10.91
2016-08-28,West Brom,Middlesbrough,D,2.6,3.1,2.9,2.6,2.9,3.0,2.6,3.09,3.2
2016-09-10,Stoke,Tottenham,A,4.6,3.75,1.85,4.8,3.2,1.85,4.34,3.82,1.89
2016-09-10,Arsenal,Southampton,H,1.57,4.2,6.5,1.62,3.5,6.5,1.6,4.35,6.15
2016-09-10,Bournemouth,West Brom,H,2.05,3.25,4.33,2.1,3.0,4.0,2.05,3.31,4.33
2016-09-10,Burnley,Hull,D,2.45,3.1,3.4,2.3,3.1,3.3,2.44,3.21,3.36
2016-09-10,Liverpool,Leicester,H,1.7,4.0,5.5,1.7,3.75,5.5,1.7,3.97,5.54
2016-09-10,Man United,Man City,A,2.38,3.25,3.4,2.38,3.2,3.4,2.38,3.31,3.35
2016-09-10,Middlesbrough,Crystal Palace,A,2.3,3.2,3.6,2.38,3.1,3.2,2.31,3.2,3.65
2016-09-10,West Ham,Watford,A,1.91,3.6,4.5,1.91,3.2,4.5,1.9,3.6,4.62
2016-09-11,Swansea,Chelsea,D,5.75,4.0,1.67,6.0,3.6,1.62,5.77,4.17,1.65
2016-09-12,Sunderland,Everton,A,3.8,3.5,2.1,3.75,3.2,2.1,3.75,3.6,2.1
2016-09-16,Chelsea,Liverpool,A,2.25,3.5,3.4,2.3,3.4,3.4,2.28,3.49,3.4
2016-09-17,Everton,Middlesbrough,H,1.67,3.8,6.0,1.7,3.2,6.0,1.65,3.99,6.19
2016-09-17,Hull,Arsenal,A,6.0,4.2,1.6,6.0,3.6,1.62,6.03,4.2,1.6
2016-09-17,Leicester,Burnley,H,1.5,4.33,8.0,1.5,3.75,8.0,1.46,4.49,8.87
2016-09-17,Man City,Bournemouth,H,1.29,6.0,12.0,1.29,5.0,12.0,1.28,6.24,12.78
2016-09-17,West Brom,West Ham,H,2.8,3.2,2.8,2.7,3.1,2.7,2.9,3.19,2.76
2016-09-18,Crystal Palace,Stoke,H,2.0,3.5,4.2,2.05,3.1,4.0,2.09,3.37,4.08
2016-09-18,Southampton,Swansea,H,1.7,3.8,5.75,1.7,3.4,5.5,1.68,3.84,6.17
2016-09-18,Tottenham,Sunderland,H,1.33,5.5,11.0,1.33,4.33,12.0,1.35,5.52,10.26
2016-09-18,Watford,Man United,H,6.0,4.2,1.62,6.0,3.6,1.62,5.8,4.12,1.65
2016-09-24,Swansea,Man City,A,9.0,5.5,1.36,9.0,4.5,1.4,9.45,5.31,1.38
2016-09-24,Sunderland,Crystal Palace,A,2.88,3.25,2.7,2.8,3.2,2.7,2.88,3.3,2.7
2016-09-24,Stoke,West Brom,D,2.38,3.3,3.3,2.3,3.3,3.3,2.34,3.35,3.4
2016-09-24,Middlesbrough,Tottenham,A,3.75,3.5,2.1,4.0,3.4,2.0,3.73,3.48,2.15
2016-09-24,Arsenal,Chelsea,H,2.4,3.5,3.1,2.4,3.2,3.2,2.35,3.53,3.21
2016-09-24,Liverpool,Hull,H,1.22,7.0,15.0,1.25,6.0,13.0,1.23,7.0,15.54
2016-09-24,Bournemouth,Everton,H,3.6,3.5,2.15,3.6,3.4,2.15,3.79,3.57,2.1
2016-09-24,Man United,Leicester,H,1.73,3.9,5.25,1.7,3.75,5.5,1.74,3.86,5.39
2016-09-25,West Ham,Southampton,A,2.8,3.3,2.75,2.8,3.2,2.7,2.83,3.35,2.72
2016-09-26,Burnley,Watford,H,2.9,3.2,2.7,2.75,3.25,2.7,3.09,3.21,2.59
2016-09-30,Everton,Crystal Palace,D,1.73,4.0,5.0,1.75,3.8,5.0,1.74,3.95,5.25
2016-10-01,West Ham,Middlesbrough,D,2.25,3.4,3.5,2.3,3.3,3.3,2.23,3.35,3.66
2016-10-01,Watford,Bournemouth,D,2.38,3.3,3.3,2.4,3.2,3.2,2.42,3.32,3.27
2016-10-01,Sunderland,West Brom,D,2.5,3.25,3.2,2.5,3.1,3.2,2.47,3.24,3.26
2016-10-01,Swansea,Liverpool,A,8.0,4.75,1.45,8.0,4.5,1.44,8.44,4.92,1.43
2016-10-01,Hull,Chelsea,A,7.5,4.5,1.5,7.0,4.33,1.5,7.68,4.63,1.48
2016-10-02,Burnley,Arsenal,A,9.0,5.0,1.4,9.5,4.5,1.4,10.17,5.13,1.38
2016-10-02,Leicester,Southampton,D,2.25,3.4,3.5,2.25,3.25,3.5,2.24,3.35,3.63
2016-10-02,Man United,Stoke,D,1.33,5.75,10.0,1.33,5.0,11.0,1.35,5.46,10.61
2016-10-02,Tottenham,Man City,H,3.0,3.5,2.5,3.0,3.4,2.4,2.99,3.54,2.48
2016-10-15,West Brom,Tottenham,D,5.5,3.8,1.73,5.5,3.4,1.75,5.45,3.91,1.72
2016-10-15,Stoke,Sunderland,H,2.0,3.6,4.0,2.05,3.3,4.0,1.98,3.51,4.34
2016-10-15,Man City,Everton,D,1.5,4.75,7.0,1.5,4.33,7.0,1.52,4.68,6.82
2016-10-15,Crystal Palace,West Ham,A,2.15,3.5,3.6,2.2,3.1,3.75,2.14,3.52,3.71
2016-10-15,Chelsea,Leicester,H,1.57,4.5,6.0,1.6,3.8,6.5,1.58,4.33,6.3
2016-10-15,Bournemouth,Hull,H,1.85,3.5,5.0,1.85,3.4,4.8,1.83,3.61,5.05
2016-10-15,Arsenal,Swansea,H,1.29,6.5,11.0,1.29,5.5,12.0,1.28,6.15,12.8
2016-10-16,Middlesbrough,Watford,A,2.25,3.3,3.6,2.3,3.1,3.6,2.33,3.27,3.51
2016-10-16,Southampton,Burnley,H,1.4,4.8,9.5,1.4,4.5,10.0,1.39,4.89,10.41
2016-10-17,Liverpool,Man United,D,2.2,3.5,3.5,2.25,3.1,3.6,2.19,3.51,3.58
2016-10-22,West Ham,Sunderland,H,1.67,4.0,5.75,1.7,3.75,5.5,1.68,4.07,5.52
2016-10-22,Swansea,Watford,D,2.38,3.3,3.3,2.3,3.4,3.2,2.33,3.35,3.42
2016-10-22,Liverpool,West Brom,H,1.29,6.0,13.0,1.29,6.0,11.0,1.28,6.26,12.86
2016-10-22,Leicester,Crystal Palace,H,2.05,3.5,3.9,2.05,3.3,4.0,2.06,3.44,4.1
2016-10-22,Burnley,Everton,H,6.0,3.8,1.67,6.0,3.6,1.67,6.05,3.87,1.68
2016-10-22,Bournemouth,Tottenham,D,4.2,3.6,1.95,4.0,3.4,2.0,4.12,3.7,1.97
2016-10-22,Arsenal,Middlesbrough,D,1.25,6.5,15.0,1.25,6.0,13.0,1.27,6.28,13.55
2016-10-22,Hull,Stoke,A,3.1,3.3,2.5,3.1,3.2,2.5,3.16,3.35,2.46
2016-10-23,Chelsea,Man United,H,2.15,3.4,3.8,2.25,3.1,3.6,2.24,3.31,3.68
2016-10-23,Man City,Southampton,D,1.5,4.5,7.5,1.5,4.33,7.0,1.5,4.63,7.3
2016-10-29,Tottenham,Leicester,D,1.62,4.2,6.0,1.67,3.6,6.0,1.64,4.1,6.03
2016-10-29,West Brom,Man City,A,8.0,4.75,1.44,8.0,4.5,1.44,7.48,4.57,1.5
2016-10-29,Watford,Hull,H,1.75,3.75,5.25,1.75,3.5,5.5,1.75,3.72,5.6
2016-10-29,Middlesbrough,Bournemouth,H,2.5,3.2,3.2,2.6,3.0,3.1,2.57,3.15,3.19
2016-10-29,Man United,Burnley,D,1.2,7.0,19.0,1.22,6.0,17.0,1.22,6.9,18.5
2016-10-29,Crystal Palace,Liverpool,A,5.25,4.0,1.7,5.0,3.8,1.75,4.9,3.92,1.78
2016-10-29,Sunderland,Arsenal,A,9.0,5.0,1.4,8.5,4.8,1.4,8.25,5.1,1.42
2016-10-30,Everton,West Ham,H,1.8,3.8,4.75,1.83,3.6,4.5,1.81,3.84,4.8
2016-10-30,Southampton,Chelsea,A,3.2,3.4,2.4,3.2,3.2,2.4,3.2,3.37,2.43
2016-10-31,Stoke,Swansea,H,2.05,3.6,3.8,2.1,3.5,3.6,2.1,3.52,3.85
2016-11-05,Chelsea,Everton,H,1.53,4.33,7.0,1.57,3.75,7.0,1.57,4.37,6.47
2016-11-05,Man City,Middlesbrough,D,1.22,7.0,15.0,1.22,6.5,13.0,1.23,7.16,14.22
2016-11-05,Bournemouth,Sunderland,A,1.65,4.2,5.5,1.67,3.6,6.0,1.63,4.27,5.78
2016-11-05,Burnley,Crystal Palace,H,3.3,3.3,2.38,3.3,3.1,2.4,3.42,3.37,2.32
2016-11-05,West Ham,Stoke,D,2.0,3.6,4.0,2.05,3.3,4.0,2.0,3.59,4.13
2016-11-06,Swansea,Man United,A,5.0,4.0,1.73,5.0,3.75,1.73,4.94,4.01,1.76
2016-11-06,Leicester,West Brom,A,1.8,3.6,5.25,1.8,3.3,5.5,1.78,3.63,5.49
2016-11-06,Liverpool,Watford,H,1.29,6.0,12.0,1.3,5.0,13.0,1.29,6.19,11.8
2016-11-06,Arsenal,Tottenham,D,1.95,3.6,4.2,2.0,3.2,4.33,1.95,3.59,4.35
2016-11-06,Hull,Southampton,H,5.75,3.8,1.7,5.5,3.6,1.7,5.73,3.88,1.7
2016-11-19,Watford,Leicester,H,2.8,3.3,2.75,2.8,3.1,2.75,2.91,3.3,2.68
2016-11-19,Crystal Palace,Man City,A,6.5,4.5,1.53,6.0,4.2,1.57,6.28,4.57,1.56
2016-11-19,Everton,Swansea,D,1.6,4.33,6.0,1.57,4.0,6.5,1.58,4.26,6.52
2016-11-19,Man United,Arsenal,D,2.6,3.4,2.9,2.62,3.1,3.0,2.61,3.33,2.97
2016-11-19,Southampton,Liverpool,D,3.4,3.6,2.2,3.4,3.4,2.2,3.32,3.56,2.28
2016-11-19,Stoke,Bournemouth,A,2.3,3.4,3.4,2.3,3.3,3.3,2.26,3.43,3.49
2016-11-19,Sunderland,Hull,H,2.15,3.4,3.8,2.15,3.2,3.8,2.11,3.35,4.03
2016-11-19,Tottenham,West Ham,H,1.5,4.5,7.5,1.5,4.33,7.0,1.5,4.58,7.4
2016-11-20,Middlesbrough,Chelsea,A,7.0,4.0,1.57,6.5,4.0,1.57,6.83,4.28,1.56
2016-11-21,West Brom,Burnley,H,1.95,3.4,4.5,1.95,3.3,4.5,1.92,3.39,4.93
2016-11-26,Liverpool,Sunderland,H,1.17,8.5,19.0,1.2,7.0,17.0,1.19,8.68,16.06
2016-11-26,Leicester,Middlesbrough,D,1.91,3.6,4.5,1.91,3.4,4.5,1.87,3.65,4.72
2016-11-26,Burnley,Man City,A,9.0,6.0,1.33,9.0,5.5,1.33,10.05,6.03,1.32
2016-11-26,Chelsea,Tottenham,H,1.75,3.8,5.25,1.8,3.5,5.0,1.78,3.81,5.09
2016-11-26,Swansea,Crystal Palace,H,2.63,3.4,2.88,2.62,3.2,2.9,2.67,3.32,2.9
2016-11-26,Hull,West Brom,D,3.1,3.2,2.6,3.1,3.0,2.6,3.3,3.18,2.48
2016-11-27,Watford,Stoke,A,2.4,3.3,3.3,2.4,3.2,3.2,2.39,3.32,3.32
2016-11-27,Southampton,Everton,H,2.2,3.4,3.6,2.2,3.2,3.6,2.19,3.35,3.78
2016-11-27,Arsenal,Bournemouth,H,1.4,5.0,9.0,1.4,4.8,8.5,1.43,5.04,8.05
2016-11-27,Man United,West Ham,D,1.45,4.75,8.0,1.5,4.33,7.0,1.5,4.62,7.46
2016-12-03,West Ham,Arsenal,A,4.75,4.2,1.75,4.8,3.8,1.75,5.08,4.1,1.72
2016-12-03,West Brom,Watford,H,2.2,3.3,3.75,2.2,3.2,3.6,2.16,3.33,3.89
2016-12-03,Tottenham,Swansea,H,1.36,5.5,9.0,1.36,5.0,9.5,1.36,5.45,9.64
2016-12-03,Crystal Palace,Southampton,H,3.5,3.3,2.3,3.4,3.2,2.3,3.58,3.39,2.24
2016-12-03,Stoke,Burnley,H,1.62,4.0,6.5,1.62,3.75,6.5,1.64,4.1,6.03
2016-12-03,Man City,Chelsea,A,2.15,3.6,3.6,2.2,3.3,3.5,2.14,3.59,3.64
2016-12-03,Sunderland,Leicester,H,3.4,3.4,2.3,3.4,3.2,2.3,3.39,3.44,2.3
2016-12-04,Bournemouth,Liverpool,H,5.0,4.0,1.75,4.8,3.8,1.75,4.63,4.01,1.8
2016-12-04,Everton,Man United,D,3.6,3.5,2.15,3.6,3.3,2.2,3.65,3.5,2.17
2016-12-05,Middlesbrough,Hull,H,1.83,3.5,5.25,1.83,3.4,5.0,1.8,3.57,5.4
2016-12-10,Arsenal,Stoke,H,1.35,5.5,9.5,1.36,5.0,9.0,1.38,5.29,9.21
2016-12-10,Burnley,Bournemouth,H,3.5,3.5,2.2,3.3,3.3,2.3,3.48,3.45,2.26
2016-12-10,Hull,Crystal Palace,D,3.5,3.3,2.3,3.3,3.2,2.38,3.43,3.37,2.32
2016-12-10,Leicester,Man City,H,5.25,4.0,1.7,5.0,3.8,1.73,5.28,4.1,1.7
2016-12-10,Swansea,Sunderland,H,2.15,3.5,3.6,2.2,3.3,3.6,2.14,3.55,3.68
2016-12-10,Watford,Everton,H,3.1,3.4,2.45,3.0,3.3,2.5,3.15,3.39,2.45
2016-12-11,Man United,Tottenham,H,2.2,3.4,3.6,2.25,3.2,3.5,2.22,3.37,3.64
2016-12-11,Chelsea,West Brom,H,1.25,6.25,15.0,1.29,5.5,13.0,1.27,6.25,14.32
2016-12-11,Liverpool,West Ham,D,1.3,6.0,11.0,1.3,5.5,11.0,1.29,6.29,11.73
2016-12-11,Southampton,Middlesbrough,H,1.7,3.7,6.0,1.73,3.4,6.0,1.68,3.68,6.42
2016-12-13,Everton,Arsenal,H,4.2,3.75,1.91,4.2,3.6,1.91,4.28,3.77,1.92
2016-12-13,Bournemouth,Leicester,H,2.4,3.4,3.2,2.4,3.3,3.1,2.43,3.47,3.13
2016-12-14,West Brom,Swansea,H,2.05,3.5,4.0,2.05,3.3,4.0,2.06,3.5,4.04
2016-12-14,Tottenham,Hull,H,1.22,7.0,15.0,1.25,6.0,13.0,1.25,6.6,14.0
2016-12-14,West Ham,Burnley,H,1.67,4.0,5.75,1.67,3.8,5.5,1.65,4.13,5.82
2016-12-14,Sunderland,Chelsea,A,10.0,5.75,1.33,9.0,5.0,1.33,10.45,5.72,1.33
2016-12-14,Middlesbrough,Liverpool,A,6.0,4.33,1.6,6.0,4.0,1.6,6.48,4.28,1.58
2016-12-14,Stoke,Southampton,D,3.1,3.3,2.5,3.2,3.2,2.4,3.29,3.25,2.45
2016-12-14,Man City,Watford,H,1.29,6.5,11.0,1.25,6.5,12.0,1.28,6.4,12.25
2016-12-14,Crystal Palace,Man United,A,5.25,4.0,1.7,4.8,4.0,1.7,5.56,4.08,1.68
2016-12-17,Crystal Palace,Chelsea,A,6.5,4.2,1.57,6.5,3.75,1.62,5.85,4.3,1.62
2016-12-17,Middlesbrough,Swansea,H,2.1,3.4,4.0,2.1,3.3,3.75,2.07,3.42,4.1
2016-12-17,Stoke,Leicester,D,2.6,3.4,2.9,2.6,3.2,2.9,2.59,3.35,2.98
2016-12-17,Sunderland,Watford,H,2.63,3.3,2.9,2.62,3.2,2.9,2.67,3.23,2.97
2016-12-17,West Brom,Man United,A,5.75,3.8,1.7,5.5,3.5,1.75,5.53,3.77,1.74
2016-12-17,West Ham,Hull,H,1.62,4.1,6.0,1.67,3.6,6.0,1.67,4.09,5.7
2016-12-18,Man City,Arsenal,H,2.15,3.6,3.5,2.2,3.4,3.4,2.13,3.56,3.7
2016-12-18,Tottenham,Burnley,H,1.22,7.0,15.0,1.22,6.5,15.0,1.22,7.35,15.0
2016-12-18,Bournemouth,Southampton,A,3.0,3.3,2.6,2.9,3.2,2.62,2.95,3.23,2.69
2016-12-19,Everton,Liverpool,A,4.2,3.6,1.95,4.2,3.5,1.95,4.27,3.85,1.9
2016-12-26,Arsenal,West Brom,H,1.33,5.5,8.5,1.33,5.0,11.0,1.35,5.58,10.12
2016-12-26,Burnley,Middlesbrough,H,2.9,3.1,2.6,3.0,3.1,2.62,3.06,3.18,2.64
2016-12-26,Chelsea,Bournemouth,H,1.36,5.0,8.5,1.4,4.8,8.5,1.42,4.78,9.52
2016-12-26,Hull,Man City,A,10.0,5.5,1.3,9.0,5.5,1.33,9.86,5.82,1.34
2016-12-26,Leicester,Everton,A,2.5,3.3,2.9,2.5,3.3,3.0,2.57,3.33,3.03
2016-12-26,Man United,Sunderland,H,1.22,6.5,13.0,1.25,5.5,17.0,1.24,6.95,15.0
2016-12-26,Swansea,West Ham,A,2.63,3.2,2.8,2.7,3.3,2.7,2.71,3.43,2.78
2016-12-26,Watford,Crystal Palace,D,2.5,3.3,2.9,2.4,3.3,3.1,2.54,3.36,3.05
2016-12-27,Liverpool,Stoke,H,1.3,5.5,10.0,1.33,5.0,11.0,1.3,6.15,11.02
2016-12-28,Southampton,Tottenham,A,2.8,3.25,2.6,2.9,3.2,2.6,3.01,3.3,2.6
2016-12-30,Hull,Everton,D,4.33,3.5,1.95,4.33,3.4,1.95,4.28,3.43,2.02
2016-12-31,Burnley,Sunderland,H,2.4,3.25,3.3,2.4,3.2,3.2,2.38,3.26,3.41
2016-12-31,Chelsea,Stoke,H,1.25,6.5,14.0,1.29,5.5,13.0,1.28,6.15,12.85
2016-12-31,Leicester,West Ham,H,2.1,3.6,3.7,2.1,3.4,3.75,2.1,3.56,3.8
2016-12-31,Liverpool,Man City,H,2.35,3.6,3.1,2.4,3.3,3.1,2.37,3.52,3.18
2016-12-31,Man United,Middlesbrough,H,1.25,6.0,16.0,1.25,5.5,17.0,1.25,6.2,16.45
2016-12-31,Southampton,West Brom,A,1.75,3.7,5.5,1.8,3.3,5.5,1.78,3.59,5.55
2016-12-31,Swansea,Bournemouth,A,2.9,3.4,2.6,2.8,3.3,2.62,2.83,3.49,2.63
2017-01-01,Arsenal,Crystal Palace,H,1.29,5.5,9.5,1.33,5.5,9.0,1.34,5.6,10.4
2017-01-01,Watford,Tottenham,A,5.5,3.75,1.62,5.5,3.6,1.73,5.71,3.94,1.69
2017-01-02,West Ham,Man United,A,6.0,4.0,1.65,5.5,3.8,1.67,5.77,4.13,1.65
2017-01-02,West Brom,Hull,H,1.75,3.7,5.5,1.8,3.3,5.5,1.76,3.72,5.48
2017-01-02,Sunderland,Liverpool,D,11.0,5.5,1.33,11.0,4.5,1.36,9.95,5.55,1.35
2017-01-02,Middlesbrough,Leicester,D,2.75,3.2,2.88,2.75,3.1,2.8,2.8,3.16,2.88
2017-01-02,Man City,Burnley,H,1.17,8.5,19.0,1.18,7.0,15.0,1.18,8.55,17.5
2017-01-02,Everton,Southampton,H,2.2,3.4,3.6,2.3,3.2,3.4,2.28,3.33,3.55
2017-01-03,Bournemouth,Arsenal,D,4.33,3.4,1.85,5.0,3.4,1.83,4.52,3.87,1.85
2017-01-03,Crystal Palace,Swansea,A,1.75,3.5,4.75,1.83,3.4,5.0,1.8,3.77,5.0
2017-01-03,Stoke,Watford,H,1.8,3.5,4.5,1.95,3.4,4.2,1.89,3.58,4.7
2017-01-04,Tottenham,Chelsea,H,2.63,3.25,2.63,2.9,3.1,2.62,2.77,3.35,2.77
2017-01-14,West Ham,Crystal Palace,H,2.38,3.4,3.2,2.4,3.2,3.2,2.41,3.41,3.2
2017-01-14,Watford,Middlesbrough,D,2.5,3.2,3.2,2.5,3.1,3.1,2.51,3.18,3.25
2017-01-14,Tottenham,West Brom,H,1.33,5.5,11.0,1.33,5.0,11.0,1.32,5.51,12.56
2017-01-14,Swansea,Arsenal,A,7.0,4.75,1.5,6.5,4.33,1.53,6.54,4.71,1.53
2017-01-14,Hull,Bournemouth,H,3.3,3.5,2.3,3.2,3.4,2.3,3.34,3.62,2.25
2017-01-14,Leicester,Chelsea,A,6.0,4.1,1.62,6.0,3.6,1.67,6.1,3.96,1.66
2017-01-14,Sunderland,Stoke,A,3.1,3.3,2.5,3.0,3.3,2.5,3.09,3.45,2.46
2017-01-14,Burnley,Southampton,H,3.6,3.4,2.2,3.5,3.2,2.25,3.75,3.35,2.2
2017-01-15,Everton,Man City,H,4.5,4.0,1.8,4.33,3.75,1.83,4.54,3.9,1.84
2017-01-15,Man United,Liverpool,D,2.15,3.4,3.75,2.2,3.3,3.6,2.16,3.34,3.88
2017-01-21,West Brom,Sunderland,H,1.7,3.8,5.75,1.7,3.5,6.0,1.7,3.91,5.68
2017-01-21,Stoke,Man United,D,6.0,4.2,1.6,6.0,4.0,1.62,6.08,4.08,1.64
2017-01-21,Middlesbrough,West Ham,A,2.5,3.2,3.25,2.5,3.1,3.2,2.47,3.17,3.33
2017-01-21,Man City,Tottenham,D,2.15,3.5,3.6,2.15,3.4,3.6,2.13,3.52,3.75
2017-01-21,Liverpool,Swansea,A,1.22,7.0,15.0,1.22,6.5,15.0,1.22,7.55,14.0
2017-01-21,Crystal Palace,Everton,A,3.25,3.4,2.38,3.2,3.2,2.4,3.19,3.45,2.4
2017-01-21,Bournemouth,Watford,D,1.83,3.75,4.75,1.85,3.6,4.5,1.84,3.77,4.73
2017-01-22,Arsenal,Burnley,H,1.2,7.5,17.0,1.2,7.0,15.0,1.22,7.35,15.7
2017-01-22,Chelsea,Hull,H,1.18,8.0,19.0,1.2,7.0,15.0,1.18,8.5,18.0
2017-01-22,Southampton,Leicester,H,1.83,3.5,5.25,1.85,3.3,5.0,1.86,3.48,5.1
2017-01-31,Swansea,Southampton,H,3.4,3.4,2.3,3.4,3.2,2.3,3.29,3.42,2.36
2017-01-31,Middlesbrough,West Brom,D,2.7,3.1,3.0,2.7,3.0,3.0,2.73,3.05,3.06
2017-01-31,Liverpool,Chelsea,D,2.65,3.25,2.9,2.6,3.2,3.0,2.63,3.33,2.95
2017-01-31,Sunderland,Tottenham,D,9.5,5.25,1.36,9.0,5.0,1.36,9.13,5.41,1.38
2017-01-31,Bournemouth,Crystal Palace,A,2.05,3.5,3.9,2.1,3.4,3.75,2.12,3.57,3.73
2017-01-31,Arsenal,Watford,A,1.22,7.0,15.0,1.25,6.0,13.0,1.24,6.92,14.64
2017-01-31,Burnley,Leicester,H,2.9,3.25,2.7,2.88,3.2,2.62,2.89,3.29,2.7
2017-02-01,Man United,Hull,D,1.2,7.5,17.0,1.2,7.0,17.0,1.2,7.88,17.01
2017-02-01,Stoke,Everton,D,2.88,3.4,2.63,2.88,3.25,2.62,2.85,3.4,2.67
2017-02-01,West Ham,Man City,A,6.0,4.5,1.57,6.0,4.2,1.57,5.94,4.55,1.58
2017-02-04,West Brom,Stoke,H,2.3,3.25,3.5,2.38,3.1,3.4,2.31,3.29,3.53
2017-02-04,Watford,Burnley,H,2.15,3.3,3.9,2.15,3.2,3.8,2.12,3.28,4.1
2017-02-04,Southampton,West Ham,A,1.85,3.75,4.5,1.83,3.6,4.5,1.85,3.67,4.84
2017-02-04,Tottenham,Middlesbrough,H,1.29,6.0,13.0,1.29,5.5,13.0,1.29,5.95,13.45
2017-02-04,Everton,Bournemouth,H,1.7,4.0,5.25,1.73,3.6,5.5,1.74,4.0,5.14
2017-02-04,Crystal Palace,Sunderland,A,1.7,3.9,5.5,1.67,3.8,5.5,1.73,3.91,5.37
2017-02-04,Chelsea,Arsenal,H,1.95,3.6,4.2,2.0,3.3,4.2,1.94,3.58,4.42
2017-02-04,Hull,Liverpool,H,8.0,4.75,1.45,8.0,4.5,1.44,7.68,4.59,1.49
2017-02-05,Leicester,Man United,A,5.75,4.0,1.65,5.5,3.75,1.7,5.95,3.89,1.68
2017-02-05,Man City,Swansea,H,1.22,7.0,15.0,1.22,7.0,13.0,1.23,7.55,13.6
2017-02-11,Sunderland,Southampton,A,3.9,3.4,2.1,3.8,3.3,2.1,3.92,3.54,2.07
2017-02-11,Arsenal,Hull,H,1.29,6.0,13.0,1.3,5.5,11.0,1.3,6.2,11.44
2017-02-11,Liverpool,Tottenham,H,2.3,3.4,3.4,2.3,3.2,3.4,2.22,3.41,3.61
2017-02-11,Man United,Watford,H,1.25,6.5,14.0,1.25,6.0,13.0,1.27,6.4,13.0
2017-02-11,Middlesbrough,Everton,D,3.9,3.3,2.15,3.6,3.2,2.2,3.8,3.35,2.18
2017-02-11,Stoke,Crystal Palace,H,2.15,3.3,3.9,2.1,3.3,3.8,2.13,3.42,3.86
2017-02-11,West Ham,West Brom,D,2.25,3.3,3.6,2.25,3.2,3.6,2.28,3.25,3.65
2017-02-12,Swansea,Leicester,H,2.4,3.3,3.25,2.5,3.2,3.1,2.44,3.3,3.25
2017-02-12,Burnley,Chelsea,D,9.0,5.0,1.4,8.0,4.5,1.44,8.59,4.73,1.44
2017-02-13,Bournemouth,Man City,A,7.5,5.0,1.44,7.0,4.8,1.44,6.97,4.95,1.48
2017-02-25,Chelsea,Swansea,H,1.25,6.5,15.0,1.25,6.0,13.0,1.27,6.51,12.91
2017-02-25,Crystal Palace,Middlesbrough,H,2.1,3.2,4.2,2.15,3.1,4.0,2.12,3.13,4.37
2017-02-25,Everton,Sunderland,H,1.4,5.25,8.5,1.4,4.8,8.5,1.43,5.18,7.91
2017-02-25,Hull,Burnley,D,2.15,3.3,3.9,2.2,3.1,3.8,2.2,3.22,3.91
2017-02-25,Watford,West Ham,D,2.63,3.3,2.9,2.62,3.2,2.9,2.63,3.26,3.0
2017-02-25,West Brom,Bournemouth,H,2.1,3.4,4.0,2.1,3.3,3.8,2.11,3.44,3.93
2017-02-26,Tottenham,Stoke,H,1.44,5.0,7.5,1.44,4.5,8.0,1.43,4.89,8.49
2017-02-27,Leicester,Liverpool,H,5.5,4.2,1.65,5.5,3.8,1.67,5.75,4.27,1.63
2017-03-04,West Brom,Crystal Palace,A,2.2,3.3,3.8,2.2,3.1,3.8,2.23,3.28,3.74
2017-03-04,Watford,Southampton,A,3.6,3.4,2.2,3.5,3.1,2.3,3.54,3.38,2.26
2017-03-04,Swansea,Burnley,H,2.0,3.5,4.2,2.0,3.4,4.0,2.05,3.35,4.27
2017-03-04,Leicester,Hull,H,1.85,3.6,4.75,1.85,3.4,4.8,1.87,3.55,4.92
2017-03-04,Man United,Bournemouth,D,1.25,6.5,15.0,1.25,6.0,13.0,1.27,6.55,12.75
2017-03-04,Liverpool,Arsenal,H,2.15,3.6,3.6,2.15,3.4,3.6,2.14,3.51,3.73
2017-03-04,Stoke,Middlesbrough,H,1.95,3.4,4.5,1.95,3.3,4.5,2.0,3.3,4.6
2017-03-05,Sunderland,Man City,A,11.0,6.5,1.29,11.0,5.5,1.3,10.81,6.35,1.3
2017-03-05,Tottenham,Everton,H,1.67,4.2,5.25,1.67,3.8,5.5,1.64,4.17,5.88
2017-03-06,West Ham,Chelsea,A,6.0,4.1,1.62,6.0,4.0,1.62,5.75,4.3,1.63
2017-03-08,Man City,Stoke,D,1.25,6.5,15.0,1.25,6.0,13.0,1.25,6.8,13.6
2017-03-11,Hull,Swansea,H,2.55,3.3,3.0,2.6,3.1,3.0,2.58,3.24,3.08
2017-03-11,Bournemouth,West Ham,H,2.6,3.5,2.8,2.62,3.3,2.8,2.67,3.4,2.84
2017-03-11,Everton,West Brom,H,1.67,3.8,6.0,1.7,3.75,5.5,1.68,3.89,6.0
2017-03-12,Liverpool,Burnley,H,1.25,6.5,14.0,1.25,6.0,13.0,1.26,6.55,13.5
2017-03-18,Bournemouth,Swansea,H,2.15,3.5,3.6,2.2,3.3,3.5,2.15,3.51,3.7
2017-03-18,Crystal Palace,Watford,H,1.91,3.5,4.75,1.91,3.4,4.5,1.94,3.45,4.63
2017-03-18,Everton,Hull,H,1.53,4.33,7.0,1.53,4.0,7.0,1.52,4.46,7.15
2017-03-18,Stoke,Chelsea,A,6.5,4.0,1.62,6.0,4.0,1.62,6.54,4.04,1.61
2017-03-18,Sunderland,Burnley,D,2.55,3.3,3.0,2.6,3.2,2.88,2.62,3.23,3.04
2017-03-18,West Brom,Arsenal,H,5.25,4.0,1.73,5.0,3.8,1.73,5.36,4.02,1.71
2017-03-18,West Ham,Leicester,A,2.3,3.5,3.3,2.38,3.3,3.2,2.33,3.49,3.28
2017-03-19,Middlesbrough,Man United,A,6.0,3.7,1.7,5.5,3.6,1.7,5.97,3.8,1.69
2017-03-19,Man City,Liverpool,D,2.0,3.75,3.8,2.0,3.6,3.8,1.98,3.68,4.1
2017-03-19,Tottenham,Southampton,H,1.73,3.8,5.5,1.73,3.6,5.5,1.72,3.87,5.53
2017-04-01,Southampton,Bournemouth,D,1.65,4.0,6.0,1.62,4.2,5.5,1.67,4.13,5.57
2017-04-01,Man United,West Brom,D,1.36,5.0,11.0,1.36,5.0,9.0,1.37,5.05,10.55
2017-04-01,Liverpool,Everton,H,1.73,3.9,5.25,1.73,3.8,5.0,1.73,3.97,5.25
2017-04-01,Watford,Sunderland,H,1.85,3.6,4.75,1.85,3.6,4.5,1.87,3.67,4.72
2017-04-01,Hull,West Ham,H,2.45,3.4,3.1,2.5,3.3,3.0,2.47,3.42,3.1
2017-04-01,Chelsea,Crystal Palace,A,1.3,5.75,12.0,1.29,5.5,12.0,1.3,5.9,12.0
2017-04-01,Burnley,Tottenham,A,5.75,3.8,1.7,5.5,3.75,1.7,6.07,3.91,1.67
2017-04-01,Leicester,Stoke,H,2.05,3.5,4.0,2.05,3.4,3.8,2.07,3.48,4.0
2017-04-02,Swansea,Middlesbrough,D,2.0,3.4,4.33,1.95,3.5,4.2,1.98,3.43,4.47
2017-04-02,Arsenal,Man City,D,3.1,3.75,2.3,3.1,3.5,2.3,3.22,3.82,2.23
2017-04-04,Burnley,Stoke,H,2.5,3.1,3.3,2.5,3.1,3.1,2.48,3.07,3.43
2017-04-04,Leicester,Sunderland,H,1.45,4.5,8.5,1.44,4.33,8.5,1.48,4.61,7.92
2017-04-04,Man United,Everton,D,1.57,4.2,6.5,1.57,4.0,6.5,1.57,4.23,6.75
2017-04-04,Watford,West Brom,H,2.5,3.2,3.2,2.5,3.1,3.1,2.56,3.16,3.19
2017-04-05,Arsenal,West Ham,H,1.4,5.25,8.0,1.4,5.0,8.0,1.42,5.32,7.89
2017-04-05,Chelsea,Man City,H,2.4,3.5,3.1,2.4,3.3,3.1,2.41,3.56,3.08
2017-04-05,Hull,Middlesbrough,H,2.05,3.3,4.2,2.05,3.2,4.2,2.08,3.32,4.2
2017-04-05,Liverpool,Bournemouth,D,1.36,5.25,9.5,1.36,5.0,9.0,1.4,5.31,8.45
2017-04-05,Southampton,Crystal Palace,H,1.83,3.7,4.75,1.83,3.5,4.8,1.84,3.7,4.86
2017-04-05,Swansea,Tottenham,A,5.0,4.0,1.73,5.0,3.8,1.73,5.33,3.97,1.72
2017-04-08,West Ham,Swansea,H,2.1,3.6,3.7,2.1,3.3,3.5,2.09,3.49,3.92
2017-04-08,West Brom,Southampton,A,3.0,3.3,2.55,2.8,3.1,2.6,3.11,3.31,2.52
2017-04-08,Tottenham,Watford,H,1.25,6.5,15.0,1.25,5.5,12.0,1.25,6.6,14.0
2017-04-08,Man City,Hull,H,1.2,7.5,17.0,1.22,6.0,13.0,1.22,7.6,14.85
2017-04-08,Middlesbrough,Burnley,D,2.45,3.1,3.4,2.4,3.0,3.2,2.42,3.15,3.45
2017-04-08,Bournemouth,Chelsea,A,6.5,4.0,1.6,6.0,3.6,1.62,6.35,4.26,1.59
2017-04-08,Stoke,Liverpool,A,4.0,3.75,1.95,4.0,3.4,1.95,4.06,3.71,1.98
2017-04-09,Everton,Leicester,H,1.75,3.9,5.0,1.75,3.5,5.0,1.76,3.98,4.95
2017-04-09,Sunderland,Man United,A,10.0,5.25,1.36,10.0,4.5,1.36,10.52,5.32,1.36
2017-04-10,Crystal Palace,Arsenal,H,4.5,3.9,1.83,4.33,3.5,1.83,4.37,3.96,1.85
2017-04-15,Tottenham,Bournemouth,H,1.25,6.0,10.0,1.25,6.0,11.0,1.27,6.67,12.45
2017-04-15,Watford,Swansea,H,2.4,3.3,2.9,2.4,3.2,3.0,2.57,3.3,3.05
2017-04-15,Sunderland,West Ham,D,3.3,3.25,2.2,3.1,3.4,2.25,3.24,3.54,2.33
2017-04-15,Crystal Palace,Leicester,D,1.73,3.6,4.75,1.8,3.6,4.5,1.78,3.85,5.1
2017-04-15,Southampton,Man City,A,4.33,4.0,1.73,4.4,3.8,1.75,4.66,4.1,1.78
2017-04-15,Everton,Burnley,H,1.4,4.5,8.0,1.44,4.33,7.5,1.43,4.82,8.67
2017-04-15,Stoke,Hull,H,1.95,3.3,4.0,2.0,3.4,3.8,1.98,3.54,4.3
2017-04-16,Man United,Chelsea,H,2.55,3.2,2.8,2.5,3.2,2.88,2.67,3.2,3.0
2017-04-16,West Brom,Liverpool,A,4.0,3.8,1.8,4.2,3.75,1.8,4.34,3.7,1.93
2017-04-17,Middlesbrough,Arsenal,A,7.0,4.0,1.5,6.5,4.2,1.5,6.72,4.39,1.55
2017-04-22,West Ham,Everton,D,3.3,3.6,2.25,3.4,3.1,2.25,3.27,3.68,2.26
2017-04-22,Swansea,Stoke,H,2.2,3.4,3.6,2.25,3.1,3.5,2.15,3.53,3.68
2017-04-22,Bournemouth,Middlesbrough,H,1.85,3.75,4.5,1.83,3.4,4.5,1.93,3.79,4.24
2017-04-22,Hull,Watford,H,1.91,3.7,4.33,1.95,3.1,4.33,1.92,3.7,4.37
2017-04-23,Burnley,Man United,A,5.75,4.0,1.67,6.0,3.2,1.7,5.95,3.93,1.68
2017-04-23,Liverpool,Crystal Palace,A,1.5,4.75,7.0,1.5,4.0,7.0,1.5,4.91,6.63
2017-04-25,Chelsea,Southampton,H,1.45,4.6,8.5,1.44,4.33,8.0,1.44,4.72,8.66
2017-04-26,Middlesbrough,Sunderland,H,2.3,3.4,3.4,2.25,3.3,3.2,2.23,3.44,3.58
2017-04-26,Arsenal,Leicester,H,1.6,4.5,5.75,1.57,4.2,5.5,1.61,4.54,5.6
2017-04-26,Crystal Palace,Tottenham,A,5.5,4.2,1.65,5.5,3.6,1.67,5.68,4.22,1.65
2017-04-27,Man City,Man United,D,1.91,3.75,4.2,1.85,3.75,4.0,1.89,3.77,4.42
2017-04-29,Sunderland,Bournemouth,A,3.0,3.4,2.3,2.9,3.4,2.38,3.02,3.6,2.37
2017-04-29,Stoke,West Ham,D,2.0,3.5,3.6,2.15,3.4,3.3,2.08,3.45,3.85
2017-04-29,West Brom,Leicester,A,2.4,3.5,2.75,2.5,3.3,2.8,2.54,3.38,2.94
2017-04-29,Crystal Palace,Burnley,A,1.75,3.5,4.75,1.83,3.5,4.4,1.8,3.63,5.02
2017-04-29,Southampton,Hull,D,1.6,3.75,5.75,1.67,3.8,5.0,1.64,4.06,5.77
2017-04-30,Middlesbrough,Man City,D,13.0,5.25,1.25,9.0,5.0,1.33,11.39,5.93,1.29
2017-04-30,Tottenham,Arsenal,H,1.85,3.75,4.0,1.85,4.0,3.75,1.86,3.94,4.15
2017-04-30,Everton,Chelsea,A,3.5,3.6,2.0,3.5,3.5,2.05,3.77,3.67,2.03
2017-04-30,Man United,Swansea,D,1.36,4.75,8.0,1.36,4.75,8.5,1.37,5.04,10.06
2017-05-01,Watford,Liverpool,A,5.75,4.5,1.5,6.0,4.0,1.55,6.61,4.4,1.53
2017-05-05,West Ham,Tottenham,H,8.5,5.25,1.4,8.0,5.0,1.4,9.4,5.35,1.37
2017-05-06,Bournemouth,Stoke,D,2.25,3.6,3.3,2.25,3.2,3.3,2.24,3.5,3.47
2017-05-06,Burnley,West Brom,D,2.25,3.3,3.6,2.25,3.2,3.3,2.31,3.2,3.64
2017-05-06,Hull,Sunderland,A,1.44,4.75,8.0,1.44,4.33,7.5,1.49,4.7,7.29
2017-05-06,Leicester,Watford,H,1.57,4.2,6.5,1.57,3.75,6.5,1.61,4.16,6.38
2017-05-06,Man City,Crystal Palace,H,1.29,6.5,11.0,1.25,6.0,11.0,1.3,6.6,10.25
2017-05-06,Swansea,Everton,H,2.8,3.5,2.63,2.75,3.4,2.62,2.81,3.48,2.65
2017-05-07,Liverpool,Southampton,D,1.62,4.2,6.0,1.62,4.0,6.0,1.61,4.21,6.12
2017-05-07,Arsenal,Man United,H,1.91,3.7,4.33,1.91,3.6,4.2,1.94,3.72,4.22
2017-05-08,Chelsea,Middlesbrough,H,1.17,9.0,19.0,1.14,8.5,19.0,1.18,8.29,18.22
2017-05-10,Southampton,Arsenal,A,3.6,3.8,2.05,3.6,3.6,2.0,3.69,3.75,2.07
2017-05-12,Everton,Watford,H,1.5,4.5,7.5,1.44,4.33,7.0,1.45,4.79,8.05
2017-05-12,West Brom,Chelsea,A,10.0,5.25,1.36,10.0,4.4,1.36,9.65,5.15,1.38
2017-05-13,Bournemouth,Burnley,H,1.91,3.75,4.2,1.95,3.4,4.0,1.93,3.76,4.28
2017-05-13,Man City,Leicester,H,1.25,7.0,12.0,1.25,5.5,12.0,1.25,7.0,13.0
2017-05-13,Middlesbrough,Southampton,A,4.0,3.6,2.0,3.6,3.4,2.05,3.91,3.68,2.03
2017-05-13,Stoke,Arsenal,A,4.75,4.1,1.75,4.5,3.8,1.73,4.61,4.16,1.78
2017-05-13,Sunderland,Swansea,A,4.2,3.8,1.91,4.0,3.5,1.91,4.18,3.84,1.94
2017-05-14,West Ham,Liverpool,A,5.25,4.0,1.7,5.0,3.9,1.7,5.62,4.2,1.65
2017-05-14,Crystal Palace,Hull,H,2.1,3.6,3.75,2.05,3.4,3.75,2.11,3.63,3.69
2017-05-14,Tottenham,Man United,H,1.73,3.9,5.25,1.67,3.8,5.0,1.71,4.04,5.35
2017-05-15,Chelsea,Watford,H,1.25,6.75,13.0,1.25,6.0,11.0,1.25,6.85,13.5
2017-05-16,Arsenal,Sunderland,H,1.09,13.0,29.0,1.1,9.0,26.0,1.1,13.62,28.49
2017-05-16,Man City,West Brom,H,1.14,9.0,23.0,1.14,7.5,21.0,1.14,10.39,23.1
2017-05-17,Southampton,Man United,D,2.75,3.3,2.8,2.62,3.2,2.75,2.76,3.33,2.8
2017-05-18,Leicester,Tottenham,A,4.5,3.8,1.85,4.5,3.5,1.8,4.44,3.78,1.88
2017-05-21,Hull,Tottenham,A,7.0,4.75,1.5,6.0,4.2,1.53,6.36,4.61,1.55
2017-05-21,Swansea,West Brom,H,2.1,3.5,3.75,2.05,3.5,3.5,2.1,3.68,3.67
2017-05-21,Southampton,Stoke,A,1.8,3.8,4.75,1.75,3.75,4.5,1.8,3.95,4.73
2017-05-21,Man United,Crystal Palace,H,2.5,3.3,3.1,2.5,3.3,2.8,2.44,3.4,3.14
2017-05-21,Liverpool,Middlesbrough,H,1.14,9.0,23.0,1.1,9.0,26.0,1.14,9.31,27.82
2017-05-21,Chelsea,Sunderland,H,1.14,9.0,23.0,1.15,7.5,17.0,1.16,9.01,21.02
2017-05-21,Watford,Man City,A,11.0,6.0,1.3,10.0,5.5,1.29,11.51,6.21,1.29
2017-05-21,Burnley,West Ham,A,2.45,3.5,3.0,2.38,3.4,2.9,2.38,3.4,3.26
2017-05-21,Arsenal,Everton,H,1.45,5.0,7.5,1.4,5.0,7.0,1.42,5.29,7.75
2017-05-21,Leicester,Bournemouth,D,2.0,3.6,4.0,1.95,3.75,3.6,1.91,3.75,4.35
2017-08-11,Arsenal,Leicester,H,1.53,4.5,6.5,1.53,4.2,6.0,1.53,4.55,6.85
2017-08-12,Southampton,Swansea,D,1.62,4.0,6.5,1.62,3.6,6.0,1.64,3.94,6.35
2017-08-12,Watford,Liverpool,D,6.0,4.2,1.62,5.5,3.8,1.62,5.74,4.29,1.63
2017-08-12,Everton,Stoke,H,1.7,3.8,5.75,1.7,3.5,5.5,1.7,3.83,5.81
2017-08-12,West Brom,Bournemouth,H,2.4,3.3,3.3,2.5,3.1,3.0,2.46,3.25,3.26
2017-08-12,Chelsea,Burnley,A,1.25,6.5,15.0,1.25,5.5,13.0,1.26,6.3,15.25
2017-08-12,Brighton,Man City,A,11.0,5.5,1.33,10.0,4.8,1.33,10.95,5.55,1.34
2017-08-12,Crystal Palace,Huddersfield,A,1.83,3.6,5.0,1.8,3.3,5.0,1.83,3.58,5.11
2017-08-13,Man United,West Ham,H,1.3,5.75,12.0,1.3,5.0,11.0,1.33,5.68,10.85
2017-08-13,Newcastle,Tottenham,A,5.5,4.0,1.7,5.0,3.75,1.7,5.35,4.0,1.71
2017-08-19,Swansea,Man United,A,11.0,5.0,1.36,10.0,4.5,1.36,12.01,5.33,1.33
2017-08-19,Southampton,West Ham,H,1.75,3.8,5.25,1.7,3.6,4.5,1.71,3.96,5.43
2017-08-19,Liverpool,Crystal Palace,H,1.36,5.25,9.5,1.33,4.5,9.0,1.39,5.24,9.27
2017-08-19,Stoke,Arsenal,H,4.5,3.8,1.85,4.5,3.5,1.8,4.39,3.85,1.88
2017-08-19,Burnley,West Brom,A,2.63,3.2,3.0,2.4,3.0,3.0,2.64,3.17,3.07
2017-08-19,Bournemouth,Watford,A,2.0,3.6,4.0,1.95,3.4,4.0,1.98,3.63,4.16
2017-08-19,Leicester,Brighton,H,1.73,3.8,5.5,1.73,3.3,5.5,1.74,3.85,5.43
2017-08-20,Huddersfield,Newcastle,H,2.5,3.25,3.2,2.5,3.1,3.0,2.51,3.31,3.13
2017-08-20,Tottenham,Chelsea,A,2.1,3.6,3.75,2.1,3.3,3.6,2.08,3.58,3.85
2017-08-21,Man City,Everton,D,1.33,5.75,10.0,1.33,5.0,9.0,1.31,5.88,11.27
2017-08-26,Watford,Brighton,D,1.91,3.4,4.0,1.95,3.25,4.2,1.99,3.37,4.5
2017-08-26,Bournemouth,Man City,A,11.0,6.0,1.3,9.0,5.0,1.33,11.14,5.79,1.32
2017-08-26,Crystal Palace,Swansea,A,1.95,3.5,4.33,1.95,3.25,4.2,1.99,3.43,4.41
2017-08-26,Huddersfield,Southampton,D,3.9,3.4,2.1,3.8,3.1,2.1,4.01,3.45,2.08
2017-08-26,Man United,Leicester,H,1.33,5.5,11.0,1.33,5.0,9.0,1.33,5.56,11.31
2017-08-26,Newcastle,West Ham,H,2.3,3.4,3.4,2.3,3.2,3.2,2.34,3.42,3.33
2017-08-27,Tottenham,Burnley,D,1.25,6.5,15.0,1.25,5.5,13.0,1.26,6.45,14.0
2017-08-27,West Brom,Stoke,D,2.4,3.1,3.5,2.4,3.0,3.2,2.39,3.12,3.55
2017-08-27,Chelsea,Everton,H,1.45,4.5,8.5,1.44,4.2,8.0,1.47,4.55,8.45
2017-08-27,Liverpool,Arsenal,H,2.15,3.7,3.5,2.2,3.25,3.4,2.16,3.72,3.46
2017-09-09,Arsenal,Bournemouth,H,1.36,5.5,9.0,1.36,5.0,8.0,1.39,5.59,8.29
2017-09-09,Brighton,West Brom,H,2.7,3.1,3.0,2.62,2.9,3.0,2.76,3.0,3.08
2017-09-09,Everton,Tottenham,A,3.8,3.5,2.1,3.5,3.25,2.15,3.94,3.5,2.08
2017-09-09,Leicester,Chelsea,A,4.75,3.9,1.8,4.33,3.6,1.8,4.73,3.83,1.83
2017-09-09,Man City,Liverpool,H,1.85,4.0,4.2,1.85,3.75,4.0,1.89,3.94,4.2
2017-09-09,Southampton,Watford,A,1.65,4.0,6.0,1.67,3.6,5.5,1.67,3.96,5.95
2017-09-09,Stoke,Man United,D,7.5,4.5,1.5,7.0,4.0,1.5,7.42,4.43,1.52
2017-09-10,Burnley,Crystal Palace,H,2.3,3.25,3.5,2.38,3.1,3.2,2.36,3.23,3.48
2017-09-10,Swansea,Newcastle,A,2.4,3.25,3.3,2.38,3.1,3.2,2.41,3.28,3.32
2017-09-11,West Ham,Huddersfield,H,1.95,3.5,4.5,1.85,3.5,4.33,1.97,3.46,4.46
2017-09-15,Bournemouth,Brighton,H,2.15,3.4,3.8,2.1,3.3,3.8,2.17,3.44,3.74
2017-09-16,Crystal Palace,Southampton,A,3.0,3.3,2.6,2.8,3.1,2.6,2.99,3.32,2.6
2017-09-16,Huddersfield,Leicester,D,3.5,3.4,2.25,3.3,3.3,2.2,3.46,3.42,2.28
2017-09-16,Liverpool,Burnley,D,1.29,6.0,13.0,1.29,5.0,12.0,1.27,6.3,13.45
2017-09-16,Newcastle,Stoke,H,2.38,3.25,3.4,2.3,3.1,3.3,2.37,3.23,3.46
2017-09-16,Tottenham,Swansea,D,1.22,7.0,15.0,1.22,6.0,13.0,1.25,6.7,14.0
2017-09-16,Watford,Man City,A,9.0,6.0,1.33,8.0,5.5,1.33,9.83,5.64,1.35
2017-09-16,West Brom,West Ham,D,2.38,3.25,3.4,2.3,3.1,3.3,2.36,3.27,3.43
2017-09-17,Chelsea,Arsenal,D,1.8,4.0,4.5,1.8,3.5,4.5,1.81,4.02,4.57
2017-09-17,Man United,Everton,H,1.36,5.25,10.0,1.33,4.5,11.0,1.35,5.3,10.93
2017-09-23,West Ham,Tottenham,A,6.0,4.33,1.6,5.5,4.0,1.6,5.95,4.36,1.61
2017-09-23,Swansea,Watford,A,2.4,3.3,3.25,2.3,3.2,3.2,2.43,3.29,3.28
2017-09-23,Stoke,Chelsea,A,6.0,4.1,1.62,6.0,3.6,1.62,5.69,4.25,1.64
2017-09-23,Southampton,Man United,A,5.5,3.8,1.73,5.0,3.6,1.73,5.35,3.82,1.75
2017-09-23,Everton,Bournemouth,H,1.65,4.0,5.75,1.67,3.6,5.5,1.72,3.92,5.43
2017-09-23,Leicester,Liverpool,A,4.1,3.9,1.91,4.0,3.5,1.91,4.27,3.87,1.89
2017-09-23,Man City,Crystal Palace,H,1.14,10.0,21.0,1.14,7.5,21.0,1.15,10.0,18.5
2017-09-23,Burnley,Huddersfield,D,2.15,3.25,3.9,2.1,3.1,3.8,2.21,3.23,3.89
2017-09-24,Brighton,Newcastle,H,2.8,3.1,2.9,2.7,3.1,2.7,2.78,3.1,2.96
2017-09-25,Arsenal,West Brom,H,1.33,5.5,11.0,1.33,5.0,9.0,1.36,5.45,10.0
2017-09-30,West Ham,Swansea,H,1.8,3.5,4.5,1.83,3.5,4.33,1.9,3.49,4.84
2017-09-30,West Brom,Watford,D,2.15,3.2,3.5,2.25,3.1,3.4,2.33,3.13,3.69
2017-09-30,Stoke,Southampton,H,2.88,3.2,2.45,2.9,3.2,2.5,3.06,3.38,2.52
2017-09-30,Man United,Crystal Palace,H,1.17,7.0,15.0,1.17,7.0,17.0,1.19,7.9,19.0
2017-09-30,Huddersfield,Tottenham,A,8.5,4.75,1.36,8.0,4.5,1.4,9.54,5.0,1.4
2017-09-30,Chelsea,Man City,A,2.75,3.3,2.5,2.8,3.3,2.5,2.84,3.63,2.54
2017-09-30,Bournemouth,Leicester,D,2.8,3.25,2.5,2.75,3.4,2.5,2.9,3.48,2.58
2017-10-01,Arsenal,Brighton,H,1.2,6.5,13.0,1.22,6.0,13.0,1.27,6.65,12.35
2017-10-01,Everton,Burnley,A,1.67,3.6,5.75,1.62,3.6,6.0,1.68,3.81,6.2
2017-10-01,Newcastle,Liverpool,D,5.0,3.8,1.67,5.0,3.75,1.7,5.09,4.17,1.71
2017-10-14,Watford,Arsenal,H,5.25,4.33,1.65,5.5,4.2,1.62,5.49,4.37,1.64
2017-10-14,Swansea,Huddersfield,H,2.2,3.25,3.75,2.15,3.2,3.8,2.21,3.16,3.98
2017-10-14,Man City,Stoke,H,1.14,9.5,21.0,1.14,8.5,21.0,1.16,9.0,19.9
2017-10-14,Tottenham,Bournemouth,H,1.2,8.0,15.0,1.2,7.5,13.0,1.21,7.92,14.37
2017-10-14,Crystal Palace,Chelsea,H,9.0,5.0,1.4,9.5,4.8,1.36,8.5,4.92,1.43
2017-10-14,Burnley,West Ham,D,2.75,3.25,2.8,2.6,3.2,2.88,2.8,3.23,2.83
2017-10-14,Liverpool,Man United,D,2.8,3.25,2.8,2.75,3.2,2.75,2.77,3.32,2.79
2017-10-15,Brighton,Everton,D,3.25,3.3,2.4,3.25,3.2,2.38,3.22,3.18,2.53
2017-10-15,Southampton,Newcastle,D,1.91,3.6,4.5,1.85,3.6,4.5,1.87,3.58,4.85
2017-10-16,Leicester,West Brom,D,2.05,3.4,4.2,2.0,3.4,4.0,2.03,3.4,4.28
2017-10-20,West Ham,Brighton,A,1.83,3.5,5.25,1.83,3.3,5.0,1.82,3.53,5.34
2017-10-21,Swansea,Leicester,A,2.79,3.25,2.75,2.9,3.1,2.62,2.83,3.31,2.74
2017-10-21,Stoke,Bournemouth,A,2.14,3.5,3.6,2.2,3.3,3.5,2.21,3.44,3.61
2017-10-21,Newcastle,Crystal Palace,H,2.0,3.5,4.2,2.05,3.1,4.2,1.98,3.58,4.24
2017-10-21,Southampton,West Brom,H,1.85,3.39,5.25,1.83,3.4,5.0,1.82,3.47,5.49
2017-10-21,Huddersfield,Man United,H,11.0,5.0,1.36,11.0,5.0,1.33,11.73,5.12,1.35
2017-10-21,Chelsea,Watford,H,1.36,5.25,10.0,1.36,5.0,9.0,1.4,5.08,8.95
2017-10-21,Man City,Burnley,H,1.11,12.0,26.0,1.11,9.0,26.0,1.12,12.2,23.0
2017-10-22,Everton,Arsenal,A,3.79,3.6,2.04,4.0,3.3,2.05,3.84,3.71,2.04
2017-10-22,Tottenham,Liverpool,H,2.25,3.5,3.39,2.15,3.4,3.5,2.22,3.62,3.4
2017-10-28,Watford,Stoke,A,2.04,3.6,3.79,2.05,3.5,3.75,2.04,3.69,3.86
2017-10-28,Arsenal,Swansea,H,1.25,7.0,12.0,1.22,7.0,13.0,1.24,7.35,13.5
2017-10-28,Bournemouth,Chelsea,A,6.0,4.2,1.61,5.5,4.2,1.62,5.59,4.29,1.65
2017-10-28,Crystal Palace,West Ham,D,2.39,3.29,3.29,2.4,3.3,3.1,2.36,3.34,3.37
2017-10-28,Liverpool,Huddersfield,H,1.25,6.75,13.0,1.25,6.5,12.0,1.25,6.7,14.0
2017-10-28,Man United,Tottenham,H,2.14,3.39,3.79,2.15,3.4,3.6,2.23,3.38,3.62
2017-10-28,West Brom,Man City,A,11.0,6.5,1.28,12.0,6.5,1.25,12.41,6.83,1.26
2017-10-29,Leicester,Everton,H,2.14,3.39,3.75,2.15,3.4,3.5,2.16,3.47,3.71
2017-10-29,Brighton,Southampton,D,3.29,3.2,2.45,3.25,3.2,2.38,3.35,3.23,2.43
2017-10-30,Burnley,Newcastle,H,2.89,3.2,2.7,2.88,3.1,2.7,3.05,3.13,2.69
2017-11-04,Huddersfield,West Brom,H,2.79,3.0,3.0,2.7,3.0,3.0,2.78,3.01,3.04
2017-11-04,Newcastle,Bournemouth,A,2.0,3.5,4.2,2.0,3.4,4.0,1.99,3.47,4.36
2017-11-04,Southampton,Burnley,A,1.66,3.75,6.5,1.67,3.5,6.5,1.64,3.76,6.91
2017-11-04,Stoke,Leicester,D,2.7,3.29,2.87,2.7,3.2,2.8,2.74,3.33,2.82
2017-11-04,Swansea,Brighton,A,2.39,3.2,3.39,2.4,3.1,3.3,2.47,3.13,3.38
2017-11-04,West Ham,Liverpool,A,5.25,4.33,1.66,5.0,4.2,1.67,5.53,4.29,1.65
2017-11-05,Man City,Arsenal,H,1.39,5.5,7.5,1.44,4.8,7.0,1.43,5.2,7.69
2017-11-05,Tottenham,Crystal Palace,H,1.28,6.0,12.0,1.29,5.5,12.0,1.31,6.11,10.98
2017-11-05,Everton,Watford,H,2.2,3.39,3.6,2.15,3.3,3.6,2.21,3.38,3.67
2017-11-05,Chelsea,Man United,H,2.5,3.2,3.2,2.5,3.2,3.1,2.54,3.22,3.17
2017-11-18,Arsenal,Tottenham,H,2.5,3.6,2.89,2.5,3.5,2.8,2.5,3.62,2.92
2017-11-18,Bournemouth,Huddersfield,H,1.83,3.5,5.25,1.85,3.3,5.0,1.84,3.49,5.23
2017-11-18,Burnley,Swansea,H,2.14,3.2,4.0,2.1,3.2,4.0,2.13,3.17,4.24
2017-11-18,Crystal Palace,Everton,D,2.39,3.25,3.29,2.4,3.2,3.2,2.37,3.3,3.4
2017-11-18,Leicester,Man City,A,9.5,5.75,1.33,9.5,5.0,1.35,9.06,5.89,1.35
2017-11-18,Liverpool,Southampton,H,1.39,5.0,9.0,1.4,4.8,8.5,1.41,5.14,8.67
2017-11-18,Man United,Newcastle,H,1.28,5.75,13.0,1.3,5.0,13.0,1.29,5.7,15.0
2017-11-18,West Brom,Chelsea,A,6.5,4.0,1.61,6.5,3.75,1.62,6.46,4.09,1.61
2017-11-19,Watford,West Ham,H,2.1,3.5,3.75,2.1,3.5,3.6,2.13,3.5,3.79
2017-11-20,Brighton,Stoke,D,2.39,3.2,3.39,2.4,3.1,3.3,2.38,3.16,3.52
2017-11-24,West Ham,Leicester,D,2.7,3.39,2.75,2.75,3.2,2.75,2.74,3.32,2.82
2017-11-25,Crystal Palace,Stoke,H,2.04,3.5,4.0,2.1,3.1,4.0,2.08,3.44,4.03
2017-11-25,Liverpool,Chelsea,D,2.14,3.6,3.5,2.15,3.3,3.6,2.12,3.68,3.62
2017-11-25,Man United,Brighton,H,1.19,7.0,19.0,1.22,5.5,21.0,1.19,7.42,20.97
2017-11-25,Newcastle,Watford,A,2.2,3.5,3.5,2.25,3.2,3.5,2.18,3.48,3.59
2017-11-25,Swansea,Bournemouth,D,2.79,3.25,2.79,2.8,3.2,2.7,2.83,3.27,2.77
2017-11-25,Tottenham,West Brom,D,1.25,6.0,16.0,1.25,5.5,15.0,1.27,6.2,14.35
2017-11-26,Burnley,Arsenal,A,6.5,4.5,1.53,6.0,4.2,1.57,5.89,4.47,1.6
2017-11-26,Huddersfield,Man City,A,17.0,8.0,1.18,17.0,6.5,1.2,15.5,8.24,1.2
2017-11-26,Southampton,Everton,H,1.9,3.39,4.75,1.91,3.3,4.5,1.88,3.49,4.98
2017-11-28,West Brom,Newcastle,D,2.37,3.1,3.5,2.38,3.1,3.4,2.37,3.21,3.49
2017-11-28,Watford,Man United,A,5.25,3.89,1.72,5.0,3.8,1.7,5.34,4.05,1.71
2017-11-28,Brighton,Crystal Palace,D,2.7,3.1,3.0,2.62,3.1,2.9,2.68,3.17,3.01
2017-11-28,Leicester,Tottenham,H,5.0,3.89,1.75,4.8,3.75,1.75,4.86,3.98,1.78
2017-11-29,Man City,Southampton,H,1.19,8.0,15.0,1.2,7.0,17.0,1.2,8.2,15.02
2017-11-29,Arsenal,Huddersfield,H,1.19,7.5,17.0,1.2,7.0,15.0,1.23,7.23,14.43
2017-11-29,Bournemouth,Burnley,A,2.0,3.39,4.33,1.95,3.4,4.2,2.0,3.39,4.47
2017-11-29,Chelsea,Swansea,H,1.18,8.0,17.0,1.2,7.0,17.0,1.2,7.85,17.11
2017-11-29,Everton,West Ham,H,2.37,3.29,3.29,2.3,3.3,3.3,2.33,3.38,3.39
2017-11-29,Stoke,Liverpool,A,6.5,4.5,1.55,6.0,4.5,1.53,6.45,4.69,1.53
2017-12-02,Stoke,Swansea,H,1.95,3.39,4.5,1.95,3.4,4.2,1.96,3.41,4.61
2017-12-02,Watford,Tottenham,D,5.0,4.0,1.72,5.0,3.8,1.73,5.14,4.18,1.7
2017-12-02,Leicester,Burnley,H,1.83,3.6,5.0,1.75,3.6,5.0,1.83,3.64,5.05
2017-12-02,West Brom,Crystal Palace,D,2.5,3.2,3.2,2.5,3.1,3.1,2.52,3.17,3.25
2017-12-02,Chelsea,Newcastle,H,1.25,6.5,15.0,1.25,6.0,13.0,1.26,6.45,14.0
2017-12-02,Brighton,Liverpool,A,7.5,4.5,1.5,6.5,4.5,1.5,7.58,4.55,1.5
2017-12-02,Arsenal,Man United,A,2.5,3.39,3.0,2.5,3.2,3.0,2.44,3.42,3.14
2017-12-02,Everton,Huddersfield,H,1.72,3.79,5.5,1.73,3.5,5.5,1.72,3.82,5.63
2017-12-03,Bournemouth,Southampton,D,2.89,3.25,2.39,3.0,3.1,2.6,3.16,3.22,2.54
2017-12-03,Man City,West Ham,H,1.08,11.0,21.0,1.11,10.0,23.0,1.12,13.0,19.5
2017-12-09,West Ham,Chelsea,H,7.5,4.5,1.5,7.0,4.0,1.5,7.45,4.67,1.49
2017-12-09,Tottenham,Stoke,H,1.28,6.5,11.0,1.25,6.0,11.0,1.3,6.24,10.68
2017-12-09,Newcastle,Leicester,A,2.62,3.29,2.89,2.5,3.25,2.8,2.64,3.32,2.95
2017-12-09,Swansea,West Brom,H,2.7,3.1,3.0,2.6,3.0,2.9,2.74,3.04,3.08
2017-12-09,Crystal Palace,Bournemouth,D,2.04,3.5,4.0,1.91,3.4,4.0,2.04,3.47,4.16
2017-12-09,Burnley,Watford,H,2.6,3.25,3.0,2.5,3.2,2.88,2.62,3.26,3.03
2017-12-09,Huddersfield,Brighton,H,2.7,3.1,3.0,2.62,2.9,3.0,2.69,3.02,3.15
2017-12-10,Liverpool,Everton,D,1.3,6.0,11.0,1.3,5.0,10.0,1.29,6.28,11.6
2017-12-10,Man United,Man City,A,3.39,3.5,2.25,3.3,3.4,2.15,3.44,3.56,2.23
2017-12-10,Southampton,Arsenal,D,4.0,3.75,1.95,3.8,3.6,1.91,3.85,3.79,2.01
2017-12-12,Burnley,Stoke,H,2.29,3.2,3.6,2.3,3.1,3.3,2.3,3.25,3.6
2017-12-12,Crystal Palace,Watford,H,2.29,3.5,3.25,2.25,3.5,3.25,2.29,3.51,3.34
2017-12-12,Huddersfield,Chelsea,A,9.0,4.5,1.44,9.0,4.6,1.4,8.36,4.68,1.46
2017-12-13,Swansea,Man City,A,15.0,6.5,1.25,13.0,6.0,1.25,13.5,6.85,1.25
2017-12-13,West Ham,Arsenal,D,5.25,4.2,1.66,5.5,4.0,1.65,5.36,4.44,1.65
2017-12-13,Southampton,Leicester,A,2.1,3.39,3.89,2.05,3.4,3.8,2.1,3.45,3.95
2017-12-13,Tottenham,Brighton,H,1.25,6.5,15.0,1.25,6.0,13.0,1.25,6.8,13.55
2017-12-13,Man United,Bournemouth,H,1.28,6.0,12.0,1.29,5.5,12.0,1.29,6.26,11.64
2017-12-13,Newcastle,Everton,A,2.39,3.29,3.25,2.4,3.2,3.2,2.41,3.29,3.32
2017-12-13,Liverpool,West Brom,D,1.22,7.0,15.0,1.2,7.0,15.0,1.23,7.25,14.75
2017-12-16,Arsenal,Newcastle,H,1.25,6.5,14.0,1.25,6.0,13.0,1.27,6.8,11.75
2017-12-16,Brighton,Burnley,D,2.62,3.0,3.2,2.62,2.9,3.2,2.62,2.95,3.34
2017-12-16,Chelsea,Southampton,H,1.39,5.0,9.0,1.36,5.0,9.0,1.41,5.1,8.78
2017-12-16,Leicester,Crystal Palace,A,1.89,3.6,4.5,1.91,3.5,4.33,1.88,3.7,4.55
2017-12-16,Man City,Tottenham,H,1.55,4.59,6.0,1.53,4.5,6.0,1.57,4.6,6.0
2017-12-16,Stoke,West Ham,A,2.29,3.29,3.5,2.3,3.3,3.3,2.31,3.35,3.46
2017-12-16,Watford,Huddersfield,A,1.8,3.75,5.0,1.8,3.5,5.0,1.79,3.78,5.08
2017-12-17,Bournemouth,Liverpool,A,6.5,4.5,1.53,6.0,4.5,1.53,6.65,4.81,1.51
2017-12-17,West Brom,Man United,A,6.5,4.0,1.6,6.5,3.8,1.62,6.35,4.09,1.62
2017-12-18,Everton,Swansea,H,1.72,3.75,5.5,1.73,3.6,5.5,1.78,3.64,5.48
2017-12-22,Arsenal,Liverpool,D,2.54,3.6,2.79,2.45,3.6,2.8,2.51,3.71,2.84
2017-12-23,Brighton,Watford,H,2.62,3.2,3.0,2.62,3.1,3.0,2.67,3.2,3.0
2017-12-23,Burnley,Tottenham,A,7.0,4.2,1.55,7.0,3.8,1.57,7.05,4.35,1.54
2017-12-23,Everton,Chelsea,D,6.0,3.89,1.66,5.5,3.8,1.67,5.96,3.98,1.67
2017-12-23,Leicester,Man United,D,4.5,3.6,1.9,4.33,3.5,1.91,4.4,3.71,1.91
2017-12-23,Man City,Bournemouth,H,1.12,11.0,23.0,1.1,11.0,26.0,1.11,12.57,23.05
2017-12-23,Southampton,Huddersfield,D,1.61,3.89,6.5,1.62,3.75,6.5,1.59,4.03,7.0
2017-12-23,Stoke,West Brom,H,2.29,3.25,3.5,2.3,3.1,3.5,2.34,3.21,3.55
2017-12-23,Swansea,Crystal Palace,D,3.29,3.2,2.45,3.3,3.1,2.4,3.34,3.27,2.41
2017-12-23,West Ham,Newcastle,A,2.1,3.39,3.89,2.15,3.2,3.8,2.13,3.43,3.86
2017-12-26,West Brom,Everton,D,2.54,3.2,3.1,2.5,3.2,3.0,2.47,3.22,3.28
2017-12-26,Watford,Leicester,H,2.54,3.5,2.87,2.5,3.4,2.88,2.57,3.47,2.92
2017-12-26,Tottenham,Southampton,H,1.36,5.25,10.0,1.33,5.0,11.0,1.38,5.43,8.97
2017-12-26,Man United,Burnley,D,1.25,6.5,15.0,1.25,6.0,13.0,1.24,6.67,15.84
2017-12-26,Chelsea,Brighton,H,1.19,7.5,17.0,1.2,7.0,15.0,1.21,7.25,17.45
2017-12-26,Huddersfield,Stoke,D,2.5,3.2,3.2,2.5,3.1,3.1,2.51,3.27,3.17
2017-12-26,Bournemouth,West Ham,D,2.79,3.29,2.75,2.8,3.3,2.62,2.8,3.25,2.81
2017-12-26,Liverpool,Swansea,H,1.16,9.0,19.0,1.17,8.0,17.0,1.16,9.12,21.04
2017-12-27,Newcastle,Man City,A,13.0,6.75,1.25,13.0,6.0,1.25,12.6,6.95,1.26
2017-12-28,Crystal Palace,Arsenal,A,4.5,4.0,1.8,4.8,3.8,1.75,4.54,4.0,1.8
2017-12-30,Newcastle,Brighton,D,2.14,3.2,4.0,2.15,3.2,3.6,2.15,3.22,4.1
2017-12-30,Liverpool,Leicester,H,1.3,6.0,11.0,1.3,5.5,9.0,1.32,6.27,9.97
2017-12-30,Watford,Swansea,A,1.66,3.79,6.0,1.7,3.6,5.0,1.7,3.85,5.81
2017-12-30,Chelsea,Stoke,H,1.16,8.5,19.0,1.17,7.0,17.0,1.18,8.01,20.06
2017-12-30,Bournemouth,Everton,H,2.37,3.29,3.29,2.4,3.2,3.0,2.33,3.38,3.39
2017-12-30,Huddersfield,Burnley,D,2.37,3.1,3.5,2.38,2.9,3.4,2.32,3.16,3.67
2017-12-30,Man United,Southampton,D,1.36,5.5,9.0,1.36,4.8,8.0,1.36,5.35,10.1
2017-12-31,Crystal Palace,Man City,D,11.0,6.5,1.28,11.0,6.0,1.25,12.96,6.73,1.26
2017-12-31,West Brom,Arsenal,D,5.0,4.0,1.72,4.5,3.75,1.73,5.39,4.06,1.7
2018-01-01,Stoke,Newcastle,A,2.29,3.29,3.5,2.3,3.2,3.4,2.36,3.26,3.44
2018-01-01,Brighton,Bournemouth,D,2.37,3.2,3.39,2.4,3.1,3.3,2.46,3.11,3.44
2018-01-01,Burnley,Liverpool,A,7.5,4.5,1.5,7.0,4.33,1.5,7.31,4.45,1.52
2018-01-01,Everton,Man United,A,5.5,3.5,1.8,5.5,3.4,1.75,5.49,3.59,1.79
2018-01-01,Leicester,Huddersfield,H,1.66,3.79,6.0,1.67,3.75,5.5,1.65,4.08,6.01
2018-01-02,West Ham,West Brom,H,1.9,3.39,4.09,1.95,3.3,4.33,1.98,3.41,4.51
2018-01-02,Swansea,Tottenham,A,12.0,4.75,1.3,11.0,5.5,1.3,10.54,5.51,1.34
2018-01-02,Man City,Watford,H,1.12,8.5,19.0,1.15,8.0,19.0,1.18,8.7,16.95
2018-01-02,Southampton,Crystal Palace,A,1.9,3.39,4.0,1.95,3.4,4.2,2.05,3.43,4.16
2018-01-03,Arsenal,Chelsea,D,2.6,3.39,2.6,2.7,3.3,2.7,2.8,3.51,2.64
2018-01-04,Tottenham,West Ham,D,1.25,6.0,10.0,1.29,6.0,10.0,1.26,6.25,12.7
2018-01-13,Chelsea,Leicester,D,1.3,5.75,12.0,1.3,5.5,11.0,1.3,5.95,11.85
2018-01-13,Crystal Palace,Burnley,H,2.0,3.29,4.5,2.05,3.1,4.33,2.02,3.3,4.51
2018-01-13,Huddersfield,West Ham,A,2.62,3.1,3.1,2.7,3.0,3.0,2.67,3.14,3.06
2018-01-13,Newcastle,Swansea,D,1.95,3.39,4.5,1.95,3.3,4.5,1.99,3.38,4.5
2018-01-13,Tottenham,Everton,H,1.28,6.0,13.0,1.29,5.5,12.0,1.28,6.02,13.69
2018-01-13,Watford,Southampton,D,2.5,3.39,3.0,2.5,3.25,3.0,2.5,3.48,3.01
2018-01-13,West Brom,Brighton,H,2.14,3.0,4.33,2.05,3.0,4.2,2.16,3.08,4.31
2018-01-14,Liverpool,Man City,H,3.1,3.75,2.29,3.1,3.5,2.3,3.07,3.75,2.34
2018-01-14,Bournemouth,Arsenal,H,4.75,4.2,1.75,4.5,4.0,1.75,4.63,4.22,1.76
2018-01-15,Man United,Stoke,H,1.22,7.0,15.0,1.22,6.5,15.0,1.23,7.22,15.23
2018-01-20,Arsenal,Crystal Palace,H,1.5,4.75,7.0,1.5,4.33,7.0,1.49,4.73,7.19
2018-01-20,Brighton,Chelsea,A,6.5,3.89,1.61,6.5,3.75,1.62,6.33,3.9,1.65
2018-01-20,Burnley,Man United,A,7.5,3.89,1.57,7.0,3.8,1.57,6.98,3.95,1.6
2018-01-20,Everton,West Brom,D,2.14,3.2,4.0,2.15,3.1,4.0,2.16,3.3,3.93
2018-01-20,Leicester,Watford,H,1.85,3.89,4.33,1.85,3.75,4.33,1.85,3.84,4.47
2018-01-20,Man City,Newcastle,H,1.12,10.0,26.0,1.12,9.0,26.0,1.14,10.21,22.56
2018-01-20,Stoke,Huddersfield,H,2.04,3.39,4.09,2.05,3.3,4.0,2.04,3.41,4.23
2018-01-20,West Ham,Bournemouth,D,2.0,3.6,4.0,2.0,3.5,4.0,2.06,3.62,3.87
2018-01-21,Southampton,Tottenham,D,5.75,4.09,1.64,5.5,4.0,1.65,5.72,4.14,1.66
2018-01-22,Swansea,Liverpool,H,12.0,5.75,1.3,11.0,5.5,1.3,11.96,5.8,1.31
2018-01-30,Huddersfield,Liverpool,A,12.0,5.75,1.3,11.0,5.5,1.3,10.75,5.65,1.33
2018-01-30,Swansea,Arsenal,H,7.0,4.59,1.5,7.0,4.33,1.5,7.0,4.62,1.51
2018-01-30,West Ham,Crystal Palace,D,3.1,3.25,2.54,3.0,3.25,2.5,3.06,3.32,2.55
2018-01-31,Chelsea,Bournemouth,A,1.28,6.5,11.0,1.29,6.0,11.0,1.3,6.14,11.24
2018-01-31,Everton,Leicester,H,3.0,3.2,2.62,3.0,3.1,2.62,3.11,3.17,2.6
2018-01-31,Man City,West Brom,H,1.14,10.0,21.0,1.14,9.0,19.0,1.16,9.0,21.8
2018-01-31,Newcastle,Burnley,D,2.2,3.2,3.89,2.2,3.1,3.75,2.19,3.15,4.05
2018-01-31,Southampton,Brighton,D,1.75,3.5,6.0,1.75,3.3,6.0,1.77,3.48,5.99
2018-01-31,Stoke,Watford,D,2.25,3.5,3.39,2.25,3.4,3.3,2.22,3.54,3.48
2018-01-31,Tottenham,Man United,H,2.35,3.29,3.39,2.3,3.3,3.3,2.32,3.42,3.38
2018-02-03,West Brom,Southampton,A,2.54,3.2,3.1,2.5,3.1,3.1,2.65,3.15,3.07
2018-02-03,Man United,Huddersfield,H,1.16,8.5,19.0,1.17,7.5,21.0,1.17,8.19,23.45
2018-02-03,Leicester,Swansea,D,1.8,3.6,5.25,1.8,3.5,5.0,1.81,3.59,5.3
2018-02-03,Arsenal,Everton,H,1.3,5.75,12.0,1.33,5.0,11.0,1.32,5.85,10.95
2018-02-03,Brighton,West Ham,H,2.35,3.0,3.7,2.3,3.0,3.6,2.37,3.07,3.66
2018-02-03,Bournemouth,Stoke,H,1.9,3.7,4.33,1.91,3.5,4.33,1.92,3.66,4.43
2018-02-03,Burnley,Man City,D,13.0,6.0,1.28,12.0,5.5,1.29,13.0,5.9,1.29
2018-02-04,Crystal Palace,Newcastle,D,2.04,3.39,4.2,2.05,3.3,4.0,2.05,3.4,4.19
2018-02-04,Liverpool,Tottenham,D,2.1,3.75,3.6,2.1,3.6,3.5,2.13,3.71,3.55
2018-02-05,Watford,Chelsea,H,6.25,4.0,1.61,6.0,4.0,1.62,6.15,4.05,1.64
2018-02-10,West Ham,Watford,H,2.5,3.29,2.79,2.5,3.3,2.8,2.57,3.32,3.03
2018-02-10,Tottenham,Arsenal,H,2.0,3.6,3.5,2.0,3.75,3.4,2.04,3.85,3.7
2018-02-10,Swansea,Burnley,H,2.37,3.0,3.25,2.5,2.9,3.2,2.5,2.99,3.5
2018-02-10,Man City,Leicester,H,1.19,6.5,13.0,1.22,6.0,12.0,1.22,7.4,14.5
2018-02-10,Everton,Crystal Palace,H,2.25,3.25,3.2,2.25,3.1,3.4,2.26,3.26,3.68
2018-02-10,Stoke,Brighton,D,2.2,3.2,3.39,2.15,3.1,3.6,2.22,3.27,3.78
2018-02-11,Huddersfield,Bournemouth,H,3.25,3.2,2.25,3.25,3.1,2.3,3.3,3.22,2.46
2018-02-11,Newcastle,Man United,H,5.5,3.75,1.61,5.5,3.8,1.62,5.86,4.03,1.66
2018-02-11,Southampton,Liverpool,A,4.2,3.79,1.8,4.33,3.8,1.75,4.75,3.93,1.8
2018-02-12,Chelsea,West Brom,H,1.36,4.75,8.0,1.33,5.0,9.0,1.4,5.1,9.05
2018-02-24,Watford,Everton,H,2.25,3.39,3.5,2.2,3.3,3.3,2.23,3.42,3.57
2018-02-24,West Brom,Huddersfield,A,1.95,3.29,4.75,1.95,3.1,4.4,1.98,3.3,4.7
2018-02-24,Liverpool,West Ham,H,1.22,7.5,13.0,1.22,6.0,12.0,1.23,7.14,14.61
2018-02-24,Burnley,Southampton,D,2.89,3.1,2.79,2.62,3.1,2.75,2.98,3.08,2.78
2018-02-24,Brighton,Swansea,H,2.14,3.25,4.0,2.1,3.0,3.8,2.11,3.15,4.36
2018-02-24,Bournemouth,Newcastle,D,2.1,3.5,3.79,2.05,3.3,3.7,2.11,3.49,3.85
2018-02-24,Leicester,Stoke,D,1.72,3.89,5.25,1.7,3.75,4.8,1.71,3.89,5.62
2018-02-25,Crystal Palace,Tottenham,A,7.5,4.5,1.5,6.5,4.2,1.5,7.09,4.66,1.51
2018-02-25,Man United,Chelsea,H,2.29,3.25,3.5,2.3,3.1,3.3,2.3,3.3,3.55
2018-03-01,Arsenal,Man City,A,4.5,4.0,1.72,4.5,3.8,1.73,4.58,4.06,1.8
2018-03-03,Swansea,West Ham,H,2.6,3.25,3.0,2.6,3.1,3.0,2.65,3.19,3.03
2018-03-03,Tottenham,Huddersfield,H,1.19,7.5,17.0,1.2,7.0,17.0,1.19,8.05,18.5
2018-03-03,Southampton,Stoke,D,1.75,3.75,5.25,1.75,3.5,5.5,1.76,3.71,5.48
2018-03-03,Watford,West Brom,H,2.14,3.29,3.89,2.15,3.25,3.8,2.2,3.3,3.8
2018-03-03,Leicester,Bournemouth,D,1.85,3.75,4.5,1.85,3.6,4.5,1.88,3.72,4.57
2018-03-03,Burnley,Everton,H,2.5,3.1,3.29,2.5,3.0,3.3,2.5,3.04,3.43
2018-03-03,Liverpool,Newcastle,H,1.22,7.0,15.0,1.22,6.5,15.0,1.22,7.6,14.1
2018-03-04,Man City,Chelsea,H,1.61,4.2,6.0,1.62,4.0,6.0,1.6,4.35,6.07
2018-03-04,Brighton,Arsenal,H,4.2,3.79,1.9,4.0,3.75,1.91,4.04,3.7,1.99
2018-03-05,Crystal Palace,Man United,A,7.0,4.0,1.57,6.5,4.0,1.57,6.63,4.24,1.58
2018-03-10,Chelsea,Crystal Palace,H,1.3,5.75,12.0,1.3,5.5,11.0,1.3,6.0,11.65
2018-03-10,Everton,Brighton,H,2.2,3.2,3.89,2.2,3.1,3.75,2.22,3.24,3.83
2018-03-10,Huddersfield,Swansea,D,2.54,3.1,3.2,2.5,3.1,3.1,2.52,3.07,3.37
2018-03-10,Man United,Liverpool,H,2.75,3.39,2.75,2.75,3.3,2.8,2.79,3.34,2.76
2018-03-10,Newcastle,Southampton,H,2.79,3.2,2.79,2.8,3.1,2.8,2.8,3.16,2.88
2018-03-10,West Brom,Leicester,A,3.0,3.25,2.6,3.0,3.1,2.6,3.07,3.28,2.57
2018-03-10,West Ham,Burnley,A,2.29,3.2,3.6,2.3,3.1,3.6,2.32,3.21,3.6
2018-03-11,Bournemouth,Tottenham,A,6.5,4.5,1.55,6.0,4.5,1.53,6.49,4.66,1.53
2018-03-11,Arsenal,Watford,H,1.44,5.0,7.5,1.5,4.33,7.0,1.48,4.81,7.4
2018-03-12,Stoke,Man City,A,15.0,6.5,1.25,13.0,6.0,1.25,13.25,6.89,1.25
2018-03-17,Bournemouth,West Brom,H,1.83,3.6,5.0,1.83,3.5,4.33,1.85,3.6,4.94
2018-03-17,Huddersfield,Crystal Palace,A,3.0,3.1,2.7,2.8,3.1,2.62,2.94,3.2,2.72
2018-03-17,Liverpool,Watford,H,1.19,8.0,15.0,1.2,6.5,13.0,1.2,7.85,15.95
2018-03-17,Stoke,Everton,A,2.5,3.29,3.1,2.4,3.2,3.0,2.49,3.29,3.18
2018-03-31,West Brom,Burnley,A,2.5,3.0,3.1,2.62,3.0,2.9,2.67,3.07,3.13
2018-03-31,Watford,Bournemouth,D,2.29,3.29,3.1,2.3,3.4,3.0,2.35,3.47,3.26
2018-03-31,Newcastle,Huddersfield,H,1.75,3.39,5.0,1.75,3.4,5.0,1.78,3.62,5.55
2018-03-31,West Ham,Southampton,H,2.7,3.25,2.6,2.88,3.1,2.6,2.97,3.25,2.66
2018-03-31,Everton,Man City,A,9.0,5.0,1.33,8.5,4.8,1.33,10.3,5.47,1.35
2018-03-31,Crystal Palace,Liverpool,A,7.0,4.33,1.44,6.0,4.33,1.5,6.65,4.54,1.54
2018-03-31,Brighton,Leicester,A,2.7,3.2,2.62,2.8,3.1,2.62,2.82,3.2,2.84
2018-03-31,Man United,Swansea,H,1.25,6.0,10.0,1.22,6.0,13.0,1.24,7.02,14.56
2018-04-01,Arsenal,Stoke,H,1.28,5.5,10.0,1.3,5.5,10.0,1.31,6.1,10.47
2018-04-01,Chelsea,Tottenham,A,2.29,3.29,3.1,2.3,3.2,3.1,2.43,3.4,3.18
2018-04-07,Watford,Burnley,A,2.39,3.2,3.39,2.38,3.1,3.3,2.32,3.05,3.49
2018-04-07,Stoke,Tottenham,A,11.0,5.5,1.33,11.0,5.0,1.33,11.07,5.54,1.34
2018-04-07,Man City,Man United,A,1.89,3.79,4.2,1.85,3.6,4.33,1.88,3.85,4.37
2018-04-07,West Brom,Swansea,D,2.37,3.2,3.39,2.4,3.1,3.3,2.35,3.25,3.49
2018-04-07,Everton,Liverpool,D,4.2,3.75,1.9,4.2,3.6,1.91,4.25,3.71,1.94
2018-04-07,Brighton,Huddersfield,D,1.85,3.5,5.0,1.85,3.3,5.0,1.88,3.48,4.95
2018-04-07,Bournemouth,Crystal Palace,D,2.5,3.39,3.0,2.5,3.25,3.0,2.48,3.47,3.04
2018-04-07,Leicester,Newcastle,A,1.95,3.6,4.2,1.95,3.4,4.33,1.97,3.54,4.32
2018-04-08,Arsenal,Southampton,H,1.57,4.5,6.0,1.57,4.2,6.0,1.56,4.45,6.44
2018-04-08,Chelsea,West Ham,D,1.28,6.0,12.0,1.29,5.5,12.0,1.28,6.34,11.91
2018-04-14,Tottenham,Man City,A,2.62,3.6,2.7,2.7,3.3,2.7,2.7,3.61,2.68
2018-04-14,Swansea,Everton,D,2.54,3.25,3.1,2.5,3.1,3.1,2.61,3.13,3.15
2018-04-14,Southampton,Chelsea,A,4.5,3.75,1.85,4.5,3.6,1.83,4.48,3.74,1.88
2018-04-14,Huddersfield,Watford,H,2.62,3.25,3.0,2.62,3.1,2.9,2.72,3.14,2.9
2018-04-14,Crystal Palace,Brighton,H,1.9,3.5,4.75,1.91,3.2,4.8,1.91,3.56,4.64
2018-04-14,Burnley,Leicester,H,2.62,3.2,3.0,2.7,3.1,2.88,2.67,3.19,3.01
2018-04-14,Liverpool,Bournemouth,H,1.25,7.0,12.0,1.25,6.0,13.0,1.25,7.15,12.89
2018-04-15,Man United,West Brom,A,1.18,8.0,19.0,1.17,7.5,19.0,1.22,7.05,17.85
2018-04-15,Newcastle,Arsenal,H,3.29,3.6,2.25,3.3,3.5,2.2,3.27,3.65,2.27
2018-04-16,West Ham,Stoke,D,2.0,3.6,4.0,2.0,3.3,4.2,2.01,3.52,4.19
2018-04-17,Brighton,Tottenham,D,6.5,4.33,1.55,6.5,4.33,1.53,6.56,4.35,1.57
2018-04-18,Bournemouth,Man United,A,5.0,3.89,1.75,4.8,3.8,1.75,4.99,4.07,1.74
2018-04-19,Burnley,Chelsea,A,4.0,3.39,1.9,4.33,3.4,1.91,4.64,3.55,1.91
2018-04-19,Leicester,Southampton,D,2.25,3.29,3.2,2.38,3.5,3.0,2.42,3.53,3.08
2018-04-21,Watford,Crystal Palace,D,2.89,3.39,2.54,2.88,3.25,2.6,2.96,3.44,2.55
2018-04-21,West Brom,Liverpool,D,7.5,4.5,1.5,6.5,4.2,1.53,7.57,4.45,1.51
2018-04-22,Arsenal,West Ham,H,1.55,4.59,6.0,1.57,4.5,5.5,1.55,4.65,6.28
2018-04-22,Man City,Swansea,H,1.14,9.0,23.0,1.14,8.5,21.0,1.14,9.66,23.8
2018-04-22,Stoke,Burnley,D,2.29,3.29,3.5,2.38,3.2,3.25,2.27,3.29,3.65
2018-04-23,Everton,Newcastle,H,2.29,3.39,3.39,2.3,3.2,3.2,2.31,3.35,3.46
2018-04-28,Swansea,Chelsea,A,7.0,4.33,1.53,7.0,4.0,1.53,7.49,4.5,1.51
2018-04-28,Southampton,Bournemouth,H,1.72,4.0,5.0,1.73,3.75,5.0,1.71,4.11,5.15
2018-04-28,Newcastle,West Brom,A,1.85,3.6,4.75,1.91,3.4,4.5,1.93,3.47,4.69
2018-04-28,Huddersfield,Everton,A,2.62,3.1,3.1,2.62,3.1,2.9,2.63,3.1,3.15
2018-04-28,Crystal Palace,Leicester,H,2.04,3.6,3.79,2.1,3.3,3.75,2.08,3.57,3.85
2018-04-28,Burnley,Brighton,D,2.25,3.2,3.7,2.2,3.1,3.75,2.28,3.2,3.71
2018-04-28,Liverpool,Stoke,D,1.33,5.75,10.0,1.33,5.0,10.0,1.32,5.85,10.1
2018-04-29,Man United,Arsenal,H,1.44,4.75,8.0,1.44,4.33,8.0,1.45,4.83,8.14
2018-04-29,West Ham,Man City,A,10.0,5.75,1.33,11.0,5.0,1.33,11.03,5.72,1.32
2018-04-30,Tottenham,Watford,H,1.16,8.5,21.0,1.17,7.0,21.0,1.16,8.65,21.0
2018-05-04,Brighton,Man United,H,4.75,3.6,1.85,4.75,3.5,1.83,4.8,3.59,1.88
2018-05-05,West Brom,Tottenham,H,8.0,4.75,1.44,8.5,4.8,1.4,7.56,4.82,1.46
2018-05-05,Stoke,Crystal Palace,A,2.7,3.39,2.79,2.7,3.2,2.8,2.74,3.4,2.77
2018-05-05,Watford,Newcastle,H,2.37,3.39,3.2,2.4,3.2,3.2,2.41,3.39,3.22
2018-05-05,Everton,Southampton,D,2.89,3.29,2.62,2.88,3.2,2.62,2.9,3.35,2.66
2018-05-05,Leicester,West Ham,A,2.25,3.5,3.39,2.3,3.25,3.3,2.28,3.41,3.48
2018-05-05,Bournemouth,Swansea,H,2.1,3.6,3.7,2.1,3.4,3.6,2.11,3.62,3.69
2018-05-06,Arsenal,Burnley,H,1.57,4.2,6.5,1.57,3.75,7.0,1.57,4.35,6.47
2018-05-06,Chelsea,Liverpool,H,2.25,3.6,3.29,2.25,3.3,3.4,2.29,3.66,3.22
2018-05-06,Man City,Huddersfield,D,1.08,13.0,34.0,1.11,9.0,26.0,1.09,13.5,26.0
2018-05-08,Swansea,Southampton,A,3.1,3.25,2.54,3.0,3.2,2.5,3.09,3.31,2.53
2018-05-09,Tottenham,Newcastle,H,1.18,8.5,17.0,1.17,8.0,17.0,1.19,7.8,17.0
2018-05-09,Man City,Brighton,H,1.12,10.0,27.0,1.12,10.0,21.0,1.13,9.71,24.81
2018-05-09,Leicester,Arsenal,H,3.75,3.79,2.0,3.6,3.75,2.0,3.75,3.9,2.01
2018-05-09,Chelsea,Huddersfield,D,1.16,8.5,19.0,1.17,8.0,17.0,1.19,7.77,20.17
2018-05-10,West Ham,Man United,D,4.75,3.79,1.8,4.5,3.8,1.8,4.65,3.88,1.83
2018-05-13,West Ham,Everton,H,2.45,3.5,3.0,2.4,3.3,3.1,2.36,3.51,3.17
2018-05-13,Tottenham,Leicester,H,1.33,6.0,9.0,1.3,6.0,9.0,1.33,5.95,9.56
2018-05-13,Swansea,Stoke,A,1.9,3.79,4.2,1.91,3.75,4.0,1.91,3.72,4.29
2018-05-13,Southampton,Man City,A,9.0,5.0,1.39,8.5,4.5,1.4,8.06,5.11,1.42
2018-05-13,Newcastle,Chelsea,H,6.5,4.2,1.6,6.5,4.0,1.57,5.96,4.22,1.61
2018-05-13,Burnley,Bournemouth,A,2.14,3.5,3.6,2.2,3.3,3.5,2.21,3.57,3.41
2018-05-13,Liverpool,Brighton,H,1.19,8.0,15.0,1.2,6.5,17.0,1.21,7.65,15.44
2018-05-13,Huddersfield,Arsenal,A,6.0,4.33,1.6,5.5,4.2,1.6,5.88,4.48,1.58
2018-05-13,Crystal Palace,West Brom,H,1.8,3.79,4.75,1.75,3.6,5.0,1.75,4.01,4.86
2018-05-13,Man United,Watford,H,1.39,5.25,8.5,1.33,5.5,9.0,1.4,5.46,7.98
2018-08-10,Man United,Leicester,H,1.57,3.9,7.5,1.57,3.8,6.0,1.58,3.93,7.5
2018-08-11,Watford,Brighton,H,2.37,3.2,3.4,2.38,3.0,3.3,2.43,3.22,3.33
2018-08-11,Wolves,Everton,D,2.37,3.3,3.3,2.3,3.2,3.2,2.36,3.4,3.28
2018-08-11,Newcastle,Tottenham,A,3.9,3.5,2.04,3.8,3.2,2.05,3.83,3.57,2.08
2018-08-11,Bournemouth,Cardiff,H,1.9,3.6,4.5,1.91,3.5,4.0,1.89,3.63,4.58
2018-08-11,Fulham,Crystal Palace,A,2.5,3.4,3.0,2.45,3.3,2.8,2.5,3.46,3.0
2018-08-11,Huddersfield,Chelsea,A,6.5,4.0,1.61,5.8,3.9,1.57,6.41,4.02,1.62
2018-08-12,Arsenal,Man City,A,4.0,3.8,1.95,3.8,3.8,1.91,4.0,3.97,1.93
2018-08-12,Liverpool,West Ham,H,1.25,6.5,14.0,1.25,5.5,12.0,1.27,6.35,13.25
2018-08-12,Southampton,Burnley,D,1.85,3.5,5.0,1.83,3.25,4.8,1.86,3.51,4.99
2018-08-18,West Ham,Bournemouth,A,2.1,3.6,3.7,2.05,3.6,3.4,2.09,3.65,3.69
2018-08-18,Tottenham,Fulham,H,1.28,6.0,12.0,1.25,6.0,10.0,1.28,6.29,12.44
2018-08-18,Leicester,Wolves,H,2.04,3.5,3.9,2.05,3.4,3.6,2.05,3.56,3.9
2018-08-18,Chelsea,Arsenal,H,1.8,4.0,4.5,1.83,3.75,4.0,1.83,3.97,4.46
2018-08-18,Cardiff,Newcastle,D,3.25,3.1,2.54,3.1,3.0,2.45,3.25,3.12,2.54
2018-08-18,Everton,Southampton,H,1.9,3.5,4.75,1.91,3.4,4.0,1.89,3.56,4.71
2018-08-19,Brighton,Man United,H,5.5,3.6,1.75,4.8,3.6,1.75,5.37,3.56,1.81
2018-08-19,Burnley,Watford,A,2.45,3.1,3.4,2.38,3.0,3.25,2.47,3.08,3.37
2018-08-19,Man City,Huddersfield,H,1.1,13.0,26.0,1.06,12.0,29.0,1.1,12.39,32.7
2018-08-20,Crystal Palace,Liverpool,A,7.0,5.0,1.44,6.0,4.75,1.44,7.34,5.09,1.45
2018-08-25,Southampton,Leicester,A,2.45,3.2,3.25,2.3,3.3,3.1,2.45,3.34,3.18
2018-08-25,Liverpool,Brighton,H,1.16,8.5,19.0,1.15,8.0,17.0,1.17,8.54,21.13
2018-08-25,Wolves,Man City,D,11.0,6.5,1.28,10.0,6.0,1.25,12.1,6.52,1.27
2018-08-25,Bournemouth,Everton,D,2.62,3.6,2.75,2.5,3.6,2.62,2.63,3.58,2.77
2018-08-25,Arsenal,West Ham,H,1.36,5.5,9.0,1.36,5.0,7.5,1.38,5.52,8.77
2018-08-25,Huddersfield,Cardiff,D,2.37,3.0,3.7,2.3,3.1,3.3,2.34,3.1,3.68
2018-08-26,Fulham,Burnley,H,2.0,3.4,4.33,2.0,3.25,3.9,1.97,3.47,4.4
2018-08-26,Newcastle,Chelsea,A,5.75,4.0,1.66,5.0,3.75,1.67,5.49,4.06,1.68
2018-08-26,Watford,Crystal Palace,H,2.6,3.25,3.0,2.5,3.3,2.8,2.61,3.33,2.96
2018-08-27,Man United,Tottenham,A,2.62,3.3,2.9,2.5,3.4,2.7,2.61,3.36,2.93
2018-09-01,West Ham,Wolves,A,2.6,3.4,2.87,2.4,3.5,2.8,2.58,3.44,2.91
2018-09-01,Man City,Newcastle,H,1.11,11.0,26.0,1.08,10.0,26.0,1.12,10.57,27.95
2018-09-01,Everton,Huddersfield,D,1.53,4.2,7.5,1.5,3.8,7.5,1.5,4.3,8.06
2018-09-01,Leicester,Liverpool,A,7.5,5.0,1.44,7.0,4.75,1.4,7.5,4.96,1.45
2018-09-01,Chelsea,Bournemouth,H,1.3,6.0,11.0,1.29,5.8,8.5,1.3,6.3,10.73
2018-09-01,Brighton,Fulham,D,2.3,3.4,3.4,2.25,3.3,3.2,2.24,3.45,3.47
2018-09-01,Crystal Palace,Southampton,A,2.0,3.5,4.2,1.95,3.4,4.0,1.95,3.5,4.47
2018-09-02,Burnley,Man United,A,6.0,3.75,1.7,5.5,3.7,1.65,5.94,3.85,1.68
2018-09-02,Cardiff,Arsenal,A,6.5,4.33,1.57,5.5,4.33,1.53,6.35,4.54,1.55
2018-09-02,Watford,Tottenham,H,5.5,4.2,1.64,5.0,4.2,1.62,5.5,4.19,1.66
2018-09-15,Tottenham,Liverpool,A,3.0,3.6,2.4,2.88,3.5,2.3,3.03,3.71,2.37
2018-09-15,Bournemouth,Leicester,H,2.45,3.5,3.0,2.38,3.4,2.9,2.43,3.46,3.13
2018-09-15,Chelsea,Cardiff,H,1.18,8.0,19.0,1.17,7.0,15.0,1.19,7.4,18.5
2018-09-15,Huddersfield,Crystal Palace,A,3.3,3.1,2.5,3.1,3.0,2.45,3.25,3.23,2.48
2018-09-15,Man City,Fulham,H,1.12,10.0,26.0,1.12,9.0,17.0,1.13,10.17,20.82
2018-09-15,Newcastle,Arsenal,A,4.2,3.8,1.9,3.75,3.7,1.91,4.2,3.83,1.92
2018-09-15,Watford,Man United,A,4.33,3.6,1.95,4.0,3.4,1.91,4.18,3.65,1.97
2018-09-16,Wolves,Burnley,H,1.75,3.6,5.75,1.75,3.5,4.8,1.74,3.65,5.82
2018-09-16,Everton,West Ham,A,2.0,3.75,3.9,2.05,3.6,3.4,2.07,3.69,3.76
2018-09-17,Southampton,Brighton,D,2.1,3.4,3.9,2.05,3.2,3.75,2.12,3.36,3.98
2018-09-22,Man United,Wolves,D,1.57,4.33,6.5,1.57,4.2,5.5,1.59,4.19,6.52
2018-09-22,Brighton,Tottenham,A,5.0,4.0,1.75,4.4,3.8,1.75,4.99,3.93,1.76
2018-09-22,Burnley,Bournemouth,H,3.0,3.4,2.5,2.8,3.3,2.5,2.95,3.42,2.59
2018-09-22,Cardiff,Man City,A,23.0,8.0,1.16,17.0,7.5,1.15,21.06,7.97,1.18
2018-09-22,Crystal Palace,Newcastle,D,2.14,3.4,3.75,2.1,3.3,3.5,2.18,3.38,3.77
2018-09-22,Fulham,Watford,D,2.54,3.5,2.9,2.5,3.4,2.75,2.48,3.49,2.92
2018-09-22,Leicester,Huddersfield,H,1.61,4.0,6.5,1.6,3.75,6.0,1.62,3.91,6.72
2018-09-22,Liverpool,Southampton,H,1.2,7.5,17.0,1.18,7.0,15.0,1.2,7.42,18.51
2018-09-23,West Ham,Chelsea,D,6.0,4.5,1.57,5.0,4.2,1.6,5.72,4.41,1.61
2018-09-23,Arsenal,Everton,H,1.44,5.0,7.5,1.47,4.75,6.0,1.49,4.93,6.88
2018-09-29,Arsenal,Watford,H,1.44,5.1,7.0,1.44,5.0,6.0,1.5,4.85,6.75
2018-09-29,Chelsea,Liverpool,D,2.8,3.6,2.54,2.8,3.5,2.45,2.86,3.55,2.58
2018-09-29,Everton,Fulham,H,1.75,4.2,4.75,1.75,4.0,4.33,1.76,4.05,4.82
2018-09-29,Huddersfield,Tottenham,A,8.5,4.5,1.44,7.0,4.4,1.47,8.01,4.5,1.48
2018-09-29,Man City,Brighton,H,1.1,12.0,34.0,1.07,12.0,29.0,1.1,12.59,24.79
2018-09-29,Newcastle,Leicester,A,2.6,3.3,3.0,2.55,3.2,2.9,2.61,3.3,3.01
2018-09-29,West Ham,Man United,H,4.5,3.8,1.85,4.2,3.7,1.85,4.53,3.78,1.87
2018-09-29,Wolves,Southampton,H,1.8,3.6,5.25,1.85,3.5,4.5,1.85,3.56,5.04
2018-09-30,Cardiff,Burnley,A,2.62,3.0,3.2,2.55,3.1,3.0,2.63,3.13,3.14
2018-10-01,Bournemouth,Crystal Palace,H,2.25,3.5,3.4,2.25,3.4,3.2,2.3,3.52,3.33
2018-10-05,Brighton,West Ham,H,2.7,3.3,2.87,2.62,3.2,2.8,2.72,3.3,2.87
2018-10-06,Burnley,Huddersfield,D,2.14,3.1,4.2,2.15,3.0,4.0,2.16,3.04,4.33
2018-10-06,Crystal Palace,Wolves,A,3.0,3.2,2.62,2.9,3.2,2.55,2.99,3.21,2.65
2018-10-06,Leicester,Everton,A,2.2,3.4,3.6,2.2,3.4,3.3,2.17,3.52,3.6
2018-10-06,Man United,Newcastle,H,1.44,4.5,9.0,1.47,4.4,7.0,1.46,4.54,8.56
2018-10-06,Tottenham,Cardiff,H,1.22,7.0,15.0,1.25,6.0,11.0,1.22,6.74,15.07
2018-10-06,Watford,Bournemouth,A,2.14,3.6,3.5,2.15,3.5,3.3,2.15,3.59,3.58
2018-10-07,Fulham,Arsenal,A,5.25,4.33,1.66,4.4,4.2,1.7,5.0,4.33,1.69
2018-10-07,Liverpool,Man City,D,2.54,3.6,2.8,2.5,3.5,2.75,2.56,3.56,2.85
2018-10-07,Southampton,Chelsea,A,6.0,4.1,1.61,5.5,4.0,1.62,6.02,4.13,1.63
2018-10-20,Wolves,Watford,A,1.75,3.75,5.25,1.73,3.6,5.0,1.76,3.68,5.47
2018-10-20,West Ham,Tottenham,A,4.1,3.9,1.9,3.8,3.8,1.91,4.07,3.89,1.93
2018-10-20,Newcastle,Brighton,A,2.2,3.25,3.8,2.15,3.2,3.7,2.22,3.21,3.9
2018-10-20,Man City,Burnley,H,1.08,13.0,34.0,1.06,13.0,26.0,1.1,11.96,32.7
2018-10-20,Bournemouth,Southampton,D,2.04,3.7,3.75,2.0,3.6,3.6,2.07,3.67,3.79
2018-10-20,Chelsea,Man United,D,1.75,3.8,5.25,1.73,3.8,4.6,1.74,3.93,5.26
2018-10-20,Cardiff,Fulham,H,2.5,3.5,2.95,2.4,3.4,2.88,2.51,3.46,3.02
2018-10-20,Huddersfield,Liverpool,A,11.0,5.5,1.33,11.0,5.0,1.32,11.49,5.36,1.33
2018-10-21,Everton,Crystal Palace,H,1.85,3.6,4.75,1.88,3.5,4.33,1.88,3.67,4.66
2018-10-22,Arsenal,Leicester,H,1.53,4.5,6.5,1.53,4.33,5.8,1.56,4.36,6.51
2018-10-27,Southampton,Newcastle,D,2.1,3.4,3.9,2.15,3.25,3.6,2.14,3.37,3.91
2018-10-27,Watford,Huddersfield,H,1.75,3.75,5.25,1.75,3.6,5.0,1.76,3.74,5.37
2018-10-27,Liverpool,Cardiff,H,1.11,11.0,26.0,1.08,11.0,29.0,1.11,10.86,27.28
2018-10-27,Leicester,West Ham,D,2.1,3.5,3.8,2.15,3.4,3.5,2.16,3.45,3.75
2018-10-27,Fulham,Bournemouth,A,2.9,3.75,2.4,2.75,3.7,2.4,2.95,3.75,2.42
2018-10-27,Brighton,Wolves,H,3.2,3.2,2.5,3.2,3.0,2.4,3.27,3.19,2.5
2018-10-28,Burnley,Chelsea,A,11.0,5.0,1.36,9.5,4.75,1.36,10.84,4.89,1.37
2018-10-28,Crystal Palace,Arsenal,D,4.75,4.1,1.75,4.2,4.2,1.75,4.56,4.26,1.76
2018-10-28,Man United,Everton,H,1.72,3.9,5.25,1.75,3.8,4.6,1.75,3.91,5.16
2018-10-29,Tottenham,Man City,A,4.75,4.1,1.75,4.4,4.2,1.73,4.76,4.24,1.74
2018-11-03,Wolves,Tottenham,A,3.1,3.4,2.45,2.9,3.3,2.5,3.13,3.36,2.49
2018-11-03,West Ham,Burnley,H,1.75,3.75,5.25,1.75,3.7,4.8,1.76,3.74,5.42
2018-11-03,Newcastle,Watford,H,2.75,3.25,2.8,2.62,3.25,2.75,2.78,3.25,2.85
2018-11-03,Cardiff,Leicester,A,3.8,3.4,2.14,3.6,3.3,2.15,3.85,3.37,2.16
2018-11-03,Bournemouth,Man United,A,3.6,3.7,2.1,3.4,3.5,2.1,3.62,3.64,2.14
2018-11-03,Arsenal,Liverpool,D,3.9,3.9,1.95,3.6,3.7,2.0,3.92,3.77,2.0
2018-11-03,Everton,Brighton,H,1.61,4.0,6.5,1.6,3.9,6.0,1.58,4.07,7.01
2018-11-04,Chelsea,Crystal Palace,H,1.25,6.75,13.0,1.29,6.0,9.5,1.27,6.18,11.51
2018-11-04,Man City,Southampton,H,1.11,11.0,29.0,1.11,10.0,21.0,1.11,10.68,28.68
2018-11-05,Huddersfield,Fulham,H,2.3,3.5,3.3,2.3,3.4,3.1,2.33,3.45,3.34
2018-11-10,Newcastle,Bournemouth,H,2.9,3.4,2.6,2.75,3.4,2.55,2.89,3.43,2.62
2018-11-10,Leicester,Burnley,D,1.5,4.33,8.0,1.52,4.2,6.5,1.49,4.45,7.95
2018-11-10,Southampton,Watford,D,2.5,3.3,3.1,2.5,3.25,2.9,2.53,3.34,3.09
2018-11-10,Crystal Palace,Tottenham,A,4.5,3.75,1.85,4.33,3.6,1.83,4.48,3.67,1.91
2018-11-10,Cardiff,Brighton,H,2.6,3.1,3.1,2.55,3.1,3.0,2.61,3.19,3.11
2018-11-10,Huddersfield,West Ham,D,3.4,3.25,2.35,3.3,3.2,2.3,3.46,3.33,2.33
2018-11-11,Arsenal,Wolves,D,1.66,4.2,5.25,1.65,4.2,4.75,1.68,4.14,5.41
2018-11-11,Chelsea,Everton,D,1.4,5.25,8.5,1.44,5.0,6.5,1.42,5.17,7.89
2018-11-11,Liverpool,Fulham,H,1.11,11.0,26.0,1.1,11.0,21.0,1.11,10.9,24.65
2018-11-11,Man City,Man United,H,1.4,5.25,8.5,1.38,5.0,7.5,1.39,5.4,8.32
2018-11-24,West Ham,Man City,A,13.0,6.5,1.25,10.0,6.5,1.25,12.46,6.58,1.25
2018-11-24,Tottenham,Chelsea,H,2.8,3.5,2.6,2.8,3.4,2.5,2.87,3.5,2.6
2018-11-24,Man United,Crystal Palace,D,1.4,5.25,8.0,1.4,4.75,8.0,1.42,4.88,8.79
2018-11-24,Watford,Liverpool,A,6.5,4.33,1.55,5.5,4.33,1.57,6.31,4.28,1.59
2018-11-24,Everton,Cardiff,H,1.4,5.0,9.0,1.42,4.75,7.5,1.43,4.78,8.61
2018-11-24,Brighton,Leicester,D,2.9,3.4,2.6,2.8,3.2,2.62,2.89,3.25,2.74
2018-11-24,Fulham,Southampton,H,2.62,3.5,2.8,2.6,3.4,2.7,2.68,3.45,2.82
2018-11-25,Bournemouth,Arsenal,A,3.5,3.75,1.95,3.5,3.8,2.0,3.53,3.84,2.1
2018-11-25,Wolves,Huddersfield,A,1.5,4.33,8.0,1.47,4.0,8.0,1.51,4.16,8.2
2018-11-26,Burnley,Newcastle,A,2.9,3.2,2.75,2.8,3.1,2.7,2.93,3.16,2.77
2018-11-30,Cardiff,Wolves,H,3.8,3.25,2.2,3.75,3.25,2.2,3.76,3.32,2.22
2018-12-01,Southampton,Man United,D,4.33,3.6,1.95,4.2,3.5,1.91,4.3,3.52,1.99
2018-12-01,Crystal Palace,Burnley,H,1.61,3.9,6.5,1.6,3.75,6.5,1.62,3.92,6.65
2018-12-01,Huddersfield,Brighton,A,2.5,3.0,3.4,2.45,3.0,3.25,2.5,3.06,3.42
2018-12-01,Leicester,Watford,H,2.25,3.3,3.6,2.25,3.25,3.4,2.28,3.35,3.54
2018-12-01,Man City,Bournemouth,H,1.11,11.0,26.0,1.1,10.0,23.0,1.11,10.98,23.72
2018-12-01,Newcastle,West Ham,A,2.5,3.3,3.1,2.45,3.25,3.0,2.5,3.38,3.1
2018-12-02,Chelsea,Fulham,H,1.18,8.0,17.0,1.17,7.5,17.0,1.18,7.92,15.58
2018-12-02,Liverpool,Everton,H,1.4,5.0,9.0,1.36,5.0,8.5,1.41,5.05,8.47
2018-12-02,Arsenal,Tottenham,H,2.62,3.6,2.75,2.55,3.5,2.62,2.63,3.73,2.7
2018-12-04,West Ham,Cardiff,H,1.66,4.0,5.75,1.62,3.9,5.8,1.66,4.09,5.76
2018-12-04,Watford,Man City,A,11.0,6.0,1.3,10.0,5.5,1.29,9.74,5.98,1.31
2018-12-04,Bournemouth,Huddersfield,H,1.66,3.8,6.0,1.67,3.7,5.5,1.7,3.82,5.82
2018-12-04,Brighton,Crystal Palace,H,3.0,3.1,2.7,2.9,3.1,2.62,2.98,3.14,2.74
2018-12-05,Burnley,Liverpool,A,14.0,5.75,1.28,12.0,5.5,1.27,11.09,5.9,1.29
2018-12-05,Everton,Newcastle,D,1.6,4.0,6.5,1.57,3.8,6.5,1.6,3.94,6.98
2018-12-05,Fulham,Leicester,D,3.0,3.5,2.45,2.9,3.4,2.4,3.06,3.51,2.45
2018-12-05,Man United,Arsenal,D,2.45,3.5,3.0,2.38,3.5,2.9,2.45,3.59,3.01
2018-12-05,Tottenham,Southampton,H,1.36,5.25,9.5,1.36,4.8,9.0,1.38,5.11,9.52
2018-12-05,Wolves,Chelsea,H,5.0,3.75,1.8,4.8,3.7,1.75,4.85,3.82,1.81
2018-12-08,Burnley,Brighton,H,2.9,3.2,2.75,2.75,3.1,2.75,2.87,3.15,2.84
2018-12-08,West Ham,Crystal Palace,H,2.3,3.4,3.4,2.25,3.3,3.3,2.29,3.43,3.45
2018-12-08,Man United,Fulham,H,1.33,5.75,10.0,1.35,5.0,9.0,1.36,5.29,9.84
2018-12-08,Leicester,Tottenham,A,3.8,3.75,2.0,3.75,3.5,2.0,3.94,3.55,2.07
2018-12-08,Bournemouth,Liverpool,A,5.75,4.5,1.6,5.8,4.33,1.55,5.94,4.52,1.58
2018-12-08,Cardiff,Southampton,H,2.9,3.25,2.7,2.8,3.25,2.6,2.92,3.33,2.66
2018-12-08,Arsenal,Huddersfield,H,1.28,6.0,12.0,1.25,6.0,12.0,1.27,6.13,11.66
2018-12-08,Chelsea,Man City,H,4.0,3.8,1.95,3.8,3.7,1.95,4.0,3.75,1.99
2018-12-09,Newcastle,Wolves,A,2.9,3.2,2.7,2.9,3.1,2.62,3.01,3.16,2.7
2018-12-10,Everton,Watford,D,1.8,3.75,5.0,1.73,3.8,4.8,1.77,3.93,4.99
2018-12-15,Watford,Cardiff,H,1.64,3.9,6.0,1.6,3.9,6.0,1.63,3.99,6.37
2018-12-15,Huddersfield,Newcastle,A,2.6,3.1,3.1,2.62,3.0,3.0,2.73,3.05,3.08
2018-12-15,Wolves,Bournemouth,H,1.95,3.6,4.33,1.95,3.5,4.0,2.02,3.48,4.2
2018-12-15,Tottenham,Burnley,H,1.18,8.0,19.0,1.15,8.0,15.0,1.18,7.74,18.36
2018-12-15,Fulham,West Ham,A,2.9,3.6,2.5,2.9,3.5,2.38,3.03,3.59,2.44
2018-12-15,Crystal Palace,Leicester,H,2.62,3.2,3.0,2.62,3.1,2.88,2.72,3.15,2.99
2018-12-15,Man City,Everton,H,1.22,7.5,13.0,1.2,7.0,13.0,1.22,7.01,13.26
2018-12-16,Brighton,Chelsea,A,7.5,4.5,1.5,7.0,4.33,1.47,7.64,4.37,1.51
2018-12-16,Liverpool,Man United,H,1.57,4.5,6.0,1.52,4.33,6.0,1.53,4.51,6.76
2018-12-16,Southampton,Arsenal,H,4.1,3.9,1.9,3.9,3.75,1.91,3.87,3.9,1.98
2018-12-21,Wolves,Liverpool,A,7.0,4.0,1.57,6.5,3.9,1.55,6.85,4.04,1.59
2018-12-22,Arsenal,Burnley,H,1.25,6.5,15.0,1.22,6.0,15.0,1.23,6.4,14.96
2018-12-22,Bournemouth,Brighton,H,1.9,3.7,4.33,1.91,3.5,4.2,1.95,3.55,4.4
2018-12-22,Cardiff,Man United,A,6.5,4.2,1.57,6.0,4.0,1.57,6.27,4.1,1.62
2018-12-22,Chelsea,Leicester,A,1.33,5.5,11.0,1.3,5.25,11.0,1.33,5.42,11.37
2018-12-22,Huddersfield,Southampton,A,3.1,3.1,2.6,3.0,3.0,2.6,3.08,3.11,2.68
2018-12-22,Man City,Crystal Palace,A,1.14,10.0,21.0,1.12,8.5,23.0,1.14,9.39,21.47
2018-12-22,Newcastle,Fulham,D,2.0,3.6,4.0,1.95,3.5,4.0,2.03,3.58,4.06
2018-12-22,West Ham,Watford,A,2.37,3.5,3.1,2.3,3.4,3.1,2.37,3.57,3.16
2018-12-23,Everton,Tottenham,A,3.25,3.5,2.3,3.1,3.4,2.3,3.27,3.47,2.35
2018-12-26,Tottenham,Bournemouth,H,1.36,5.5,9.0,1.33,5.25,9.0,1.37,5.18,10.01
2018-12-26,Man United,Huddersfield,H,1.25,6.5,15.0,1.22,6.5,13.0,1.23,6.79,13.8
2018-12-26,Watford,Chelsea,A,5.25,3.8,1.75,4.8,3.75,1.73,5.08,3.92,1.76
2018-12-26,Leicester,Man City,H,9.5,5.25,1.36,9.5,5.0,1.35,9.66,5.31,1.36
2018-12-26,Liverpool,Newcastle,H,1.16,8.5,19.0,1.15,8.0,17.0,1.16,8.26,19.61
2018-12-26,Fulham,Wolves,D,3.25,3.4,2.37,3.2,3.2,2.35,3.25,3.3,2.45
2018-12-26,Crystal Palace,Cardiff,D,1.66,4.0,5.75,1.63,3.8,5.8,1.65,3.96,6.08
2018-12-26,Burnley,Everton,A,4.33,3.5,1.95,4.33,3.4,1.91,4.51,3.5,1.95
2018-12-26,Brighton,Arsenal,D,5.25,3.9,1.72,5.0,3.8,1.7,5.26,3.84,1.75
2018-12-27,Southampton,West Ham,A,2.3,3.5,3.3,2.25,3.4,3.2,2.28,3.56,3.32
2018-12-29,Watford,Newcastle,D,1.85,3.6,4.0,1.78,3.6,4.75,1.81,3.78,4.9
2018-12-29,Liverpool,Arsenal,H,1.5,4.5,5.75,1.47,4.75,6.5,1.5,4.93,6.59
2018-12-29,Tottenham,Wolves,A,1.33,5.0,8.5,1.35,5.0,9.5,1.37,5.12,9.98
2018-12-29,Fulham,Huddersfield,H,2.0,3.4,3.75,2.05,3.2,4.0,2.09,3.32,4.16
2018-12-29,Brighton,Everton,H,3.25,3.4,2.14,3.4,3.3,2.2,3.54,3.41,2.26
2018-12-29,Leicester,Cardiff,A,1.55,4.0,6.0,1.55,4.2,6.0,1.58,4.31,6.4
2018-12-30,Burnley,West Ham,H,3.3,3.2,2.25,3.25,3.4,2.25,3.39,3.53,2.27
2018-12-30,Crystal Palace,Chelsea,A,4.75,4.0,1.66,5.0,3.8,1.7,5.17,3.87,1.76
2018-12-30,Man United,Bournemouth,H,1.33,4.75,10.0,1.35,5.25,8.5,1.37,5.45,8.96
2018-12-30,Southampton,Man City,A,10.0,5.25,1.3,10.0,5.5,1.3,9.96,5.8,1.33
2019-01-01,Arsenal,Fulham,H,1.33,5.75,9.5,1.32,5.25,9.5,1.34,5.58,9.02
2019-01-01,Cardiff,Tottenham,A,7.5,4.5,1.5,7.0,4.4,1.47,7.19,4.45,1.5
2019-01-01,Everton,Leicester,A,2.0,3.5,4.2,2.0,3.4,3.9,2.01,3.57,4.14
2019-01-02,Wolves,Crystal Palace,A,2.0,3.4,4.33,2.0,3.3,4.0,2.04,3.41,4.24
2019-01-02,West Ham,Brighton,D,1.95,3.75,4.0,1.91,3.6,4.0,1.99,3.62,4.14
2019-01-02,Newcastle,Man United,A,6.0,4.2,1.61,6.0,4.2,1.55,5.87,4.3,1.6
2019-01-02,Chelsea,Southampton,D,1.28,6.5,11.0,1.25,6.0,12.0,1.27,6.08,12.2
2019-01-02,Bournemouth,Watford,D,2.6,3.6,2.75,2.55,3.4,2.75,2.63,3.54,2.81
2019-01-02,Huddersfield,Burnley,A,2.14,3.1,4.2,2.1,3.1,4.0,2.17,3.18,4.08
2019-01-03,Man City,Liverpool,H,2.04,3.8,3.6,2.0,3.75,3.5,2.06,3.87,3.61
2019-01-12,West Ham,Arsenal,H,3.5,4.0,2.05,3.4,3.8,2.0,3.53,3.85,2.1
2019-01-12,Leicester,Southampton,A,1.95,3.5,4.33,1.85,3.5,4.33,1.93,3.59,4.43
2019-01-12,Chelsea,Newcastle,H,1.22,7.0,15.0,1.2,7.0,13.0,1.22,6.67,15.97
2019-01-12,Crystal Palace,Watford,A,2.25,3.4,3.5,2.2,3.3,3.4,2.27,3.44,3.44
2019-01-12,Burnley,Fulham,H,2.4,3.3,3.25,2.3,3.2,3.25,2.39,3.26,3.36
2019-01-12,Brighton,Liverpool,A,11.0,6.0,1.3,10.0,5.5,1.3,9.78,5.39,1.34
2019-01-12,Cardiff,Huddersfield,D,2.25,3.25,3.6,2.2,3.1,3.6,2.26,3.23,3.71
2019-01-13,Everton,Bournemouth,H,1.75,4.0,4.8,1.75,3.75,4.75,1.76,4.0,4.91
2019-01-13,Tottenham,Man United,A,2.05,3.7,3.75,2.0,3.6,3.7,2.07,3.7,3.75
2019-01-14,Man City,Wolves,H,1.18,8.0,17.0,1.17,7.5,17.0,1.19,7.47,16.79
2019-01-19,Newcastle,Cardiff,H,1.95,3.4,4.5,1.95,3.25,4.4,1.97,3.39,4.53
2019-01-19,Southampton,Everton,H,2.75,3.4,2.7,2.62,3.3,2.7,2.76,3.41,2.73
2019-01-19,Man United,Brighton,H,1.3,5.75,12.0,1.29,5.5,11.0,1.32,5.62,10.92
2019-01-19,Watford,Burnley,D,1.65,4.0,5.75,1.62,3.9,5.8,1.64,4.15,5.72
2019-01-19,Bournemouth,West Ham,H,2.37,3.7,3.0,2.3,3.5,3.0,2.34,3.71,3.08
2019-01-19,Arsenal,Chelsea,H,3.1,3.6,2.37,3.0,3.5,2.3,3.09,3.65,2.37
2019-01-19,Liverpool,Crystal Palace,H,1.2,7.5,17.0,1.17,7.5,17.0,1.19,7.45,16.08
2019-01-19,Wolves,Leicester,H,2.37,3.2,3.4,2.3,3.1,3.4,2.38,3.21,3.48
2019-01-20,Fulham,Tottenham,A,5.25,3.8,1.75,5.5,3.6,1.73,5.49,3.69,1.74
2019-01-20,Huddersfield,Man City,A,21.0,8.5,1.16,19.0,8.0,1.14,21.51,8.28,1.15
2019-01-29,Wolves,West Ham,H,2.1,3.5,3.75,2.05,3.4,3.75,2.1,3.49,3.84
2019-01-29,Newcastle,Man City,H,19.0,8.0,1.18,17.0,6.5,1.18,14.57,7.67,1.2
2019-01-29,Man United,Burnley,D,1.28,6.0,12.0,1.25,5.8,12.0,1.29,5.73,11.91
2019-01-29,Fulham,Brighton,H,2.37,3.3,3.3,2.35,3.2,3.2,2.42,3.23,3.35
2019-01-29,Arsenal,Cardiff,H,1.22,7.0,15.0,1.2,6.0,15.0,1.22,6.92,13.58
2019-01-29,Huddersfield,Everton,A,4.0,3.3,2.1,4.0,3.2,2.05,4.06,3.31,2.11
2019-01-30,Bournemouth,Chelsea,H,5.25,4.2,1.66,5.5,4.0,1.62,5.55,4.26,1.64
2019-01-30,Liverpool,Leicester,D,1.22,7.0,15.0,1.22,6.5,13.0,1.24,6.55,13.11
2019-01-30,Southampton,Crystal Palace,D,2.4,3.4,3.2,2.35,3.3,3.1,2.39,3.38,3.25
2019-01-30,Tottenham,Watford,H,1.66,4.0,5.75,1.62,3.9,5.8,1.65,3.98,5.9
2019-02-02,Chelsea,Huddersfield,H,1.2,7.5,19.0,1.18,7.0,17.0,1.22,6.93,14.33
2019-02-02,Tottenham,Newcastle,H,1.44,4.5,9.0,1.42,4.2,9.0,1.43,4.47,9.35
2019-02-02,Everton,Wolves,A,2.37,3.4,3.25,2.35,3.3,3.1,2.44,3.33,3.21
2019-02-02,Crystal Palace,Fulham,H,2.05,3.5,4.0,2.0,3.5,3.8,2.05,3.59,3.9
2019-02-02,Burnley,Southampton,D,2.55,3.5,2.87,2.5,3.3,2.88,2.59,3.43,2.91
2019-02-02,Brighton,Watford,D,2.55,3.3,3.0,2.55,3.2,2.9,2.65,3.27,2.95
2019-02-02,Cardiff,Bournemouth,H,3.25,3.5,2.3,3.2,3.4,2.25,3.31,3.48,2.33
2019-02-03,Leicester,Man United,A,3.6,3.5,2.15,3.6,3.4,2.1,3.84,3.37,2.17
2019-02-03,Man City,Arsenal,H,1.33,6.0,9.0,1.29,6.0,9.5,1.32,6.24,9.06
2019-02-04,West Ham,Liverpool,D,8.0,5.25,1.4,8.0,5.0,1.38,7.52,5.27,1.41
2019-02-06,Everton,Man City,A,10.0,6.25,1.3,10.0,5.5,1.3,9.59,5.84,1.33
2019-02-09,Watford,Everton,H,2.35,3.5,3.2,2.35,3.4,3.1,2.41,3.35,3.24
2019-02-09,Southampton,Cardiff,A,1.75,3.9,5.0,1.75,3.7,5.0,1.78,3.77,5.06
2019-02-09,Liverpool,Bournemouth,H,1.22,7.5,14.0,1.2,7.0,15.0,1.2,7.34,15.64
2019-02-09,Fulham,Man United,A,5.5,4.4,1.61,5.5,4.2,1.62,5.57,4.36,1.63
2019-02-09,Crystal Palace,West Ham,D,2.1,3.5,3.75,2.15,3.4,3.6,2.13,3.46,3.77
2019-02-09,Brighton,Burnley,A,2.05,3.3,4.2,2.05,3.3,4.0,2.06,3.41,4.14
2019-02-09,Huddersfield,Arsenal,A,5.75,4.4,1.6,5.8,4.2,1.6,5.69,4.24,1.63
2019-02-10,Man City,Chelsea,H,1.5,4.75,7.0,1.5,4.4,6.5,1.51,4.63,6.91
2019-02-10,Tottenham,Leicester,H,1.7,3.9,5.5,1.7,3.75,5.5,1.72,3.76,5.7
2019-02-11,Wolves,Newcastle,D,1.7,3.75,5.75,1.7,3.7,5.5,1.69,3.82,5.96
2019-02-22,Cardiff,Watford,A,3.1,3.4,2.45,3.0,3.3,2.4,3.08,3.36,2.5
2019-02-22,West Ham,Fulham,H,1.95,3.8,4.0,1.91,3.6,4.0,1.96,3.72,4.09
2019-02-23,Burnley,Tottenham,H,5.75,3.8,1.7,5.25,3.8,1.67,5.52,3.81,1.73
2019-02-23,Newcastle,Huddersfield,H,1.83,3.5,5.25,1.78,3.3,5.25,1.85,3.43,5.22
2019-02-23,Bournemouth,Wolves,D,2.87,3.4,2.62,2.8,3.25,2.6,2.88,3.31,2.69
2019-02-23,Leicester,Crystal Palace,A,2.25,3.4,3.5,2.15,3.3,3.5,2.24,3.35,3.66
2019-02-24,Arsenal,Southampton,H,1.5,4.75,7.0,1.5,4.33,6.5,1.53,4.47,6.58
2019-02-24,Man United,Liverpool,D,3.1,3.5,2.37,3.0,3.5,2.3,3.16,3.63,2.35
2019-02-26,Leicester,Brighton,H,1.9,3.5,4.6,1.88,3.4,4.4,1.95,3.45,4.53
2019-02-26,Cardiff,Everton,A,3.75,3.4,2.15,3.75,3.25,2.1,3.85,3.38,2.14
2019-02-26,Huddersfield,Wolves,H,5.0,3.5,1.85,5.0,3.3,1.83,5.17,3.41,1.86
2019-02-26,Newcastle,Burnley,H,2.15,3.3,3.9,2.1,3.2,3.8,2.15,3.33,3.89
2019-02-27,Man City,West Ham,H,1.16,9.0,19.0,1.14,8.0,19.0,1.16,8.38,17.97
2019-02-27,Liverpool,Watford,H,1.28,6.0,12.0,1.27,5.5,12.0,1.29,5.66,11.94
2019-02-27,Southampton,Fulham,H,1.9,3.7,4.33,1.91,3.5,4.2,1.93,3.66,4.33
2019-02-27,Chelsea,Tottenham,H,2.3,3.5,3.25,2.25,3.4,3.2,2.3,3.48,3.38
2019-02-27,Arsenal,Bournemouth,H,1.44,5.0,7.5,1.42,4.75,7.5,1.46,4.85,7.4
2019-02-27,Crystal Palace,Man United,A,3.25,3.5,2.3,3.1,3.4,2.3,3.25,3.43,2.36
2019-03-02,Wolves,Cardiff,H,1.5,4.33,8.0,1.5,4.2,7.0,1.51,4.37,7.46
2019-03-02,West Ham,Newcastle,H,2.15,3.5,3.6,2.1,3.4,3.6,2.1,3.56,3.81
2019-03-02,Tottenham,Arsenal,D,2.05,3.7,3.75,2.0,3.6,3.7,2.05,3.75,3.78
2019-03-02,Bournemouth,Man City,A,13.0,7.5,1.22,12.0,7.0,1.22,11.74,7.23,1.23
2019-03-02,Burnley,Crystal Palace,A,2.8,3.3,2.75,2.8,3.2,2.62,2.9,3.32,2.67
2019-03-02,Brighton,Huddersfield,H,1.85,3.4,5.25,1.78,3.6,4.75,1.83,3.5,5.24
2019-03-02,Man United,Southampton,H,1.45,4.5,8.5,1.44,4.33,8.0,1.45,4.61,8.37
2019-03-03,Everton,Liverpool,D,6.0,4.2,1.61,5.8,3.9,1.62,5.69,4.05,1.67
2019-03-03,Fulham,Chelsea,A,6.5,4.5,1.53,6.5,4.33,1.5,6.49,4.68,1.53
2019-03-03,Watford,Leicester,H,2.55,3.3,3.0,2.45,3.3,3.0,2.5,3.45,3.04
2019-03-09,Southampton,Tottenham,H,4.5,3.8,1.85,4.2,3.7,1.85,4.34,3.78,1.89
2019-03-09,Newcastle,Everton,H,2.8,3.25,2.8,2.75,3.1,2.75,2.85,3.21,2.78
2019-03-09,Man City,Watford,H,1.16,9.0,19.0,1.14,8.0,19.0,1.15,8.79,19.09
2019-03-09,Leicester,Fulham,H,1.57,4.5,6.0,1.57,4.2,5.8,1.6,4.41,5.73
2019-03-09,Huddersfield,Bournemouth,A,3.4,3.3,2.35,3.4,3.2,2.25,3.53,3.27,2.31
2019-03-09,Crystal Palace,Brighton,A,1.83,3.6,5.0,1.83,3.4,4.75,1.88,3.52,4.85
2019-03-09,Cardiff,West Ham,H,3.6,3.5,2.15,3.4,3.4,2.15,3.58,3.43,2.21
2019-03-10,Arsenal,Man United,H,2.4,3.6,3.0,2.38,3.5,2.9,2.45,3.55,3.04
2019-03-10,Chelsea,Wolves,D,1.55,4.2,7.0,1.55,4.0,6.5,1.59,4.04,6.93
2019-03-10,Liverpool,Burnley,H,1.16,8.5,21.0,1.15,7.5,19.0,1.17,7.8,18.87
2019-03-16,Bournemouth,Newcastle,D,2.05,3.6,3.8,2.1,3.3,3.7,2.13,3.45,3.79
2019-03-16,Burnley,Leicester,A,3.1,3.4,2.45,3.1,3.3,2.35,3.16,3.43,2.41
2019-03-16,West Ham,Huddersfield,H,1.55,4.2,7.0,1.55,4.0,6.5,1.58,4.09,6.7
2019-03-17,Fulham,Liverpool,A,12.0,7.0,1.25,13.0,6.0,1.24,11.68,6.34,1.27
2019-03-17,Everton,Chelsea,H,4.0,3.8,1.95,4.0,3.5,1.95,4.12,3.64,1.99
2019-03-30,Brighton,Southampton,A,2.55,3.2,3.1,2.55,3.1,3.0,2.6,3.14,3.13
2019-03-30,Burnley,Wolves,H,3.2,3.25,2.45,3.1,3.1,2.45,3.21,3.23,2.5
2019-03-30,Crystal Palace,Huddersfield,H,1.45,4.4,9.0,1.42,4.33,8.5,1.47,4.35,8.4
2019-03-30,Fulham,Man City,A,21.0,11.0,1.12,21.0,9.0,1.12,21.02,9.55,1.13
2019-03-30,Leicester,Bournemouth,H,1.85,3.8,4.5,1.8,3.75,4.33,1.84,3.88,4.51
2019-03-30,Man United,Watford,H,1.44,4.75,8.0,1.42,4.75,7.5,1.45,4.85,7.5
2019-03-30,West Ham,Everton,A,2.55,3.5,2.9,2.5,3.4,2.8,2.6,3.41,2.93
2019-03-31,Cardiff,Chelsea,A,9.0,4.5,1.44,8.0,4.5,1.42,8.23,4.64,1.46
2019-03-31,Liverpool,Tottenham,H,1.61,4.2,6.0,1.6,4.0,5.8,1.63,4.17,5.9
2019-04-01,Arsenal,Newcastle,H,1.36,5.25,9.5,1.36,5.0,8.5,1.39,5.29,8.57
2019-04-02,Watford,Fulham,H,1.72,4.0,5.0,1.73,3.75,4.8,1.76,3.86,5.06
2019-04-02,Wolves,Man United,H,4.0,3.6,2.0,4.0,3.5,1.95,3.98,3.6,2.02
2019-04-03,Chelsea,Brighton,H,1.25,6.5,15.0,1.25,5.8,13.0,1.27,5.71,15.03
2019-04-03,Man City,Cardiff,H,1.06,17.0,34.0,1.05,13.0,46.0,1.07,14.96,42.94
2019-04-03,Tottenham,Crystal Palace,H,1.45,5.0,7.5,1.44,4.6,7.0,1.47,4.67,7.45
2019-04-05,Southampton,Liverpool,A,9.0,5.0,1.4,8.5,4.8,1.36,8.91,5.15,1.39
2019-04-06,Huddersfield,Leicester,A,5.0,4.0,1.72,5.25,3.7,1.7,5.22,3.86,1.75
2019-04-06,Newcastle,Crystal Palace,A,2.6,3.25,3.0,2.5,3.2,3.0,2.61,3.2,3.1
2019-04-06,Bournemouth,Burnley,A,2.1,3.6,3.75,2.05,3.5,3.6,2.09,3.64,3.75
2019-04-07,Everton,Arsenal,H,3.0,3.75,2.35,3.0,3.5,2.3,3.01,3.67,2.41
2019-04-08,Chelsea,West Ham,H,1.33,5.75,9.5,1.3,5.5,10.0,1.32,5.82,10.48
2019-04-12,Leicester,Newcastle,A,1.66,4.0,5.75,1.63,3.75,5.8,1.66,3.87,6.18
2019-04-13,Southampton,Wolves,H,2.6,3.25,3.0,2.6,3.1,2.9,2.64,3.22,3.02
2019-04-13,Tottenham,Huddersfield,H,1.22,7.0,15.0,1.2,6.5,15.0,1.21,7.08,14.67
2019-04-13,Man United,West Ham,H,1.4,5.25,8.5,1.38,5.0,8.0,1.42,5.02,8.33
2019-04-13,Fulham,Everton,H,5.0,4.0,1.75,4.75,3.8,1.73,4.64,4.01,1.79
2019-04-13,Burnley,Cardiff,H,1.9,3.6,4.5,1.88,3.5,4.33,1.9,3.63,4.48
2019-04-13,Brighton,Bournemouth,A,2.3,3.4,3.4,2.25,3.3,3.3,2.32,3.29,3.49
2019-04-14,Crystal Palace,Man City,A,11.0,6.0,1.3,11.0,5.25,1.3,10.23,5.55,1.34
2019-04-14,Liverpool,Chelsea,H,1.66,4.2,5.25,1.63,4.0,5.25,1.68,4.12,5.46
2019-04-15,Watford,Arsenal,A,3.2,3.75,2.25,3.1,3.7,2.2,3.18,3.78,2.25
2019-04-16,Brighton,Cardiff,A,2.0,3.3,4.5,2.0,3.2,4.33,2.01,3.27,4.53
2019-04-20,West Ham,Leicester,D,3.3,3.5,2.3,3.1,3.4,2.3,3.21,3.5,2.35
2019-04-20,Newcastle,Southampton,H,2.55,3.2,3.1,2.5,3.1,3.1,2.59,3.1,3.24
2019-04-20,Wolves,Brighton,D,1.75,3.5,6.0,1.75,3.4,5.5,1.77,3.5,5.79
2019-04-20,Huddersfield,Watford,A,4.4,3.9,1.85,4.4,3.6,1.83,4.34,3.81,1.87
2019-04-20,Bournemouth,Fulham,A,1.65,4.4,5.25,1.65,4.2,5.0,1.68,4.32,5.05
2019-04-20,Man City,Tottenham,H,1.3,6.0,11.0,1.27,6.0,11.0,1.29,6.44,10.31
2019-04-21,Arsenal,Crystal Palace,A,1.53,4.6,6.5,1.52,4.33,6.5,1.56,4.55,6.23
2019-04-21,Cardiff,Liverpool,A,17.0,7.5,1.2,15.0,6.5,1.2,14.96,7.07,1.21
2019-04-21,Everton,Man United,H,3.25,3.5,2.3,3.2,3.4,2.25,3.23,3.55,2.34
2019-04-22,Chelsea,Burnley,D,1.25,6.25,15.0,1.25,5.8,13.0,1.25,6.33,13.71
2019-04-23,Tottenham,Brighton,H,1.28,6.0,13.0,1.27,5.5,12.0,1.29,5.63,12.65
2019-04-23,Watford,Southampton,D,2.25,3.5,3.4,2.25,3.4,3.2,2.29,3.49,3.35
2019-04-24,Man United,Man City,A,7.5,5.0,1.44,7.0,4.75,1.44,6.94,4.85,1.49
2019-04-24,Wolves,Arsenal,H,2.9,3.5,2.55,2.88,3.4,2.45,2.95,3.47,2.54
2019-04-26,Liverpool,Huddersfield,H,1.07,15.0,41.0,1.05,13.0,41.0,1.08,13.99,30.97
2019-04-27,Tottenham,West Ham,A,1.4,5.5,7.5,1.42,5.0,7.0,1.44,5.17,7.4
2019-04-27,Watford,Wolves,A,2.62,3.3,2.9,2.6,3.2,2.8,2.64,3.32,2.93
2019-04-27,Southampton,Bournemouth,D,1.9,3.9,4.1,1.85,3.7,4.2,1.92,3.86,4.1
2019-04-27,Brighton,Newcastle,D,2.3,3.2,3.6,2.25,3.1,3.5,2.35,3.18,3.6
2019-04-27,Crystal Palace,Everton,D,2.62,3.5,2.8,2.55,3.3,2.8,2.63,3.45,2.84
2019-04-27,Fulham,Cardiff,H,2.4,3.6,3.0,2.3,3.6,3.0,2.4,3.71,2.95
2019-04-28,Burnley,Man City,A,23.0,9.0,1.14,21.0,8.5,1.12,19.41,8.84,1.15
2019-04-28,Leicester,Arsenal,H,2.75,3.6,2.6,2.62,3.6,2.55,2.68,3.77,2.61
2019-04-28,Man United,Chelsea,D,2.7,3.5,2.7,2.62,3.4,2.7,2.73,3.43,2.77
2019-05-03,Everton,Burnley,H,1.66,4.0,5.75,1.7,3.9,5.5,1.68,3.91,5.73
2019-05-04,Wolves,Fulham,H,1.53,4.2,7.5,1.53,4.0,7.0,1.56,4.16,6.69
2019-05-04,Newcastle,Liverpool,A,9.5,5.25,1.36,10.0,5.0,1.33,9.92,5.04,1.36
2019-05-04,West Ham,Southampton,H,2.3,3.75,3.1,2.3,3.6,3.0,2.33,3.72,3.09
2019-05-04,Bournemouth,Tottenham,H,4.0,4.0,1.9,4.0,3.7,1.88,4.06,3.9,1.92
2019-05-04,Cardiff,Crystal Palace,A,2.6,3.75,2.7,2.55,3.6,2.62,2.62,3.75,2.68
2019-05-05,Arsenal,Brighton,D,1.4,5.0,9.0,1.4,4.6,8.5,1.43,4.72,8.49
2019-05-05,Chelsea,Watford,H,1.4,5.25,8.0,1.38,4.8,8.5,1.39,5.14,8.58
2019-05-05,Huddersfield,Man United,D,11.0,6.0,1.3,11.0,5.25,1.3,9.23,5.56,1.34
2019-05-06,Man City,Leicester,H,1.12,8.5,17.0,1.15,8.0,17.0,1.17,8.35,17.14
2019-05-12,Southampton,Huddersfield,D,1.44,4.75,8.5,1.4,4.75,8.0,1.44,4.83,7.62
2019-05-12,Watford,West Ham,A,2.25,3.75,3.2,2.2,3.7,3.1,2.2,3.85,3.21
2019-05-12,Tottenham,Everton,D,2.2,3.5,3.5,2.1,3.5,3.5,2.1,3.64,3.64
2019-05-12,Liverpool,Wolves,H,1.3,6.0,11.0,1.29,5.5,11.0,1.31,5.77,10.54
2019-05-12,Man United,Cardiff,A,1.28,6.5,11.0,1.25,6.5,10.0,1.28,6.33,10.21
2019-05-12,Fulham,Newcastle,A,2.5,3.6,2.9,2.5,3.5,2.75,2.55,3.57,2.83
2019-05-12,Leicester,Chelsea,D,2.4,3.75,2.9,2.38,3.6,2.88,2.44,3.65,2.93
2019-05-12,Crystal Palace,Bournemouth,H,1.9,4.2,3.8,1.83,4.0,3.9,1.88,4.14,3.95
2019-05-12,Burnley,Arsenal,A,3.25,3.8,2.2,3.1,3.7,2.2,3.15,3.8,2.25
2019-05-12,Brighton,Man City,A,19.0,8.5,1.16,19.0,8.0,1.14,15.63,8.17,1.18
2019-08-09,Liverpool,Norwich,H,1.14,10.0,19.0,1.12,8.5,21.0,1.15,9.59,18.05
2019-08-10,Tottenham,Aston Villa,H,1.3,5.25,10.0,1.29,5.5,10.0,1.3,5.84,10.96
2019-08-10,Crystal Palace,Everton,D,3.0,3.25,2.37,3.1,3.3,2.35,3.21,3.37,2.39
2019-08-10,Watford,Brighton,A,1.9,3.4,4.0,1.95,3.4,4.2,1.98,3.44,4.37
2019-08-10,Bournemouth,Sheffield United,D,1.95,3.6,3.6,2.0,3.5,3.8,2.04,3.57,3.9
2019-08-10,West Ham,Man City,A,12.0,6.5,1.22,13.0,6.0,1.24,11.68,6.53,1.26
2019-08-10,Burnley,Southampton,H,2.62,3.2,2.75,2.7,3.2,2.75,2.71,3.31,2.81
2019-08-11,Leicester,Wolves,D,2.2,3.2,3.4,2.2,3.25,3.5,2.21,3.34,3.66
2019-08-11,Newcastle,Arsenal,A,4.5,3.75,1.72,4.5,3.75,1.78,4.58,3.93,1.81
2019-08-11,Man United,Chelsea,H,2.1,3.3,3.5,2.15,3.3,3.5,2.21,3.37,3.63
2019-08-17,Southampton,Liverpool,A,6.5,4.75,1.44,7.0,4.6,1.44,7.04,4.72,1.48
2019-08-17,Arsenal,Burnley,H,1.3,5.5,10.0,1.32,5.25,10.0,1.34,5.68,9.35
2019-08-17,Aston Villa,Bournemouth,A,2.3,3.4,3.1,2.25,3.5,3.1,2.32,3.56,3.17
2019-08-17,Brighton,West Ham,D,2.55,3.25,2.87,2.5,3.3,2.88,2.58,3.38,2.92
2019-08-17,Everton,Watford,H,1.72,3.8,4.75,1.73,3.8,4.8,1.76,3.95,4.87
2019-08-17,Norwich,Newcastle,H,2.25,3.3,3.3,2.15,3.4,3.4,2.25,3.42,3.44
2019-08-17,Man City,Tottenham,D,1.36,5.25,8.0,1.35,5.25,8.5,1.37,5.42,8.71
2019-08-18,Chelsea,Leicester,D,1.7,3.75,5.0,1.7,3.7,5.25,1.74,3.79,5.28
2019-08-18,Sheffield United,Crystal Palace,H,2.55,3.1,2.9,2.55,3.2,2.9,2.6,3.21,3.02
2019-08-19,Wolves,Man United,D,3.3,3.3,2.25,3.3,3.25,2.3,3.4,3.29,2.33
2019-08-23,Aston Villa,Everton,H,3.25,3.5,2.15,3.1,3.5,2.25,3.22,3.54,2.31
2019-08-24,Norwich,Chelsea,A,4.33,3.75,1.8,4.2,3.9,1.8,4.13,4.07,1.85
2019-08-24,Brighton,Southampton,A,2.4,3.3,3.0,2.4,3.2,3.1,2.45,3.28,3.18
2019-08-24,Man United,Crystal Palace,A,1.33,5.25,9.0,1.33,5.0,10.0,1.36,5.26,9.59
2019-08-24,Sheffield United,Leicester,A,3.3,3.3,2.25,3.5,3.2,2.2,3.52,3.29,2.28
2019-08-24,Watford,West Ham,A,2.05,3.5,3.5,2.1,3.5,3.5,2.16,3.52,3.57
2019-08-24,Liverpool,Arsenal,H,1.5,4.6,6.0,1.47,4.75,6.5,1.48,4.98,6.47
2019-08-25,Tottenham,Newcastle,A,1.2,6.5,14.0,1.24,6.0,13.0,1.26,6.46,12.01
2019-08-25,Bournemouth,Man City,A,15.0,7.5,1.16,15.0,7.5,1.18,14.88,7.52,1.2
2019-08-25,Wolves,Burnley,D,1.85,3.4,4.5,1.83,3.4,4.8,1.83,3.52,5.06
2019-08-31,Burnley,Liverpool,A,9.5,5.5,1.3,10.0,5.25,1.32,10.24,5.37,1.34
2019-08-31,West Ham,Norwich,H,1.85,3.9,3.9,1.88,3.8,3.9,1.91,3.93,4.04
2019-08-31,Newcastle,Watford,D,2.5,3.25,2.87,2.62,3.2,2.8,2.73,3.22,2.86
2019-08-31,Man City,Brighton,H,1.08,10.0,26.0,1.07,11.0,34.0,1.08,13.01,34.71
2019-08-31,Southampton,Man United,D,3.8,3.3,2.05,3.75,3.3,2.1,3.83,3.41,2.12
2019-08-31,Crystal Palace,Aston Villa,H,2.15,3.3,3.5,2.2,3.3,3.4,2.22,3.44,3.5
2019-08-31,Chelsea,Sheffield United,D,1.36,4.75,9.0,1.35,4.8,9.0,1.36,5.12,10.23
2019-08-31,Leicester,Bournemouth,H,1.7,4.0,4.75,1.7,3.9,4.8,1.71,4.12,4.95
2019-09-01,Everton,Wolves,H,2.2,3.25,3.5,2.15,3.25,3.6,2.17,3.36,3.71
2019-09-01,Arsenal,Tottenham,D,2.37,3.6,2.8,2.35,3.6,2.9,2.38,3.67,3.0
2019-09-14,Wolves,Chelsea,A,2.9,3.3,2.5,3.0,3.3,2.4,3.07,3.37,2.48
2019-09-14,Norwich,Man City,H,15.0,9.0,1.14,17.0,8.5,1.14,18.79,9.48,1.14
2019-09-14,Tottenham,Crystal Palace,H,1.36,5.25,8.0,1.38,4.8,8.5,1.4,4.92,8.87
2019-09-14,Liverpool,Newcastle,H,1.14,8.5,17.0,1.14,8.0,21.0,1.16,8.41,20.6
2019-09-14,Man United,Leicester,H,1.95,3.5,4.0,1.95,3.5,4.0,1.99,3.53,4.17
2019-09-14,Brighton,Burnley,D,2.15,3.3,3.5,2.15,3.3,3.6,2.17,3.35,3.75
2019-09-14,Sheffield United,Southampton,A,2.45,3.2,3.0,2.45,3.25,3.0,2.45,3.35,3.12
2019-09-15,Bournemouth,Everton,H,2.9,3.5,2.4,3.0,3.4,2.35,3.05,3.53,2.41
2019-09-15,Watford,Arsenal,D,3.6,3.6,2.0,3.6,3.7,2.0,3.66,3.74,2.06
2019-09-16,Aston Villa,West Ham,D,2.62,3.5,2.6,2.6,3.5,2.62,2.65,3.6,2.69
2019-09-20,Southampton,Bournemouth,A,2.05,3.6,3.5,2.1,3.5,3.5,2.12,3.65,3.55
2019-09-21,Newcastle,Brighton,D,2.5,3.2,3.0,2.45,3.2,3.0,2.55,3.15,3.16
2019-09-21,Man City,Watford,H,1.1,11.0,21.0,1.1,11.0,21.0,1.11,10.69,27.58
2019-09-21,Everton,Sheffield United,A,1.61,3.75,6.0,1.65,3.7,5.8,1.69,3.8,5.76
2019-09-21,Burnley,Norwich,H,2.0,3.8,3.5,1.95,3.7,3.7,2.02,3.8,3.73
2019-09-21,Leicester,Tottenham,H,2.87,3.5,2.37,2.8,3.5,2.45,2.92,3.53,2.5
2019-09-22,Crystal Palace,Wolves,D,2.62,3.1,2.87,2.62,3.1,2.88,2.68,3.15,2.98
2019-09-22,West Ham,Man United,H,3.1,3.6,2.2,3.2,3.6,2.2,3.33,3.56,2.24
2019-09-22,Arsenal,Aston Villa,H,1.4,4.75,8.0,1.4,4.75,8.0,1.43,4.86,8.01
2019-09-22,Chelsea,Liverpool,A,3.5,3.75,2.0,3.6,3.7,2.0,3.66,3.66,2.08
2019-09-28,Everton,Man City,A,10.0,5.5,1.3,10.0,5.8,1.29,10.21,6.03,1.3
2019-09-28,Wolves,Watford,H,1.85,3.4,4.5,1.85,3.5,4.5,1.9,3.5,4.69
2019-09-28,Tottenham,Southampton,H,1.4,4.75,8.0,1.42,4.5,8.0,1.44,4.69,8.18
2019-09-28,Crystal Palace,Norwich,H,1.9,3.75,3.75,1.91,3.7,3.9,1.97,3.78,3.96
2019-09-28,Chelsea,Brighton,H,1.4,4.75,8.0,1.42,4.5,8.0,1.44,4.65,8.41
2019-09-28,Bournemouth,West Ham,D,2.5,3.5,2.75,2.45,3.5,2.8,2.49,3.62,2.86
2019-09-28,Aston Villa,Burnley,D,2.3,3.4,3.1,2.35,3.3,3.1,2.39,3.45,3.15
2019-09-28,Sheffield United,Liverpool,A,9.0,5.25,1.33,9.0,5.0,1.35,9.4,5.22,1.36
2019-09-29,Leicester,Newcastle,H,1.5,4.0,7.5,1.5,4.0,7.5,1.53,4.21,7.27
2019-09-30,Man United,Arsenal,D,2.37,3.5,2.9,2.35,3.5,3.0,2.41,3.56,3.03
2019-10-05,West Ham,Crystal Palace,A,1.95,3.6,3.8,1.95,3.6,3.8,2.02,3.65,3.92
2019-10-05,Watford,Sheffield United,D,2.05,3.4,3.6,2.1,3.4,3.6,2.14,3.43,3.73
2019-10-05,Norwich,Aston Villa,A,2.37,3.6,2.8,2.4,3.6,2.8,2.46,3.61,2.91
2019-10-05,Burnley,Everton,H,2.87,3.3,2.5,2.9,3.25,2.5,3.01,3.36,2.52
2019-10-05,Brighton,Tottenham,H,3.9,3.6,1.9,3.9,3.6,1.95,3.97,3.67,2.0
2019-10-05,Liverpool,Leicester,H,1.44,4.75,7.0,1.44,4.6,7.5,1.47,4.77,7.18
2019-10-06,Arsenal,Bournemouth,H,1.44,4.75,7.0,1.44,4.8,7.0,1.44,5.08,7.13
2019-10-06,Man City,Wolves,A,1.12,9.0,21.0,1.11,9.0,26.0,1.13,9.61,23.95
2019-10-06,Southampton,Chelsea,A,4.0,3.8,1.85,4.0,3.8,1.85,4.09,3.97,1.88
2019-10-06,Newcastle,Man United,H,4.5,3.5,1.85,4.4,3.4,1.88,4.51,3.51,1.93
2019-10-19,Tottenham,Watford,D,1.4,5.0,7.5,1.4,4.8,8.0,1.43,5.0,7.67
2019-10-19,Wolves,Southampton,D,1.8,3.6,4.5,1.83,3.5,4.5,1.88,3.61,4.61
2019-10-19,Leicester,Burnley,H,1.57,4.0,6.0,1.55,4.0,6.5,1.57,4.12,6.69
2019-10-19,Crystal Palace,Man City,A,12.0,7.0,1.22,13.0,6.5,1.22,12.88,6.95,1.24
2019-10-19,Bournemouth,Norwich,D,1.72,4.2,4.2,1.73,4.2,4.33,1.72,4.47,4.45
2019-10-19,Aston Villa,Brighton,H,2.35,3.4,3.0,2.35,3.4,3.0,2.39,3.51,3.09
2019-10-19,Everton,West Ham,H,1.95,3.75,3.75,1.95,3.6,3.8,1.99,3.76,3.88
2019-10-19,Chelsea,Newcastle,H,1.3,5.5,10.0,1.29,5.5,11.0,1.32,5.7,10.32
2019-10-20,Man United,Liverpool,D,5.25,3.8,1.65,5.25,4.0,1.63,5.08,4.06,1.71
2019-10-21,Sheffield United,Arsenal,H,3.9,3.75,1.9,3.8,3.75,1.91,3.96,3.83,1.96
2019-10-25,Southampton,Leicester,A,3.1,3.4,2.3,3.2,3.3,2.3,3.25,3.34,2.38
2019-10-26,Burnley,Chelsea,A,4.5,4.0,1.72,4.6,4.0,1.73,4.61,4.17,1.75
2019-10-26,West Ham,Sheffield United,D,2.1,3.5,3.5,2.1,3.4,3.6,2.15,3.46,3.66
2019-10-26,Watford,Bournemouth,D,2.15,3.6,3.25,2.15,3.5,3.3,2.21,3.52,3.44
2019-10-26,Brighton,Everton,H,2.9,3.25,2.5,2.8,3.3,2.55,2.9,3.37,2.6
2019-10-26,Man City,Aston Villa,H,1.08,11.0,26.0,1.07,12.0,29.0,1.09,12.5,29.54
2019-10-27,Newcastle,Wolves,D,3.0,3.1,2.55,3.0,3.1,2.55,3.09,3.11,2.62
2019-10-27,Arsenal,Crystal Palace,D,1.45,4.75,6.5,1.47,4.6,6.5,1.51,4.66,6.54
2019-10-27,Liverpool,Tottenham,H,1.5,4.33,6.5,1.52,4.4,6.0,1.55,4.48,6.22
2019-10-27,Norwich,Man United,A,4.33,4.0,1.75,4.33,3.9,1.78,4.37,3.96,1.83
2019-11-02,West Ham,Newcastle,A,1.75,3.8,4.5,1.78,3.75,4.5,1.79,3.87,4.69
2019-11-02,Sheffield United,Burnley,H,2.25,3.2,3.4,2.25,3.2,3.4,2.33,3.26,3.43
2019-11-02,Man City,Southampton,H,1.07,13.0,23.0,1.06,12.0,36.0,1.08,13.13,33.77
2019-11-02,Watford,Chelsea,A,5.0,4.33,1.61,5.0,4.2,1.63,5.13,4.21,1.68
2019-11-02,Aston Villa,Liverpool,A,9.0,5.0,1.33,8.5,5.25,1.35,8.36,5.63,1.36
2019-11-02,Arsenal,Wolves,D,1.75,3.75,4.75,1.75,3.7,4.75,1.79,3.81,4.81
2019-11-02,Bournemouth,Man United,H,3.25,3.6,2.15,3.3,3.5,2.15,3.41,3.6,2.19
2019-11-02,Brighton,Norwich,H,1.72,4.2,4.33,1.65,4.2,4.75,1.71,4.24,4.8
2019-11-03,Crystal Palace,Leicester,A,3.5,3.4,2.1,3.4,3.4,2.15,3.57,3.42,2.2
2019-11-03,Everton,Tottenham,D,2.7,3.4,2.6,2.7,3.5,2.55,2.74,3.55,2.63
2019-11-08,Norwich,Watford,A,2.7,3.5,2.55,2.62,3.5,2.6,2.7,3.58,2.65
2019-11-09,Chelsea,Crystal Palace,H,1.33,5.0,10.0,1.32,5.25,9.5,1.34,5.41,9.74
2019-11-09,Burnley,West Ham,H,2.25,3.5,3.1,2.25,3.5,3.1,2.27,3.59,3.24
2019-11-09,Newcastle,Bournemouth,H,2.55,3.25,2.8,2.6,3.2,2.8,2.69,3.25,2.88
2019-11-09,Southampton,Everton,A,2.9,3.3,2.45,2.9,3.4,2.45,3.11,3.44,2.41
2019-11-09,Tottenham,Sheffield United,D,1.57,4.0,6.0,1.55,4.2,6.0,1.6,4.21,6.09
2019-11-09,Leicester,Arsenal,H,2.0,3.75,3.5,1.95,3.7,3.7,1.98,3.91,3.79
2019-11-10,Liverpool,Man City,H,2.5,3.6,2.62,2.55,3.6,2.62,2.57,3.66,2.74
2019-11-10,Man United,Brighton,H,1.6,3.75,6.5,1.67,3.6,5.8,1.7,3.66,5.98
2019-11-10,Wolves,Aston Villa,H,1.9,3.5,4.2,1.88,3.6,4.2,1.89,3.7,4.38
2019-11-23,West Ham,Tottenham,A,4.2,4.33,1.7,4.2,4.2,1.75,4.37,4.32,1.76
2019-11-23,Arsenal,Southampton,D,1.45,4.75,6.5,1.44,4.75,7.0,1.49,4.72,6.86
2019-11-23,Bournemouth,Wolves,A,2.75,3.3,2.6,2.8,3.3,2.55,2.85,3.38,2.63
2019-11-23,Brighton,Leicester,A,3.75,3.5,2.0,3.7,3.4,2.05,3.73,3.58,2.09
2019-11-23,Crystal Palace,Liverpool,A,7.5,4.75,1.4,8.0,4.6,1.42,7.59,4.82,1.45
2019-11-23,Everton,Norwich,A,1.36,5.1,8.0,1.38,4.8,8.5,1.41,5.18,7.85
2019-11-23,Watford,Burnley,A,2.3,3.4,3.1,2.35,3.3,3.1,2.39,3.35,3.22
2019-11-23,Man City,Chelsea,H,1.44,5.0,6.5,1.42,5.0,7.0,1.45,5.2,6.74
2019-11-24,Sheffield United,Man United,D,3.5,3.4,2.1,3.6,3.25,2.15,3.65,3.37,2.19
2019-11-25,Aston Villa,Newcastle,H,2.05,3.4,3.7,2.1,3.5,3.5,2.14,3.54,3.6
2019-11-30,Tottenham,Bournemouth,H,1.36,5.5,7.5,1.36,5.25,8.0,1.39,5.29,8.34
2019-11-30,Liverpool,Brighton,H,1.18,7.0,15.0,1.2,6.5,15.0,1.2,7.08,17.22
2019-11-30,Southampton,Watford,H,2.1,3.4,3.5,2.1,3.5,3.5,2.15,3.51,3.62
2019-11-30,Burnley,Crystal Palace,A,2.25,3.25,3.3,2.3,3.2,3.3,2.36,3.33,3.31
2019-11-30,Chelsea,West Ham,A,1.28,6.0,9.0,1.29,5.8,10.0,1.3,5.99,10.19
2019-11-30,Newcastle,Man City,D,13.0,8.0,1.16,15.0,7.5,1.18,14.05,7.9,1.2
2019-12-01,Norwich,Arsenal,D,4.0,4.33,1.75,4.2,4.2,1.75,4.27,4.33,1.78
2019-12-01,Wolves,Sheffield United,D,1.9,3.5,4.2,1.91,3.4,4.33,1.93,3.52,4.46
2019-12-01,Leicester,Everton,H,1.61,4.0,5.25,1.63,4.0,5.25,1.64,4.19,5.58
2019-12-01,Man United,Aston Villa,D,1.45,4.5,7.0,1.47,4.2,7.5,1.48,4.44,7.72
2019-12-03,Crystal Palace,Bournemouth,H,2.2,3.4,3.25,2.25,3.4,3.25,2.27,3.41,3.42
2019-12-03,Burnley,Man City,A,11.0,7.0,1.22,12.0,6.5,1.24,10.8,6.62,1.26
2019-12-04,Wolves,West Ham,H,1.75,3.7,4.75,1.75,3.7,4.8,1.78,3.83,4.87
2019-12-04,Liverpool,Everton,H,1.36,5.0,8.5,1.36,5.0,8.5,1.4,5.13,8.29
2019-12-04,Southampton,Norwich,H,1.72,4.0,4.2,1.75,4.0,4.4,1.79,4.09,4.41
2019-12-04,Leicester,Watford,H,1.33,5.5,8.0,1.33,5.0,10.0,1.36,5.35,9.41
2019-12-04,Chelsea,Aston Villa,H,1.28,5.75,10.0,1.27,5.8,11.0,1.31,5.94,10.36
2019-12-04,Man United,Tottenham,H,2.75,3.4,2.55,2.7,3.4,2.6,2.71,3.57,2.65
2019-12-05,Sheffield United,Newcastle,A,1.83,3.4,4.6,1.85,3.4,4.6,1.87,3.56,4.75
2019-12-05,Arsenal,Brighton,A,1.57,4.33,5.5,1.57,4.2,5.8,1.63,4.2,5.68
2019-12-07,Man City,Man United,A,1.3,5.5,10.0,1.29,5.5,11.0,1.31,5.89,10.48
2019-12-07,Everton,Chelsea,H,3.5,3.75,2.0,3.5,3.75,2.0,3.59,3.95,2.03
2019-12-07,Bournemouth,Liverpool,A,7.0,5.25,1.4,7.5,5.0,1.4,7.01,5.22,1.44
2019-12-07,Tottenham,Burnley,H,1.4,4.75,8.0,1.38,4.75,8.5,1.41,4.93,8.39
2019-12-07,Watford,Crystal Palace,D,2.37,3.3,3.1,2.35,3.3,3.1,2.38,3.42,3.18
2019-12-08,Newcastle,Southampton,H,2.5,3.2,2.9,2.6,3.2,2.8,2.64,3.3,2.9
2019-12-08,Norwich,Sheffield United,A,2.9,3.5,2.37,2.9,3.5,2.38,3.04,3.51,2.42
2019-12-08,Aston Villa,Leicester,A,4.33,3.8,1.8,4.2,3.9,1.8,4.38,3.92,1.84
2019-12-08,Brighton,Wolves,D,2.62,3.1,2.87,2.7,3.1,2.8,2.72,3.23,2.86
2019-12-09,West Ham,Arsenal,A,3.3,4.0,2.0,3.4,4.2,1.95,3.5,4.1,2.02
2019-12-14,Liverpool,Watford,H,1.16,7.5,17.0,1.15,7.5,19.0,1.18,7.93,16.56
2019-12-14,Burnley,Newcastle,H,1.95,3.4,4.0,1.95,3.5,4.0,1.94,3.62,4.28
2019-12-14,Chelsea,Bournemouth,A,1.25,6.0,12.0,1.24,6.5,12.0,1.24,6.74,12.57
2019-12-14,Leicester,Norwich,D,1.22,6.5,13.0,1.2,6.5,15.0,1.23,6.8,13.95
2019-12-14,Sheffield United,Aston Villa,H,1.85,3.75,4.2,1.85,3.7,4.2,1.88,3.83,4.3
2019-12-14,Southampton,West Ham,A,1.9,3.8,3.8,1.91,3.8,3.75,1.94,3.95,3.87
2019-12-15,Man United,Everton,D,1.8,3.7,4.5,1.78,3.6,4.8,1.8,3.73,4.87
2019-12-15,Wolves,Tottenham,A,3.25,3.4,2.25,3.2,3.4,2.25,3.2,3.5,2.33
2019-12-15,Arsenal,Man City,A,6.0,5.25,1.44,6.0,5.25,1.44,5.8,5.5,1.48
2019-12-16,Crystal Palace,Brighton,D,2.55,3.25,2.87,2.5,3.25,2.9,2.58,3.28,2.98
2019-12-21,Everton,Arsenal,D,2.3,3.8,2.87,2.3,3.7,2.9,2.34,3.8,2.94
2019-12-21,Aston Villa,Southampton,A,2.4,3.6,2.8,2.45,3.5,2.8,2.5,3.52,2.9
2019-12-21,Bournemouth,Burnley,A,2.4,3.4,2.9,2.45,3.4,2.9,2.5,3.36,3.01
2019-12-21,Brighton,Sheffield United,A,2.2,3.25,3.5,2.2,3.2,3.5,2.24,3.27,3.61
2019-12-21,Newcastle,Crystal Palace,H,2.37,3.1,3.25,2.45,3.0,3.25,2.45,3.15,3.28
2019-12-21,Norwich,Wolves,A,3.75,3.8,1.9,3.7,3.7,1.95,3.72,3.82,2.01
2019-12-21,Man City,Leicester,H,1.36,5.25,7.5,1.36,5.25,8.0,1.38,5.46,8.01
2019-12-22,Watford,Man United,H,4.33,4.0,1.75,4.4,3.8,1.78,4.41,3.96,1.81
2019-12-22,Tottenham,Chelsea,A,2.37,3.75,2.75,2.35,3.6,2.88,2.41,3.67,2.92
2019-12-26,Man United,Newcastle,H,1.33,5.25,9.0,1.33,5.25,9.5,1.35,5.32,9.59
2019-12-26,Bournemouth,Arsenal,D,3.5,3.9,1.95,3.5,3.8,2.0,3.49,3.87,2.07
2019-12-26,Sheffield United,Watford,D,1.83,3.6,4.33,1.85,3.5,4.4,1.9,3.58,4.49
2019-12-26,Leicester,Liverpool,A,3.4,3.75,2.05,3.4,3.6,2.1,3.39,3.81,2.12
2019-12-26,Everton,Burnley,H,1.7,3.75,5.0,1.7,3.7,5.25,1.75,3.77,5.21
2019-12-26,Aston Villa,Norwich,H,2.1,3.75,3.3,2.1,3.7,3.25,2.14,3.84,3.31
2019-12-26,Chelsea,Southampton,A,1.33,5.25,9.0,1.35,5.0,9.0,1.36,5.3,9.12
2019-12-26,Crystal Palace,West Ham,H,2.3,3.4,3.1,2.3,3.4,3.1,2.39,3.44,3.11
2019-12-26,Tottenham,Brighton,H,1.53,4.33,6.0,1.55,4.33,5.8,1.56,4.48,6.0
2019-12-27,Wolves,Man City,H,8.5,5.0,1.36,8.0,5.0,1.38,7.89,4.96,1.42
2019-12-28,Burnley,Man United,A,4.33,3.75,1.8,4.33,3.6,1.83,4.33,3.82,1.86
2019-12-28,West Ham,Leicester,A,4.0,3.9,1.83,4.0,3.8,1.85,4.18,3.87,1.88
2019-12-28,Watford,Aston Villa,H,1.95,3.8,3.6,2.0,3.75,3.6,2.03,3.8,3.66
2019-12-28,Norwich,Tottenham,D,5.0,4.0,1.66,5.0,4.0,1.67,4.95,4.08,1.71
2019-12-28,Newcastle,Everton,A,3.6,3.4,2.05,3.5,3.3,2.15,3.64,3.42,2.16
2019-12-28,Brighton,Bournemouth,H,1.75,3.9,4.33,1.78,3.8,4.4,1.79,3.98,4.5
2019-12-28,Southampton,Crystal Palace,D,1.95,3.6,3.8,1.95,3.5,4.0,2.0,3.67,3.93
2019-12-29,Arsenal,Chelsea,A,2.87,3.75,2.3,2.8,3.7,2.35,2.88,3.73,2.41
2019-12-29,Liverpool,Wolves,H,1.25,5.75,12.0,1.27,5.8,11.0,1.3,5.86,11.08
2019-12-29,Man City,Sheffield United,H,1.16,7.5,16.0,1.18,7.5,15.0,1.19,7.95,15.61
2020-01-01,Man City,Everton,H,1.25,6.5,10.0,1.27,6.0,11.0,1.28,6.15,11.04
2020-01-01,Arsenal,Man United,H,2.55,3.6,2.62,2.55,3.6,2.6,2.63,3.72,2.62
2020-01-01,Norwich,Crystal Palace,D,2.5,3.4,2.75,2.55,3.4,2.75,2.56,3.51,2.83
2020-01-01,Watford,Wolves,H,3.0,3.4,2.3,3.2,3.3,2.3,3.25,3.46,2.31
2020-01-01,West Ham,Bournemouth,H,1.9,3.75,3.8,1.91,3.8,3.75,1.97,3.99,3.72
2020-01-01,Newcastle,Leicester,A,5.0,3.8,1.66,5.25,3.9,1.65,5.4,3.97,1.68
2020-01-01,Burnley,Aston Villa,A,1.75,3.8,4.33,1.78,3.8,4.4,1.83,3.88,4.42
2020-01-01,Brighton,Chelsea,D,3.6,3.6,1.95,3.7,3.6,2.0,3.8,3.63,2.04
2020-01-01,Southampton,Tottenham,H,3.3,3.5,2.1,3.3,3.5,2.15,3.41,3.54,2.2
2020-01-02,Liverpool,Sheffield United,H,1.2,6.5,13.0,1.22,6.0,15.0,1.23,6.41,14.97
2020-01-10,Sheffield United,West Ham,H,1.95,3.4,4.0,2.0,3.4,3.9,2.04,3.44,4.02
2020-01-11,Tottenham,Liverpool,A,4.5,4.33,1.66,4.6,4.2,1.7,4.62,4.29,1.71
2020-01-11,Man United,Norwich,H,1.33,5.25,8.5,1.35,5.0,9.0,1.36,5.19,9.1
2020-01-11,Leicester,Southampton,A,1.6,4.0,5.5,1.63,3.9,5.5,1.65,4.03,5.7
2020-01-11,Wolves,Newcastle,D,1.44,4.5,7.5,1.44,4.2,8.5,1.47,4.41,8.09
2020-01-11,Chelsea,Burnley,H,1.28,5.5,11.0,1.29,5.5,11.0,1.3,5.68,11.52
2020-01-11,Crystal Palace,Arsenal,D,4.1,3.9,1.8,4.33,3.8,1.8,4.26,3.96,1.84
2020-01-11,Everton,Brighton,H,1.85,3.8,4.0,1.75,3.5,4.2,1.94,3.59,4.25
2020-01-12,Bournemouth,Watford,A,2.6,3.3,2.7,2.62,3.3,2.7,2.67,3.37,2.78
2020-01-12,Aston Villa,Man City,A,13.0,8.5,1.16,15.0,8.0,1.17,14.54,8.51,1.18
2020-01-18,Newcastle,Chelsea,H,6.0,4.5,1.5,6.0,4.5,1.52,6.11,4.72,1.52
2020-01-18,Watford,Tottenham,D,3.25,3.5,2.2,3.1,3.5,2.25,3.19,3.55,2.3
2020-01-18,Arsenal,Sheffield United,D,1.83,3.6,4.33,1.83,3.6,4.4,1.88,3.62,4.54
2020-01-18,Brighton,Aston Villa,D,1.66,4.0,5.0,1.63,4.2,5.0,1.65,4.43,4.99
2020-01-18,Man City,Crystal Palace,D,1.1,11.0,19.0,1.08,11.0,29.0,1.1,11.01,26.91
2020-01-18,Norwich,Bournemouth,H,2.2,3.5,3.25,2.2,3.5,3.2,2.25,3.65,3.2
2020-01-18,Southampton,Wolves,A,2.4,3.4,3.0,2.38,3.3,3.1,2.44,3.4,3.07
2020-01-18,West Ham,Everton,D,2.9,3.5,2.37,3.0,3.4,2.38,3.01,3.53,2.41
2020-01-19,Liverpool,Man United,H,1.36,5.25,8.0,1.35,5.0,9.0,1.37,5.3,8.86
2020-01-19,Burnley,Leicester,H,4.33,3.75,1.83,4.2,3.7,1.85,4.17,3.79,1.91
2020-01-21,Aston Villa,Watford,H,2.8,3.5,2.45,2.8,3.4,2.5,2.87,3.47,2.54
2020-01-21,Bournemouth,Brighton,H,2.87,3.4,2.45,2.9,3.3,2.5,3.0,3.39,2.49
2020-01-21,Crystal Palace,Southampton,A,2.7,3.25,2.7,2.7,3.2,2.7,2.73,3.29,2.77
2020-01-21,Everton,Newcastle,D,1.55,4.1,6.0,1.57,3.8,6.5,1.61,3.96,6.31
2020-01-21,Sheffield United,Man City,A,7.0,5.0,1.4,7.5,4.75,1.42,7.44,4.87,1.45
2020-01-21,Chelsea,Arsenal,D,1.72,3.9,4.5,1.73,3.9,4.6,1.74,4.01,4.82
2020-01-22,Leicester,West Ham,H,1.53,4.33,6.0,1.52,4.4,6.0,1.53,4.62,6.19
2020-01-22,Tottenham,Norwich,H,1.4,5.0,7.5,1.4,4.8,8.0,1.43,5.02,7.59
2020-01-22,Man United,Burnley,A,1.36,4.75,9.0,1.4,4.5,8.5,1.42,4.72,8.62
2020-01-23,Wolves,Liverpool,A,5.75,3.8,1.61,5.8,3.9,1.62,5.95,3.93,1.65
2020-01-29,West Ham,Liverpool,A,8.5,5.5,1.33,9.0,5.5,1.32,8.92,5.87,1.34
2020-02-01,Leicester,Chelsea,D,2.5,3.6,2.7,2.5,3.6,2.7,2.53,3.69,2.74
2020-02-01,Bournemouth,Aston Villa,H,2.1,3.6,3.3,2.15,3.5,3.4,2.17,3.6,3.43
2020-02-01,Crystal Palace,Sheffield United,A,3.1,3.1,2.5,3.1,3.1,2.5,3.13,3.1,2.58
2020-02-01,Liverpool,Southampton,H,1.25,6.0,12.0,1.27,5.8,11.0,1.29,6.04,11.28
2020-02-01,Newcastle,Norwich,D,2.2,3.4,3.3,2.2,3.4,3.3,2.27,3.45,3.33
2020-02-01,Watford,Everton,A,2.75,3.3,2.62,2.75,3.25,2.62,2.73,3.36,2.73
2020-02-01,West Ham,Brighton,D,2.6,3.3,2.75,2.55,3.3,2.8,2.56,3.44,2.86
2020-02-01,Man United,Wolves,D,2.25,3.25,3.4,2.25,3.2,3.4,2.24,3.3,3.55
2020-02-02,Burnley,Arsenal,D,3.6,3.6,2.0,3.75,3.5,2.0,3.82,3.62,2.04
2020-02-02,Tottenham,Man City,H,5.5,4.6,1.53,5.8,4.33,1.55,5.7,4.48,1.58
2020-02-08,Brighton,Watford,D,2.1,3.4,3.6,2.15,3.3,3.5,2.2,3.38,3.57
2020-02-08,Everton,Crystal Palace,H,1.61,3.8,6.0,1.63,3.7,6.0,1.64,3.82,6.27
2020-02-09,Sheffield United,Bournemouth,H,1.66,3.6,5.75,1.73,3.4,5.5,1.74,3.55,5.72
2020-02-14,Wolves,Leicester,D,2.5,3.3,2.87,2.55,3.2,2.88,2.57,3.32,2.93
2020-02-15,Southampton,Burnley,A,1.75,3.8,4.75,1.75,3.7,4.8,1.83,3.7,4.68
2020-02-15,Norwich,Liverpool,A,11.0,6.25,1.25,10.0,5.8,1.29,10.45,6.12,1.29
2020-02-16,Aston Villa,Tottenham,A,4.0,3.8,1.85,4.0,3.75,1.88,4.11,3.8,1.92
2020-02-16,Arsenal,Newcastle,H,1.4,4.75,8.0,1.42,4.5,8.0,1.45,4.57,8.0
2020-02-17,Chelsea,Man United,A,1.85,3.5,4.5,1.85,3.6,4.33,1.86,3.7,4.53
2020-02-19,Man City,West Ham,H,1.12,9.5,17.0,1.12,9.0,19.0,1.13,9.52,19.01
2020-02-22,Leicester,Man City,A,4.5,4.2,1.7,4.5,4.0,1.73,4.62,4.28,1.72
2020-02-22,Southampton,Aston Villa,H,1.61,4.33,5.0,1.62,4.2,5.25,1.65,4.34,5.19
2020-02-22,Sheffield United,Brighton,D,1.95,3.4,4.2,1.95,3.25,4.33,1.97,3.38,4.47
2020-02-22,Crystal Palace,Newcastle,H,1.95,3.4,4.2,1.95,3.3,4.33,2.02,3.33,4.32
2020-02-22,Burnley,Bournemouth,H,2.1,3.3,3.7,2.1,3.25,3.7,2.16,3.32,3.76
2020-02-22,Chelsea,Tottenham,H,1.72,4.0,4.5,1.73,3.9,4.75,1.75,3.99,4.8
2020-02-23,Man United,Watford,H,1.6,3.9,6.0,1.6,3.9,6.0,1.61,4.02,6.2
2020-02-23,Wolves,Norwich,H,1.5,4.2,7.0,1.52,4.2,6.5,1.52,4.32,7.0
2020-02-23,Arsenal,Everton,H,2.0,3.6,3.7,2.05,3.5,3.6,2.08,3.63,3.65
2020-02-24,Liverpool,West Ham,H,1.16,8.0,15.0,1.17,7.5,17.0,1.16,8.19,17.1
2020-02-28,Norwich,Leicester,H,4.33,4.1,1.72,4.75,4.0,1.7,4.75,4.04,1.75
2020-02-29,West Ham,Southampton,H,2.65,3.6,2.5,2.7,3.5,2.55,2.77,3.61,2.55
2020-02-29,Newcastle,Burnley,D,2.62,3.1,2.9,2.62,3.1,2.88,2.7,3.14,2.92
2020-02-29,Watford,Liverpool,H,8.0,4.75,1.4,7.5,4.8,1.42,7.52,4.92,1.44
2020-02-29,Brighton,Crystal Palace,A,2.05,3.25,3.9,2.05,3.25,3.9,2.09,3.3,4.03
2020-02-29,Bournemouth,Chelsea,D,4.75,3.8,1.72,4.6,3.7,1.78,4.67,3.87,1.79
2020-03-01,Everton,Man United,D,2.5,3.25,2.9,2.55,3.3,2.8,2.56,3.42,2.88
2020-03-01,Tottenham,Wolves,A,2.45,3.2,3.0,2.45,3.1,3.1,2.47,3.19,3.21
2020-03-07,Liverpool,Bournemouth,H,1.22,6.5,13.0,1.25,6.0,12.0,1.25,6.44,12.49
2020-03-07,Arsenal,West Ham,H,1.57,4.4,5.5,1.55,4.33,5.8,1.57,4.41,5.95
2020-03-07,Crystal Palace,Watford,H,2.55,3.2,2.9,2.55,3.1,3.0,2.62,3.21,2.96
2020-03-07,Sheffield United,Norwich,H,1.65,3.75,5.75,1.65,3.7,5.8,1.66,3.87,5.87
2020-03-07,Southampton,Newcastle,A,1.61,4.1,5.25,1.67,3.8,5.25,1.7,3.88,5.39
2020-03-07,Wolves,Brighton,D,1.61,3.9,5.75,1.63,3.9,5.5,1.66,4.08,5.47
2020-03-07,Burnley,Tottenham,D,2.7,3.3,2.62,2.7,3.25,2.7,2.74,3.38,2.71
2020-03-08,Man United,Man City,H,5.0,4.33,1.6,5.0,4.2,1.63,5.0,4.33,1.67
2020-03-08,Chelsea,Everton,H,1.8,3.9,4.2,1.85,3.7,4.2,1.9,3.72,4.28
2020-03-09,Leicester,Aston Villa,H,1.36,5.25,8.0,1.38,5.0,8.0,1.39,5.15,8.54
2020-06-17,Aston Villa,Sheffield United,D,3.2,3.4,2.25,3.3,3.3,2.25,3.48,3.37,2.28
2020-06-17,Man City,Arsenal,H,1.36,5.25,7.5,1.33,5.5,8.5,1.37,5.65,8.52
2020-06-19,Norwich,Southampton,A,2.8,3.5,2.45,2.8,3.4,2.5,2.86,3.43,2.63
2020-06-19,Tottenham,Man United,D,3.0,3.4,2.37,3.0,3.4,2.38,3.14,3.41,2.43
2020-06-20,Watford,Leicester,D,3.6,3.5,2.05,3.6,3.5,2.05,3.73,3.6,2.1
2020-06-20,Brighton,Arsenal,H,3.1,3.25,2.37,3.0,3.3,2.4,3.03,3.42,2.5
2020-06-20,West Ham,Wolves,A,3.6,3.4,2.1,3.6,3.3,2.15,3.7,3.4,2.19
2020-06-20,Bournemouth,Crystal Palace,A,2.45,3.2,3.0,2.5,3.2,3.0,2.55,3.32,3.04
2020-06-21,Everton,Liverpool,D,6.0,4.2,1.55,5.8,4.2,1.57,5.9,4.37,1.6
2020-06-21,Aston Villa,Chelsea,A,6.0,4.5,1.5,6.0,4.6,1.5,6.23,4.72,1.53
2020-06-21,Newcastle,Sheffield United,H,3.3,3.1,2.37,3.3,3.1,2.35,3.39,3.16,2.43
2020-06-22,Man City,Burnley,H,1.12,9.0,15.0,1.11,9.0,23.0,1.13,9.32,20.02
2020-06-23,Leicester,Brighton,D,1.6,4.0,5.75,1.62,3.9,5.8,1.64,4.07,5.8
2020-06-23,Tottenham,West Ham,H,1.66,4.0,5.0,1.65,3.9,5.25,1.68,4.12,5.22
2020-06-24,Man United,Sheffield United,H,1.4,4.5,8.5,1.42,4.2,9.0,1.4,4.47,9.32
2020-06-24,Newcastle,Aston Villa,D,2.3,3.3,3.2,2.3,3.3,3.2,2.35,3.39,3.22
2020-06-24,Norwich,Everton,A,3.9,3.6,1.9,4.0,3.6,1.91,4.06,3.76,1.93
2020-06-24,Wolves,Bournemouth,H,1.55,4.0,6.0,1.55,4.0,6.5,1.6,4.09,6.21
2020-06-24,Liverpool,Crystal Palace,H,1.22,6.5,13.0,1.22,6.0,15.0,1.25,6.42,13.96
2020-06-25,Chelsea,Man City,H,4.0,4.0,1.8,4.2,4.0,1.78,4.1,4.24,1.82
2020-06-25,Southampton,Arsenal,A,2.6,3.5,2.62,2.6,3.5,2.62,2.69,3.53,2.67
2020-06-25,Burnley,Watford,H,3.0,3.25,2.45,3.0,3.2,2.45,3.09,3.25,2.51
2020-06-27,Aston Villa,Wolves,A,4.6,3.7,1.75,4.8,3.7,1.75,4.98,3.81,1.76
2020-06-28,Watford,Southampton,A,2.5,3.3,2.87,2.45,3.3,2.9,2.51,3.39,2.96
2020-06-29,Crystal Palace,Burnley,A,2.25,3.2,3.4,2.3,3.2,3.3,2.37,3.18,3.41
2020-06-30,Brighton,Man United,A,6.0,3.8,1.61,6.5,3.9,1.57,6.61,3.92,1.62
2020-07-01,Arsenal,Norwich,H,1.44,4.75,7.0,1.42,4.6,8.0,1.46,4.85,7.42
2020-07-01,Bournemouth,Newcastle,A,2.4,3.1,3.2,2.38,3.2,3.2,2.47,3.23,3.25
2020-07-01,Everton,Leicester,H,2.5,3.3,2.9,2.55,3.25,2.88,2.59,3.36,2.96
2020-07-01,West Ham,Chelsea,H,5.5,4.33,1.57,5.8,4.2,1.57,5.71,4.41,1.61
2020-07-02,Sheffield United,Tottenham,H,4.2,3.4,1.95,4.2,3.4,1.95,4.17,3.49,2.01
2020-07-02,Man City,Liverpool,H,2.05,3.9,3.3,2.05,3.8,3.3,2.08,4.01,3.42
2020-07-04,Wolves,Arsenal,A,2.25,3.4,3.25,2.25,3.3,3.3,2.28,3.33,3.43
2020-07-04,Man United,Bournemouth,H,1.16,7.5,17.0,1.15,7.5,19.0,1.17,7.66,18.7
2020-07-04,Chelsea,Watford,H,1.4,4.75,8.0,1.38,4.6,9.0,1.43,4.6,8.69
2020-07-04,Norwich,Brighton,A,3.3,3.4,2.2,3.4,3.3,2.2,3.47,3.38,2.24
2020-07-04,Leicester,Crystal Palace,H,1.66,3.6,5.75,1.65,3.6,6.0,1.68,3.66,6.08
2020-07-05,Burnley,Sheffield United,D,2.9,3.0,2.7,2.9,3.0,2.7,2.96,3.0,2.79
2020-07-05,Newcastle,West Ham,D,2.6,3.3,2.75,2.62,3.3,2.7,2.72,3.31,2.77
2020-07-05,Liverpool,Aston Villa,H,1.33,5.5,8.5,1.32,5.5,9.0,1.35,5.51,8.94
2020-07-05,Southampton,Man City,H,8.5,6.0,1.3,10.0,5.5,1.3,9.17,5.61,1.34
2020-07-06,Tottenham,Everton,H,2.1,3.5,3.4,2.1,3.6,3.4,2.19,3.54,3.53
2020-07-07,Crystal Palace,Chelsea,A,8.5,4.5,1.4,8.5,4.5,1.4,8.61,4.45,1.45
2020-07-07,Watford,Norwich,H,1.7,3.75,5.0,1.73,3.6,5.25,1.77,3.75,5.05
2020-07-07,Arsenal,Leicester,D,2.3,3.5,3.0,2.38,3.4,3.0,2.43,3.43,3.06
2020-07-08,Brighton,Liverpool,A,6.0,4.33,1.53,6.0,4.2,1.55,6.08,4.3,1.58
2020-07-08,West Ham,Burnley,A,2.0,3.4,3.9,2.0,3.4,3.9,2.05,3.51,3.9
2020-07-08,Sheffield United,Wolves,H,3.8,3.2,2.1,4.0,3.1,2.1,4.08,3.05,2.19
2020-07-08,Man City,Newcastle,H,1.12,9.0,21.0,1.11,9.0,26.0,1.12,9.75,25.19
2020-07-09,Bournemouth,Tottenham,D,5.25,3.8,1.66,5.0,4.0,1.67,4.98,4.11,1.7
2020-07-09,Everton,Southampton,D,2.05,3.5,3.6,2.05,3.5,3.6,2.11,3.57,3.61
2020-07-09,Aston Villa,Man United,A,9.0,5.25,1.33,10.0,5.0,1.33,9.47,5.22,1.36
2020-07-11,Norwich,West Ham,A,3.75,3.75,1.95,3.7,3.6,2.0,3.84,3.71,2.01
2020-07-11,Watford,Newcastle,H,1.8,3.6,4.5,1.8,3.5,4.75,1.83,3.65,4.74
2020-07-11,Liverpool,Burnley,D,1.22,6.5,12.0,1.24,6.5,12.0,1.27,6.37,11.79
2020-07-11,Sheffield United,Chelsea,H,6.0,3.8,1.6,6.5,3.9,1.57,6.14,3.95,1.63
2020-07-11,Brighton,Man City,A,10.0,5.5,1.28,11.0,5.5,1.29,10.19,5.83,1.31
2020-07-12,Bournemouth,Leicester,H,5.25,3.8,1.66,5.25,3.7,1.7,5.24,3.83,1.72
2020-07-12,Tottenham,Arsenal,H,2.62,3.4,2.7,2.6,3.4,2.7,2.68,3.51,2.69
2020-07-12,Wolves,Everton,H,2.05,3.3,3.8,2.05,3.2,4.0,2.06,3.3,4.15
2020-07-12,Aston Villa,Crystal Palace,H,2.25,3.3,3.3,2.25,3.3,3.3,2.33,3.38,3.28
2020-07-13,Man United,Southampton,D,1.3,5.5,10.0,1.27,5.8,11.0,1.28,5.99,11.75
2020-07-14,Chelsea,Norwich,H,1.12,9.5,17.0,1.11,9.0,23.0,1.12,9.64,23.55
2020-07-15,Burnley,Wolves,D,4.5,3.3,1.9,4.75,3.25,1.88,4.74,3.37,1.93
2020-07-15,Man City,Bournemouth,H,1.14,8.5,17.0,1.12,9.0,19.0,1.16,8.83,15.59
2020-07-15,Newcastle,Tottenham,A,4.6,3.8,1.75,4.5,3.75,1.78,4.6,3.84,1.81
2020-07-15,Arsenal,Liverpool,H,3.8,3.8,1.9,3.9,3.8,1.88,3.97,3.98,1.9
2020-07-16,Southampton,Brighton,D,2.15,3.3,3.5,2.15,3.3,3.5,2.2,3.37,3.59
2020-07-16,Crystal Palace,Man United,A,9.5,4.75,1.36,10.0,5.0,1.33,10.36,5.03,1.36
2020-07-16,Leicester,Sheffield United,H,2.05,3.25,3.9,2.0,3.4,4.0,2.04,3.4,4.12
2020-07-16,Everton,Aston Villa,D,2.0,3.5,3.75,2.0,3.6,3.7,2.05,3.61,3.78
2020-07-17,West Ham,Watford,H,2.4,3.0,3.3,2.38,3.1,3.25,2.43,3.04,3.46
2020-07-18,Norwich,Burnley,A,3.2,3.4,2.25,3.3,3.3,2.25,3.4,3.43,2.25
2020-07-19,Bournemouth,Southampton,A,2.4,3.6,2.8,2.4,3.6,2.8,2.43,3.78,2.82
2020-07-19,Tottenham,Leicester,H,2.25,3.3,3.25,2.3,3.4,3.1,2.33,3.53,3.15
2020-07-20,Brighton,Newcastle,D,1.9,3.4,4.33,1.91,3.5,4.2,1.97,3.48,4.3
2020-07-20,Sheffield United,Everton,A,2.2,3.25,3.5,2.15,3.3,3.5,2.18,3.42,3.57
2020-07-20,Wolves,Crystal Palace,H,1.5,4.0,7.5,1.47,4.0,8.0,1.51,4.12,8.08
2020-07-21,Aston Villa,Arsenal,H,3.3,3.6,2.1,3.2,3.8,2.1,3.24,3.94,2.14
2020-07-21,Watford,Man City,A,8.5,5.5,1.33,9.5,5.8,1.3,8.57,5.73,1.34
2020-07-22,Liverpool,Chelsea,H,2.0,3.75,3.5,2.05,3.7,3.4,2.08,3.71,3.59
2020-07-22,Man United,West Ham,D,1.22,6.5,11.0,1.24,6.5,12.0,1.26,6.37,12.18
2020-07-26,Arsenal,Watford,H,1.9,3.8,3.8,1.91,3.9,3.75,1.93,4.04,3.79
2020-07-26,Southampton,Sheffield United,H,2.15,3.5,3.3,2.15,3.4,3.4,2.18,3.54,3.46
2020-07-26,Newcastle,Liverpool,A,7.5,5.25,1.36,8.0,5.0,1.38,7.79,5.07,1.41
2020-07-26,Man City,Norwich,H,1.08,11.0,26.0,1.07,15.0,21.0,1.08,13.1,30.22
2020-07-26,Leicester,Man United,A,3.25,3.5,2.2,3.2,3.4,2.25,3.25,3.51,2.28
2020-07-26,West Ham,Aston Villa,D,3.0,3.6,2.3,3.0,3.6,2.3,3.12,3.62,2.31
2020-07-26,Crystal Palace,Tottenham,D,6.0,4.2,1.55,6.5,4.2,1.52,6.4,4.27,1.56
2020-07-26,Chelsea,Wolves,H,1.85,3.8,4.0,1.83,3.7,4.33,1.88,3.81,4.29
2020-07-26,Burnley,Brighton,A,2.37,3.4,3.0,2.3,3.4,3.1,2.34,3.55,3.11
2020-07-26,Everton,Bournemouth,A,2.25,3.7,3.0,2.25,3.8,2.9,2.26,3.87,3.03
2020-09-12,Fulham,Arsenal,A,6.0,4.33,1.53,6.5,4.2,1.53,6.16,4.51,1.56
2020-09-12,Crystal Palace,Southampton,H,3.1,3.25,2.37,3.2,3.2,2.35,3.32,3.29,2.4
2020-09-12,Liverpool,Leeds,H,1.28,6.0,9.5,1.27,6.0,10.0,1.31,6.25,9.92
2020-09-12,West Ham,Newcastle,A,2.15,3.4,3.4,2.15,3.5,3.4,2.18,3.61,3.5
2020-09-13,West Brom,Leicester,A,3.8,3.6,1.95,3.8,3.6,1.95,4.0,3.59,2.0
2020-09-13,Tottenham,Everton,A,1.83,3.6,4.33,1.88,3.5,4.33,1.94,3.57,4.3
2020-09-14,Sheffield United,Wolves,A,3.25,3.1,2.37,3.3,3.1,2.38,3.41,3.03,2.46
2020-09-14,Brighton,Chelsea,A,5.0,4.33,1.61,5.25,4.0,1.65,5.36,4.34,1.65
2020-09-19,Man United,Crystal Palace,A,1.3,5.5,9.5,1.3,5.5,10.0,1.3,5.88,9.8
2020-09-19,Arsenal,West Ham,H,1.53,4.5,5.5,1.52,4.4,6.0,1.54,4.58,6.09
2020-09-19,Everton,West Brom,H,1.5,4.2,6.5,1.52,4.2,6.5,1.55,4.33,6.46
2020-09-19,Leeds,Fulham,H,1.61,3.9,5.75,1.63,3.9,5.5,1.65,4.05,5.61
2020-09-20,Southampton,Tottenham,A,3.0,3.3,2.37,3.1,3.3,2.35,3.12,3.39,2.41
2020-09-20,Newcastle,Brighton,A,2.6,3.1,2.87,2.7,3.2,2.75,2.66,3.22,2.91
2020-09-20,Chelsea,Liverpool,A,3.1,3.6,2.2,3.2,3.6,2.2,3.2,3.85,2.19
2020-09-20,Leicester,Burnley,H,1.61,4.0,5.5,1.62,3.9,5.8,1.63,4.13,5.79
2020-09-21,Aston Villa,Sheffield United,H,2.7,3.1,2.75,2.7,3.2,2.7,2.77,3.22,2.78
2020-09-21,Wolves,Man City,A,6.5,4.33,1.5,6.5,4.2,1.53,6.27,4.35,1.56
2020-09-26,West Brom,Chelsea,D,9.0,4.75,1.36,8.5,4.8,1.38,8.55,5.33,1.39
2020-09-26,Burnley,Southampton,A,3.2,3.3,2.3,3.3,3.2,2.3,3.41,3.31,2.36
2020-09-26,Brighton,Man United,A,4.75,3.75,1.72,5.0,3.7,1.73,5.1,3.82,1.78
2020-09-26,Crystal Palace,Everton,A,3.75,3.25,2.1,3.7,3.25,2.1,3.72,3.44,2.17
2020-09-27,Sheffield United,Leeds,A,2.7,3.3,2.62,2.7,3.3,2.62,2.83,3.5,2.63
2020-09-27,Tottenham,Newcastle,D,1.45,4.5,7.0,1.47,4.33,7.5,1.49,4.67,7.38
2020-09-27,Man City,Leicester,A,1.28,6.0,9.5,1.27,5.8,11.0,1.31,6.19,10.09
2020-09-27,West Ham,Wolves,H,3.6,3.5,2.05,3.7,3.4,2.05,3.87,3.5,2.1
2020-09-28,Fulham,Aston Villa,A,2.9,3.25,2.5,2.9,3.25,2.5,2.98,3.32,2.54
2020-09-28,Liverpool,Arsenal,H,1.45,4.75,6.5,1.47,4.6,6.5,1.5,4.76,6.53
2020-10-03,Chelsea,Crystal Palace,H,1.4,4.75,8.0,1.42,4.6,8.0,1.43,4.86,7.79
2020-10-03,Everton,Brighton,H,1.72,3.75,4.8,1.75,3.6,5.0,1.78,3.82,4.82
2020-10-03,Leeds,Man City,D,7.5,5.25,1.36,8.0,5.0,1.38,7.98,5.31,1.37
2020-10-03,Newcastle,Burnley,H,2.4,3.2,3.1,2.45,3.1,3.1,2.51,3.2,3.12
2020-10-04,Aston Villa,Liverpool,H,10.0,5.5,1.3,9.0,5.25,1.33,10.05,5.4,1.33
2020-10-04,Man United,Tottenham,A,1.85,3.8,4.0,1.91,3.7,3.9,1.93,3.76,4.09
2020-10-04,Wolves,Fulham,H,1.5,4.0,7.5,1.52,3.9,7.5,1.51,4.2,7.63
2020-10-04,Arsenal,Sheffield United,H,1.57,4.0,6.0,1.55,4.0,6.5,1.56,4.17,6.73
2020-10-04,Southampton,West Brom,H,1.72,3.8,4.75,1.75,3.8,4.6,1.78,3.91,4.71
2020-10-04,Leicester,West Ham,A,1.61,4.2,5.25,1.7,4.0,4.8,1.7,4.16,4.94
2020-10-17,Everton,Liverpool,D,3.75,4.2,1.83,4.0,3.9,1.83,4.04,4.2,1.87
2020-10-17,Chelsea,Southampton,D,1.45,4.75,6.5,1.53,4.33,6.0,1.56,4.53,6.14
2020-10-17,Man City,Arsenal,H,1.44,5.0,6.5,1.47,4.75,6.0,1.51,4.87,6.36
2020-10-17,Newcastle,Man United,A,4.75,4.0,1.66,4.75,4.0,1.7,4.87,4.18,1.74
2020-10-18,Tottenham,West Ham,D,1.57,4.33,5.5,1.62,4.0,5.5,1.64,4.21,5.63
2020-10-18,Leicester,Aston Villa,A,1.83,3.8,4.1,1.88,3.7,4.0,1.93,3.89,4.1
2020-10-18,Sheffield United,Fulham,D,2.1,3.3,3.7,2.1,3.25,3.75,2.15,3.4,3.84
2020-10-18,Crystal Palace,Brighton,D,2.62,3.3,2.7,2.62,3.25,2.75,2.73,3.34,2.83
2020-10-19,West Brom,Burnley,D,2.45,3.3,2.9,2.45,3.3,3.0,2.54,3.37,3.05
2020-10-19,Leeds,Wolves,A,2.5,3.3,2.87,2.45,3.25,3.0,2.55,3.31,3.07
2020-10-23,Aston Villa,Leeds,A,2.05,3.75,3.3,2.1,3.7,3.3,2.13,3.83,3.44
2020-10-24,West Ham,Man City,D,8.0,5.25,1.36,7.5,5.0,1.4,7.51,5.3,1.42
2020-10-24,Fulham,Crystal Palace,A,2.75,3.1,2.7,2.7,3.2,2.75,2.8,3.21,2.86
2020-10-24,Man United,Chelsea,D,2.37,3.6,2.8,2.35,3.6,2.88,2.45,3.65,2.97
2020-10-24,Liverpool,Sheffield United,H,1.22,6.5,12.0,1.25,6.0,12.0,1.25,6.66,12.96
2020-10-25,Arsenal,Leicester,A,1.9,3.75,3.8,1.91,3.7,3.9,1.95,3.83,4.06
2020-10-25,Southampton,Everton,H,2.75,3.4,2.55,2.75,3.4,2.55,2.84,3.58,2.58
2020-10-25,Wolves,Newcastle,D,1.75,3.5,5.25,1.75,3.5,5.25,1.79,3.59,5.48
2020-10-26,Burnley,Tottenham,A,5.75,4.0,1.6,5.8,3.9,1.6,5.63,4.15,1.66
2020-10-26,Brighton,West Brom,D,1.7,4.0,4.75,1.75,3.8,4.6,1.78,4.08,4.7
2020-10-30,Wolves,Crystal Palace,H,2.0,3.2,4.33,2.05,3.0,4.33,2.07,3.21,4.41
2020-10-31,Sheffield United,Man City,A,9.5,6.0,1.28,9.5,5.5,1.32,9.8,5.91,1.33
2020-10-31,Burnley,Chelsea,A,6.0,4.5,1.5,6.0,4.33,1.53,6.32,4.39,1.56
2020-10-31,Liverpool,West Ham,H,1.36,5.25,7.5,1.38,5.0,8.0,1.4,5.32,8.03
2020-11-01,Aston Villa,Southampton,A,2.45,3.5,2.8,2.5,3.5,2.75,2.53,3.72,2.81
2020-11-01,Newcastle,Everton,H,3.7,3.4,2.05,3.7,3.4,2.05,3.82,3.56,2.09
2020-11-01,Man United,Arsenal,A,2.0,3.6,3.6,2.05,3.6,3.6,2.05,3.78,3.73
2020-11-01,Tottenham,Brighton,H,1.61,4.0,5.5,1.63,4.0,5.25,1.65,4.26,5.54
2020-11-02,Leeds,Leicester,A,2.5,3.6,2.62,2.55,3.5,2.7,2.59,3.65,2.79
2020-11-02,Fulham,West Brom,H,2.4,3.3,3.0,2.4,3.3,3.0,2.47,3.4,3.13
2020-11-06,Brighton,Burnley,D,1.85,3.5,4.33,1.88,3.4,4.4,1.93,3.51,4.63
2020-11-06,Southampton,Newcastle,H,2.0,3.6,3.7,2.0,3.6,3.7,2.08,3.62,3.8
2020-11-07,Everton,Man United,A,2.9,3.5,2.37,2.9,3.5,2.4,2.98,3.65,2.44
2020-11-07,Crystal Palace,Leeds,H,2.87,3.4,2.45,2.9,3.3,2.5,2.99,3.48,2.52
2020-11-07,Chelsea,Sheffield United,H,1.36,5.0,8.5,1.38,4.75,8.5,1.41,5.06,8.48
2020-11-07,West Ham,Fulham,H,1.83,3.75,4.2,1.8,3.75,4.33,1.85,3.98,4.34
2020-11-08,Man City,Liverpool,D,1.95,4.2,3.4,2.0,3.9,3.4,2.0,4.2,3.56
2020-11-08,West Brom,Tottenham,A,7.0,4.33,1.45,6.5,4.33,1.5,6.58,4.45,1.54
2020-11-08,Leicester,Wolves,H,2.3,3.2,3.25,2.38,3.2,3.2,2.47,3.17,3.35
2020-11-08,Arsenal,Aston Villa,A,1.65,4.1,5.0,1.7,3.8,5.0,1.7,4.11,5.27
2020-11-21,Man United,West Brom,H,1.3,5.5,9.5,1.32,5.25,9.5,1.34,5.5,10.03
2020-11-21,Tottenham,Man City,H,4.0,4.0,1.8,4.2,3.9,1.8,4.24,4.21,1.82
2020-11-21,Aston Villa,Brighton,A,2.15,3.6,3.2,2.2,3.6,3.2,2.24,3.69,3.28
2020-11-21,Newcastle,Chelsea,A,6.5,4.75,1.45,6.5,4.33,1.5,6.74,4.61,1.52
2020-11-22,Fulham,Everton,A,3.9,3.9,1.85,4.0,3.7,1.88,4.06,3.86,1.93
2020-11-22,Sheffield United,West Ham,A,3.0,3.25,2.4,3.0,3.3,2.4,3.2,3.3,2.48
2020-11-22,Leeds,Arsenal,D,3.0,3.75,2.2,3.2,3.6,2.2,3.18,3.84,2.25
2020-11-22,Liverpool,Leicester,H,1.85,4.0,3.8,1.88,3.8,3.9,1.88,4.08,3.84
2020-11-23,Burnley,Crystal Palace,H,2.75,3.1,2.75,2.7,3.1,2.8,2.89,3.06,2.89
2020-11-23,Wolves,Southampton,D,2.3,3.25,3.25,2.35,3.2,3.25,2.34,3.34,3.41
2020-11-27,Crystal Palace,Newcastle,A,2.05,3.25,3.75,2.15,3.1,3.75,2.18,3.3,3.84
2020-11-28,Everton,Leeds,A,1.95,3.8,3.6,2.05,3.6,3.5,2.07,3.76,3.64
2020-11-28,West Brom,Sheffield United,H,2.6,3.2,2.8,2.6,3.2,2.8,2.66,3.22,2.99
2020-11-28,Brighton,Liverpool,D,5.5,4.2,1.57,5.5,4.0,1.62,5.42,4.25,1.65
2020-11-28,Man City,Burnley,H,1.16,7.5,16.0,1.17,7.5,17.0,1.18,8.3,14.98
2020-11-29,Southampton,Man United,A,4.0,3.5,1.95,3.9,3.4,2.0,3.94,3.66,2.02
2020-11-29,Chelsea,Tottenham,D,2.05,3.5,3.6,2.1,3.5,3.5,2.14,3.51,3.69
2020-11-29,Arsenal,Wolves,A,2.05,3.4,3.75,2.1,3.25,3.7,2.18,3.33,3.81
2020-11-30,Leicester,Fulham,A,1.5,4.33,6.5,1.52,4.2,6.5,1.54,4.53,6.44
2020-11-30,West Ham,Aston Villa,H,2.25,3.6,3.0,2.3,3.5,3.0,2.36,3.64,3.09
2020-12-05,Burnley,Everton,D,4.0,3.5,1.9,4.0,3.5,1.95,4.14,3.58,1.99
2020-12-05,Man City,Fulham,H,1.1,11.0,19.0,1.11,9.0,23.0,1.13,10.23,23.63
2020-12-05,West Ham,Man United,A,3.6,3.6,2.0,3.6,3.4,2.1,3.75,3.69,2.06
2020-12-05,Chelsea,Leeds,H,1.5,4.5,6.0,1.53,4.33,6.0,1.56,4.54,6.19
2020-12-06,Liverpool,Wolves,H,1.5,4.33,6.5,1.5,4.2,7.0,1.54,4.25,7.17
2020-12-06,Tottenham,Arsenal,H,1.95,3.6,3.8,2.0,3.5,3.8,2.07,3.56,3.87
2020-12-06,West Brom,Crystal Palace,A,2.87,3.2,2.55,2.88,3.2,2.55,2.98,3.3,2.61
2020-12-06,Sheffield United,Leicester,A,3.8,3.5,1.95,3.8,3.5,2.0,4.02,3.54,2.04
2020-12-07,Brighton,Southampton,A,2.45,3.4,2.9,2.5,3.3,2.88,2.56,3.46,2.93
2020-12-11,Leeds,West Ham,A,2.15,3.7,3.1,2.2,3.5,3.25,2.22,3.71,3.3
2020-12-12,Wolves,Aston Villa,A,2.25,3.25,3.25,2.35,3.2,3.2,2.4,3.32,3.28
2020-12-12,Newcastle,West Brom,H,2.45,3.2,3.0,2.5,3.25,2.9,2.62,3.32,2.95
2020-12-12,Man United,Man City,D,4.33,4.2,1.72,4.5,4.0,1.73,4.49,4.32,1.75
2020-12-12,Everton,Chelsea,H,4.33,4.2,1.7,4.33,4.0,1.75,4.52,4.28,1.76
2020-12-13,Fulham,Liverpool,D,9.0,5.5,1.3,8.5,5.5,1.33,8.67,5.98,1.34
2020-12-13,Southampton,Sheffield United,H,1.7,3.75,5.0,1.7,3.8,5.0,1.73,4.01,5.07
2020-12-13,Crystal Palace,Tottenham,D,4.5,3.9,1.72,4.75,3.7,1.75,4.92,3.83,1.79
2020-12-13,Arsenal,Burnley,A,1.53,4.2,6.25,1.53,4.2,6.5,1.54,4.33,6.84
2020-12-13,Leicester,Brighton,H,2.0,3.5,3.8,2.0,3.5,3.75,2.06,3.56,3.91
2020-12-15,Wolves,Chelsea,H,5.25,3.8,1.66,5.5,3.7,1.67,5.59,3.9,1.7
2020-12-15,Man City,West Brom,D,1.09,11.0,21.0,1.11,9.0,26.0,1.11,9.75,23.03
2020-12-16,Fulham,Brighton,D,2.87,3.3,2.5,2.9,3.25,2.5,3.0,3.4,2.53
2020-12-16,Leicester,Everton,A,2.15,3.6,3.25,2.2,3.5,3.2,2.23,3.62,3.37
2020-12-16,Liverpool,Tottenham,H,1.75,3.8,4.5,1.78,3.75,4.5,1.81,3.9,4.64
2020-12-16,Arsenal,Southampton,D,2.25,3.5,3.1,2.25,3.4,3.2,2.27,3.55,3.32
2020-12-16,Leeds,Newcastle,H,1.75,4.0,4.33,1.75,3.8,4.6,1.78,4.07,4.6
2020-12-16,West Ham,Crystal Palace,D,2.05,3.4,3.6,2.1,3.4,3.6,2.09,3.54,3.82
2020-12-17,Sheffield United,Man United,A,7.0,4.6,1.44,7.5,4.4,1.44,7.35,4.78,1.47
2020-12-17,Aston Villa,Burnley,D,1.75,3.8,4.5,1.73,3.75,4.8,1.76,3.93,4.95
2020-12-19,Newcastle,Fulham,D,2.5,3.25,2.9,2.55,3.2,2.88,2.63,3.33,2.93
2020-12-19,Everton,Arsenal,H,2.45,3.5,2.8,2.45,3.4,2.9,2.5,3.47,2.99
2020-12-19,Southampton,Man City,A,7.0,4.5,1.44,6.5,4.6,1.47,6.56,4.72,1.51
2020-12-19,Crystal Palace,Liverpool,A,6.5,4.33,1.5,6.5,4.4,1.5,6.52,4.53,1.53
2020-12-20,Brighton,Sheffield United,D,1.65,3.75,5.5,1.7,3.6,5.5,1.69,3.85,5.79
2020-12-20,Tottenham,Leicester,A,2.05,3.5,3.6,2.05,3.4,3.7,2.1,3.54,3.79
2020-12-20,Man United,Leeds,H,1.66,4.33,4.5,1.7,4.2,4.5,1.73,4.31,4.66
2020-12-20,West Brom,Aston Villa,A,3.6,3.8,1.95,3.7,3.6,2.0,3.82,3.83,2.0
2020-12-21,Burnley,Wolves,H,3.5,3.25,2.2,3.6,3.1,2.25,3.73,3.19,2.27
2020-12-21,Chelsea,West Ham,H,1.44,5.0,6.25,1.47,4.5,6.5,1.52,4.72,6.46
2020-12-26,Sheffield United,Everton,A,4.2,3.6,1.85,4.2,3.5,1.91,4.26,3.66,1.94
2020-12-26,Man City,Newcastle,H,1.11,10.0,19.0,1.11,9.0,23.0,1.14,9.55,22.92
2020-12-26,Arsenal,Chelsea,H,4.0,3.6,1.9,4.2,3.5,1.91,4.14,3.73,1.94
2020-12-26,Fulham,Southampton,D,3.2,3.3,2.3,3.2,3.3,2.3,3.29,3.42,2.35
2020-12-26,Aston Villa,Crystal Palace,H,1.9,3.75,3.8,1.95,3.7,3.75,1.95,3.9,3.91
2020-12-26,Leicester,Man United,D,2.9,3.6,2.3,3.0,3.5,2.3,3.08,3.67,2.35
2020-12-27,Leeds,Burnley,H,1.72,4.0,4.33,1.73,4.0,4.5,1.76,4.09,4.71
2020-12-27,West Ham,Brighton,D,2.3,3.4,3.1,2.38,3.25,3.1,2.42,3.38,3.19
2020-12-27,Liverpool,West Brom,D,1.11,10.0,19.0,1.12,8.5,21.0,1.14,9.42,22.43
2020-12-27,Wolves,Tottenham,D,3.6,3.25,2.15,3.5,3.2,2.2,3.76,3.37,2.17
2020-12-28,Crystal Palace,Leicester,D,3.75,3.5,2.0,3.9,3.4,2.0,3.95,3.58,2.04
2020-12-28,Chelsea,Aston Villa,D,1.61,4.2,5.0,1.7,4.0,4.75,1.71,4.25,4.89
2020-12-29,Man United,Wolves,H,1.53,4.2,6.25,1.55,4.0,6.5,1.53,4.35,5.94
2020-12-29,Southampton,West Ham,D,2.1,3.6,3.4,2.2,3.4,3.3,2.23,3.57,3.4
2020-12-29,West Brom,Leeds,A,3.6,3.6,2.0,3.6,3.5,2.05,3.72,3.71,2.06
2020-12-29,Brighton,Arsenal,A,3.25,3.5,2.2,3.2,3.4,2.25,3.27,3.43,2.35
2020-12-29,Burnley,Sheffield United,H,2.37,3.1,3.25,2.4,3.1,3.2,2.45,3.2,3.31
2020-12-30,Newcastle,Liverpool,D,12.0,6.0,1.25,11.0,5.5,1.29,9.61,6.09,1.32
2021-01-01,Everton,West Ham,A,2.1,3.5,3.5,2.15,3.4,3.5,2.19,3.52,3.55
2021-01-01,Man United,Aston Villa,H,1.72,4.2,4.2,1.75,4.0,4.4,1.78,4.14,4.52
2021-01-02,Tottenham,Leeds,H,1.75,4.1,4.2,1.8,3.9,4.2,1.81,4.13,4.34
2021-01-02,Crystal Palace,Sheffield United,H,1.95,3.5,3.9,2.0,3.3,4.0,2.02,3.45,3.84
2021-01-02,Brighton,Wolves,D,2.62,3.25,2.75,2.7,3.1,2.8,2.68,3.28,2.91
2021-01-02,West Brom,Arsenal,A,5.75,4.0,1.57,6.5,4.2,1.53,5.98,4.09,1.63
2021-01-03,Newcastle,Leicester,A,5.25,4.2,1.61,5.25,3.9,1.65,5.35,3.99,1.7
2021-01-03,Chelsea,Man City,A,3.0,3.7,2.2,3.1,3.5,2.25,2.95,3.67,2.4
2021-01-04,Southampton,Liverpool,H,5.0,4.33,1.61,5.0,4.2,1.63,5.03,4.44,1.67
2021-01-12,Sheffield United,Newcastle,H,2.45,3.1,3.1,2.45,3.1,3.1,2.53,3.18,3.2
2021-01-12,Burnley,Man United,A,7.0,4.5,1.45,7.0,4.33,1.47,7.33,4.66,1.48
2021-01-12,Wolves,Everton,A,2.45,3.1,3.1,2.45,3.1,3.1,2.56,3.18,3.15
2021-01-13,Man City,Brighton,H,1.14,8.5,16.0,1.17,7.0,19.0,1.19,7.61,16.97
2021-01-13,Tottenham,Fulham,D,1.36,5.0,8.5,1.4,4.75,8.0,1.36,4.97,8.16
2021-01-14,Arsenal,Crystal Palace,D,1.53,4.0,6.5,1.55,4.0,6.5,1.58,4.18,6.55
2021-01-16,Fulham,Chelsea,A,6.5,4.33,1.5,6.5,4.2,1.53,6.81,4.17,1.56
2021-01-16,West Ham,Burnley,H,1.8,3.5,4.75,1.83,3.4,4.75,1.85,3.57,4.88
2021-01-16,Leicester,Southampton,H,1.8,3.75,4.5,1.78,3.6,4.8,1.8,3.69,4.52
2021-01-16,Wolves,West Brom,A,1.6,3.5,7.0,1.6,3.5,7.0,1.63,3.7,7.07
2021-01-16,Leeds,Brighton,A,2.1,3.5,3.4,2.15,3.5,3.3,2.18,3.67,3.43
2021-01-17,Man City,Crystal Palace,H,1.14,8.5,17.0,1.17,7.5,17.0,1.18,7.87,18.27
2021-01-17,Sheffield United,Tottenham,A,6.25,3.75,1.6,6.5,3.6,1.63,6.1,3.73,1.68
2021-01-17,Liverpool,Man United,D,1.95,3.8,3.6,1.95,3.8,3.6,1.98,4.0,3.71
2021-01-18,Arsenal,Newcastle,H,1.4,4.5,8.0,1.42,4.5,8.0,1.45,4.73,7.98
2021-01-19,West Ham,West Brom,H,1.57,4.2,5.5,1.57,3.9,6.5,1.58,4.23,6.35
2021-01-19,Leicester,Chelsea,H,2.87,3.4,2.45,3.0,3.4,2.4,2.92,3.49,2.55
2021-01-20,Man City,Aston Villa,H,1.22,6.5,12.0,1.25,6.0,12.0,1.24,6.1,11.61
2021-01-20,Fulham,Man United,A,6.0,4.33,1.53,6.5,4.2,1.53,6.32,4.41,1.56
2021-01-21,Liverpool,Burnley,A,1.18,7.5,15.0,1.18,7.0,17.0,1.21,7.24,15.81
2021-01-23,Aston Villa,Newcastle,H,1.45,4.75,6.5,1.5,4.4,6.5,1.52,4.68,6.46
2021-01-26,West Brom,Man City,A,15.0,7.5,1.18,12.0,7.0,1.22,15.82,7.25,1.21
2021-01-26,Southampton,Arsenal,A,3.5,3.6,2.05,3.5,3.6,2.05,3.59,3.69,2.11
2021-01-26,Newcastle,Leeds,A,3.9,3.8,1.85,3.7,3.7,1.95,3.92,3.89,1.95
2021-01-26,Crystal Palace,West Ham,A,3.1,3.25,2.37,3.2,3.3,2.3,3.21,3.32,2.44
2021-01-27,Burnley,Aston Villa,H,3.8,3.5,1.95,3.9,3.4,2.0,4.01,3.65,2.0
2021-01-27,Chelsea,Wolves,D,1.6,4.2,5.25,1.6,4.0,5.8,1.63,4.26,5.68
2021-01-27,Brighton,Fulham,D,2.05,3.4,3.75,2.05,3.3,3.8,2.07,3.47,3.96
2021-01-27,Everton,Leicester,D,2.8,3.3,2.55,2.8,3.2,2.6,2.92,3.26,2.68
2021-01-27,Man United,Sheffield United,A,1.25,6.0,11.0,1.27,5.8,11.0,1.29,6.21,11.4
2021-01-28,Tottenham,Liverpool,A,3.2,3.6,2.2,3.2,3.4,2.25,3.33,3.61,2.25
2021-01-30,Southampton,Aston Villa,A,2.8,3.6,2.37,2.88,3.5,2.38,2.9,3.73,2.44
2021-01-30,Arsenal,Man United,D,2.8,3.5,2.45,2.8,3.5,2.45,2.93,3.46,2.55
2021-01-30,West Brom,Fulham,D,3.3,3.2,2.3,3.3,3.1,2.35,3.43,3.26,2.36
2021-01-30,Crystal Palace,Wolves,H,2.87,3.2,2.55,2.88,3.1,2.62,3.05,3.15,2.65
2021-01-30,Everton,Newcastle,A,1.55,4.0,6.5,1.57,3.9,6.5,1.61,4.03,6.49
2021-01-30,Man City,Sheffield United,H,1.12,9.0,18.0,1.14,8.0,21.0,1.13,9.43,26.18
2021-01-31,Chelsea,Burnley,H,1.33,5.0,9.5,1.33,5.0,10.0,1.36,5.25,10.02
2021-01-31,Leicester,Leeds,A,1.8,4.0,4.2,1.85,3.8,4.0,1.81,4.18,4.27
2021-01-31,West Ham,Liverpool,A,4.33,4.0,1.75,4.5,3.9,1.75,4.65,4.1,1.77
2021-01-31,Brighton,Tottenham,H,3.2,3.4,2.25,3.1,3.25,2.38,3.18,3.46,2.39
2021-02-02,Newcastle,Crystal Palace,A,2.8,3.2,2.6,2.8,3.2,2.6,3.01,3.16,2.68
2021-02-02,Man United,Southampton,H,1.4,4.75,7.0,1.42,4.5,8.0,1.46,4.81,7.59
2021-02-02,Wolves,Arsenal,H,3.6,3.3,2.1,3.6,3.25,2.15,3.71,3.36,2.2
2021-02-02,Sheffield United,West Brom,H,2.0,3.3,4.0,1.95,3.3,4.2,2.11,3.33,4.03
2021-02-03,Burnley,Man City,A,13.0,7.0,1.2,15.0,6.5,1.2,14.8,6.57,1.23
2021-02-03,Fulham,Leicester,A,4.0,3.5,1.9,4.0,3.5,1.95,4.12,3.56,2.0
2021-02-03,Leeds,Everton,A,2.5,3.5,2.7,2.45,3.6,2.75,2.51,3.71,2.82
2021-02-03,Aston Villa,West Ham,A,2.2,3.4,3.25,2.2,3.3,3.4,2.23,3.5,3.46
2021-02-03,Liverpool,Brighton,A,1.33,5.25,9.0,1.36,5.0,8.5,1.37,5.5,8.87
2021-02-04,Tottenham,Chelsea,A,3.5,3.4,2.1,3.4,3.4,2.15,3.58,3.52,2.18
2021-02-06,Newcastle,Southampton,H,3.0,3.3,2.4,2.88,3.3,2.5,3.06,3.32,2.54
2021-02-06,Fulham,West Ham,D,3.6,3.5,2.05,3.5,3.5,2.1,3.66,3.56,2.13
2021-02-06,Aston Villa,Arsenal,H,2.62,3.5,2.6,2.7,3.5,2.55,2.84,3.51,2.6
2021-02-06,Burnley,Brighton,D,3.6,3.1,2.2,3.6,3.2,2.2,3.74,3.21,2.26
2021-02-06,Man United,Everton,D,1.53,4.2,6.0,1.55,4.2,6.0,1.57,4.35,6.22
2021-02-07,Sheffield United,Chelsea,A,7.0,4.5,1.45,7.0,4.2,1.5,7.64,4.46,1.49
2021-02-07,Liverpool,Man City,A,3.4,3.6,2.05,3.4,3.6,2.1,3.44,3.7,2.17
2021-02-07,Wolves,Leicester,D,3.5,3.4,2.1,3.4,3.3,2.2,3.63,3.49,2.17
2021-02-07,Tottenham,West Brom,H,1.45,4.5,7.0,1.44,4.4,7.5,1.47,4.58,7.81
2021-02-08,Leeds,Crystal Palace,H,1.8,3.8,4.2,1.85,3.8,4.0,1.88,3.93,4.24
2021-02-13,Leicester,Liverpool,H,3.5,3.4,2.1,3.4,3.4,2.15,3.5,3.53,2.2
2021-02-13,Crystal Palace,Burnley,A,2.37,3.1,3.2,2.4,3.1,3.2,2.54,3.18,3.19
2021-02-13,Man City,Tottenham,H,1.28,5.75,9.5,1.33,5.5,8.5,1.35,5.91,8.75
2021-02-13,Brighton,Aston Villa,D,2.7,3.5,2.5,2.8,3.3,2.55,2.85,3.51,2.59
2021-02-14,Arsenal,Leeds,H,1.83,3.8,4.0,1.88,3.7,4.0,1.93,3.79,4.1
2021-02-14,Everton,Fulham,A,1.85,3.6,4.2,1.91,3.5,4.2,1.96,3.61,4.24
2021-02-14,Southampton,Wolves,A,2.37,3.2,3.1,2.45,3.1,3.1,2.44,3.28,3.25
2021-02-14,West Brom,Man United,D,10.0,5.5,1.3,9.5,5.5,1.32,9.65,5.71,1.34
2021-02-15,West Ham,Sheffield United,H,1.66,3.75,5.25,1.73,3.7,5.0,1.75,3.82,5.26
2021-02-15,Chelsea,Newcastle,H,1.22,6.5,12.0,1.25,6.0,12.0,1.26,6.85,11.46
2021-02-17,Burnley,Fulham,D,2.75,3.2,2.7,2.7,3.2,2.7,2.87,3.19,2.77
2021-02-17,Everton,Man City,A,8.5,5.5,1.33,9.0,5.0,1.35,8.77,5.62,1.36
2021-02-19,Wolves,Leeds,H,2.37,3.3,3.0,2.45,3.25,3.0,2.41,3.42,3.17
2021-02-20,Fulham,Sheffield United,H,2.15,3.2,3.6,2.25,3.1,3.6,2.23,3.24,3.77
2021-02-20,Southampton,Chelsea,D,5.0,3.8,1.7,5.0,3.7,1.73,5.11,3.88,1.75
2021-02-20,Burnley,West Brom,D,2.0,3.3,4.0,2.05,3.25,3.9,2.06,3.41,4.12
2021-02-20,Liverpool,Everton,A,1.44,4.5,7.0,1.47,4.5,7.0,1.5,4.64,6.94
2021-02-21,Man United,Newcastle,H,1.28,5.5,10.0,1.29,5.5,11.0,1.31,5.85,10.95
2021-02-21,Arsenal,Man City,A,6.5,4.33,1.5,6.5,4.2,1.52,6.42,4.54,1.54
2021-02-21,West Ham,Tottenham,H,2.62,3.4,2.7,2.62,3.3,2.7,2.73,3.38,2.78
2021-02-21,Aston Villa,Leicester,A,2.87,3.5,2.4,2.88,3.5,2.4,2.94,3.55,2.49
2021-02-22,Brighton,Crystal Palace,A,1.7,3.5,5.5,1.73,3.5,5.5,1.75,3.61,5.64
2021-02-23,Leeds,Southampton,H,2.25,3.5,3.1,2.3,3.4,3.1,2.4,3.52,3.12
2021-02-27,Man City,West Ham,H,1.22,6.5,12.0,1.22,6.5,13.0,1.24,6.76,13.19
2021-02-27,West Brom,Brighton,H,4.2,3.3,1.95,4.2,3.4,1.95,4.22,3.53,1.99
2021-02-27,Leeds,Aston Villa,A,2.15,3.6,3.2,2.3,3.6,2.88,2.25,3.74,3.22
2021-02-27,Newcastle,Wolves,D,3.5,3.2,2.2,3.5,3.1,2.25,3.56,3.16,2.36
2021-02-28,Tottenham,Burnley,H,1.53,4.0,6.5,1.55,3.9,7.0,1.56,4.1,7.22
2021-02-28,Sheffield United,Liverpool,A,8.0,5.0,1.36,7.5,4.8,1.4,7.95,5.19,1.41
2021-02-28,Chelsea,Man United,D,2.15,3.4,3.4,2.25,3.3,3.3,2.3,3.34,3.47
2021-02-28,Leicester,Arsenal,A,2.5,3.4,2.8,2.5,3.25,2.9,2.61,3.38,2.92
2021-02-28,Crystal Palace,Fulham,D,3.5,3.2,2.2,3.4,3.1,2.25,3.62,3.24,2.29
2021-03-01,Everton,Southampton,H,2.15,3.5,3.3,2.2,3.4,3.3,2.21,3.58,3.44
2021-03-02,Man City,Wolves,H,1.18,7.0,15.0,1.22,6.0,15.0,1.23,6.38,16.42
2021-03-03,Burnley,Leicester,D,4.0,3.25,2.0,3.9,3.3,2.05,4.1,3.29,2.11
2021-03-03,Sheffield United,Aston Villa,H,3.75,3.4,2.05,3.75,3.4,2.05,3.77,3.58,2.09
2021-03-03,Crystal Palace,Man United,D,8.0,4.75,1.4,8.0,4.4,1.44,8.18,4.7,1.45
2021-03-04,West Brom,Everton,A,4.33,3.6,1.83,4.33,3.6,1.83,4.49,3.77,1.87
2021-03-04,Liverpool,Chelsea,A,2.25,3.6,3.0,2.25,3.5,3.1,2.28,3.69,3.2
2021-03-04,Fulham,Tottenham,A,4.0,3.6,1.9,4.0,3.5,1.95,4.02,3.66,2.0
2021-03-06,Aston Villa,Wolves,D,2.37,3.25,3.1,2.35,3.2,3.2,2.48,3.18,3.28
2021-03-06,Brighton,Leicester,A,2.55,3.25,2.8,2.55,3.2,2.9,2.54,3.37,3.02
2021-03-06,Burnley,Arsenal,D,5.5,4.0,1.61,5.5,3.8,1.65,5.73,4.02,1.66
2021-03-06,Sheffield United,Southampton,A,3.6,3.5,2.0,3.7,3.3,2.1,3.77,3.43,2.14
2021-03-07,West Brom,Newcastle,D,2.37,3.2,3.1,2.4,3.2,3.1,2.47,3.29,3.19
2021-03-07,Liverpool,Fulham,A,1.36,5.0,8.5,1.36,4.75,9.5,1.42,4.92,8.54
2021-03-07,Man City,Man United,A,1.45,4.5,7.0,1.47,4.2,7.5,1.52,4.45,6.97
2021-03-07,Tottenham,Crystal Palace,H,1.45,4.5,7.0,1.47,4.33,7.0,1.5,4.53,7.36
2021-03-08,Chelsea,Everton,H,1.53,4.0,6.5,1.53,4.2,6.5,1.55,4.33,6.72
2021-03-08,West Ham,Leeds,H,2.05,3.6,3.5,2.1,3.5,3.5,2.14,3.67,3.55
2021-03-10,Man City,Southampton,H,1.18,7.5,15.0,1.2,6.5,15.0,1.22,7.28,14.8
2021-03-12,Newcastle,Aston Villa,D,3.8,3.3,2.05,3.9,3.3,2.0,3.86,3.38,2.14
2021-03-13,Fulham,Man City,A,10.0,5.0,1.33,10.0,4.8,1.35,10.46,5.04,1.37
2021-03-13,Everton,Burnley,A,1.83,3.5,4.5,1.85,3.5,4.5,1.93,3.52,4.54
2021-03-13,Leeds,Chelsea,D,4.75,4.0,1.7,4.6,3.8,1.75,4.69,3.99,1.78
2021-03-13,Crystal Palace,West Brom,H,2.15,3.2,3.6,2.2,3.1,3.7,2.31,3.19,3.63
2021-03-14,Southampton,Brighton,A,2.9,3.1,2.5,3.0,3.1,2.55,3.03,3.14,2.68
2021-03-14,Leicester,Sheffield United,H,1.5,4.2,6.5,1.52,4.0,7.0,1.56,4.16,6.87
2021-03-14,Arsenal,Tottenham,H,2.55,3.4,2.75,2.55,3.3,2.8,2.65,3.38,2.87
2021-03-14,Man United,West Ham,H,1.83,3.6,4.33,1.85,3.5,4.5,1.88,3.63,4.59
2021-03-15,Wolves,Liverpool,A,4.75,3.75,1.72,4.8,3.7,1.75,4.93,3.86,1.78
2021-03-19,Fulham,Leeds,A,2.37,3.4,3.0,2.4,3.3,3.0,2.48,3.42,3.07
2021-03-20,Brighton,Newcastle,H,1.66,3.5,6.0,1.67,3.5,6.0,1.67,3.61,6.73
2021-03-21,West Ham,Arsenal,D,2.8,3.5,2.45,2.8,3.5,2.45,2.9,3.49,2.56
2021-03-21,Aston Villa,Tottenham,A,2.9,3.3,2.45,3.0,3.4,2.38,3.03,3.46,2.48
2021-04-03,Arsenal,Liverpool,A,3.1,3.7,2.15,3.1,3.5,2.25,3.18,3.66,2.3
2021-04-03,Leicester,Man City,A,6.0,4.2,1.53,6.5,4.0,1.55,6.24,4.12,1.61
2021-04-03,Chelsea,West Brom,A,1.22,6.0,15.0,1.2,6.5,15.0,1.22,6.5,16.63
2021-04-03,Leeds,Sheffield United,H,1.5,4.33,6.5,1.52,4.2,6.5,1.53,4.56,6.51
2021-04-04,Southampton,Burnley,H,2.05,3.3,3.8,2.1,3.2,3.8,2.11,3.36,3.97
2021-04-04,Newcastle,Tottenham,D,5.5,4.0,1.6,5.8,3.9,1.62,5.66,4.17,1.65
2021-04-04,Aston Villa,Fulham,H,2.25,3.3,3.3,2.3,3.25,3.3,2.32,3.36,3.4
2021-04-04,Man United,Brighton,H,1.61,4.0,5.5,1.65,3.9,5.25,1.67,4.04,5.59
2021-04-05,Everton,Crystal Palace,D,1.75,3.5,5.0,1.8,3.4,5.0,1.84,3.54,5.07
2021-04-05,Wolves,West Ham,A,2.87,3.2,2.55,3.0,3.1,2.55,2.99,3.21,2.66
2021-04-09,Fulham,Wolves,A,2.5,3.0,3.1,2.5,3.1,3.1,2.6,3.07,3.22
2021-04-10,Crystal Palace,Chelsea,A,7.0,3.8,1.53,6.5,4.2,1.52,7.31,4.12,1.55
2021-04-10,Liverpool,Aston Villa,H,1.5,4.33,6.5,1.5,4.4,6.5,1.53,4.6,6.49
2021-04-10,Man City,Leeds,A,1.28,5.75,10.0,1.27,6.5,9.0,1.31,5.97,10.38
2021-04-11,Burnley,Newcastle,A,2.3,3.1,3.4,2.35,3.1,3.3,2.41,3.18,3.43
2021-04-11,West Ham,Leicester,H,3.0,3.3,2.37,3.0,3.3,2.45,3.11,3.47,2.42
2021-04-11,Tottenham,Man United,A,2.87,3.4,2.45,2.88,3.4,2.45,2.9,3.49,2.56
2021-04-11,Sheffield United,Arsenal,A,6.5,3.75,1.57,6.5,3.8,1.57,6.16,4.03,1.63
2021-04-12,West Brom,Southampton,H,3.6,3.3,2.1,3.5,3.2,2.2,3.69,3.34,2.21
2021-04-12,Brighton,Everton,D,2.25,3.3,3.3,2.3,3.2,3.3,2.33,3.29,3.45
2021-04-16,Everton,Tottenham,D,3.4,3.5,2.1,3.4,3.3,2.2,3.46,3.56,2.21
2021-04-17,Newcastle,West Ham,H,3.5,3.5,2.05,3.75,3.5,2.0,3.73,3.47,2.14
2021-04-17,Wolves,Sheffield United,H,1.66,3.5,5.75,1.67,3.6,5.8,1.72,3.6,5.99
2021-04-18,Arsenal,Fulham,D,1.7,3.8,4.8,1.75,3.6,5.0,1.79,3.75,5.03
2021-04-18,Man United,Burnley,H,1.33,5.25,9.0,1.35,4.8,9.5,1.38,5.09,9.52
2021-04-19,Leeds,Liverpool,D,4.5,4.33,1.66,4.75,4.2,1.67,4.85,4.36,1.7
2021-04-20,Chelsea,Brighton,D,1.57,4.0,6.0,1.57,3.8,6.5,1.63,3.85,6.66
2021-04-21,Aston Villa,Man City,A,9.0,4.75,1.36,9.0,4.8,1.36,8.85,5.02,1.4
2021-04-21,Tottenham,Southampton,H,1.75,3.8,4.5,1.8,3.7,4.5,1.83,3.86,4.56
2021-04-22,Leicester,West Brom,H,1.53,3.8,6.0,1.57,4.0,6.0,1.6,4.17,6.22
2021-04-23,Arsenal,Everton,A,2.0,3.5,3.75,2.05,3.4,3.75,2.08,3.52,3.88
2021-04-24,Liverpool,Newcastle,D,1.22,6.5,12.0,1.24,6.0,13.0,1.26,6.53,12.17
2021-04-24,West Ham,Chelsea,A,4.75,3.6,1.75,4.75,3.6,1.78,4.91,3.88,1.78
2021-04-24,Sheffield United,Brighton,H,5.25,3.4,1.75,5.5,3.4,1.73,5.54,3.67,1.75
2021-04-25,Wolves,Burnley,A,2.0,3.4,3.9,2.05,3.3,3.8,2.12,3.32,3.99
2021-04-25,Leeds,Man United,D,4.0,4.2,1.75,4.0,4.0,1.8,4.17,4.2,1.83
2021-04-25,Aston Villa,West Brom,D,1.85,3.6,4.2,1.88,3.6,4.2,1.9,3.8,4.28
2021-04-26,Leicester,Crystal Palace,H,1.4,4.33,8.5,1.47,4.2,8.0,1.48,4.36,8.24
2021-04-30,Southampton,Leicester,D,3.8,3.8,1.9,3.6,3.7,2.0,3.87,3.92,1.96
2021-05-01,Everton,Aston Villa,A,1.95,3.6,3.8,2.05,3.5,3.7,2.07,3.7,3.72
2021-05-01,Chelsea,Fulham,H,1.44,4.4,7.5,1.47,4.2,7.5,1.49,4.36,8.0
2021-05-01,Brighton,Leeds,H,2.05,3.5,3.5,2.15,3.4,3.4,2.19,3.52,3.54
2021-05-01,Crystal Palace,Man City,A,10.0,5.0,1.33,11.0,5.0,1.32,10.77,5.18,1.35
2021-05-02,Newcastle,Arsenal,A,3.6,3.6,2.0,3.7,3.6,2.0,3.75,3.58,2.1
2021-05-02,Tottenham,Sheffield United,H,1.25,6.0,12.0,1.29,5.5,11.0,1.29,6.11,11.87
2021-05-03,West Brom,Wolves,D,2.9,3.2,2.5,3.0,3.1,2.55,2.97,3.25,2.65
2021-05-03,Burnley,West Ham,A,3.1,3.6,2.2,3.2,3.4,2.25,3.21,3.54,2.33
2021-05-07,Leicester,Newcastle,A,1.4,4.75,8.0,1.42,4.5,8.0,1.44,4.92,7.87
2021-05-08,Liverpool,Southampton,H,1.25,6.0,11.0,1.29,5.5,11.0,1.29,6.19,10.41
2021-05-08,Man City,Chelsea,A,1.9,3.4,4.2,1.95,3.4,4.2,1.94,3.55,4.38
2021-05-08,Sheffield United,Crystal Palace,A,3.0,3.2,2.45,3.0,3.25,2.45,3.02,3.32,2.53
2021-05-08,Leeds,Tottenham,H,3.4,3.8,2.0,3.4,3.7,2.05,3.56,3.9,2.06
2021-05-09,Arsenal,West Brom,H,1.44,4.5,7.0,1.47,4.33,7.0,1.47,4.7,7.6
2021-05-09,West Ham,Everton,A,2.2,3.5,3.2,2.25,3.4,3.2,2.28,3.51,3.35
2021-05-09,Wolves,Brighton,H,3.3,3.3,2.2,3.4,3.25,2.25,3.41,3.46,2.27
2021-05-09,Aston Villa,Man United,A,4.2,3.8,1.8,4.6,3.8,1.75,4.45,3.86,1.85
2021-05-10,Fulham,Burnley,A,2.2,3.4,3.3,2.2,3.3,3.4,2.22,3.56,3.44
2021-05-11,Man United,Leicester,A,2.5,3.4,2.8,2.45,3.25,3.0,2.59,3.42,2.92
2021-05-11,Southampton,Crystal Palace,H,2.05,3.6,3.5,2.1,3.4,3.5,2.11,3.65,3.63
2021-05-12,Chelsea,Arsenal,A,1.65,4.0,5.0,1.73,3.7,5.0,1.75,3.88,5.17
2021-05-13,Aston Villa,Everton,D,2.7,3.4,2.6,2.62,3.3,2.62,2.82,3.5,2.62
2021-05-13,Man United,Liverpool,A,3.0,3.75,2.2,3.2,3.6,2.15,3.12,3.78,2.17
2021-05-14,Newcastle,Man City,A,11.0,6.0,1.25,11.0,5.5,1.29,11.02,5.79,1.29
2021-05-15,Burnley,Leeds,A,3.2,3.75,2.1,3.1,3.5,2.2,3.2,3.72,2.23
2021-05-15,Southampton,Fulham,H,2.0,3.6,3.6,2.0,3.5,3.75,2.02,3.61,3.78
2021-05-15,Brighton,West Ham,D,2.9,3.6,2.3,2.9,3.3,2.4,3.01,3.57,2.4
2021-05-16,Everton,Sheffield United,A,1.36,4.75,8.5,1.4,4.4,8.5,1.4,4.9,8.69
2021-05-16,Crystal Palace,Aston Villa,H,3.0,3.6,2.25,3.0,3.4,2.3,3.14,3.58,2.32
2021-05-16,Tottenham,Wolves,H,1.5,4.33,6.5,1.52,4.2,6.0,1.56,4.29,6.38
2021-05-16,West Brom,Liverpool,A,12.0,6.5,1.22,12.0,6.5,1.22,11.65,6.78,1.24
2021-05-18,Chelsea,Leicester,H,1.7,3.75,5.0,1.7,3.6,5.25,1.74,3.74,5.36
2021-05-18,Brighton,Man City,H,7.0,4.5,1.45,7.0,4.2,1.47,6.89,4.53,1.49
2021-05-18,Man United,Fulham,D,1.28,6.0,9.0,1.3,5.5,9.0,1.32,5.81,9.28
2021-05-18,Southampton,Leeds,A,2.55,3.9,2.5,2.62,3.6,2.5,2.6,3.84,2.61
2021-05-19,West Brom,West Ham,A,5.0,4.33,1.6,5.25,4.2,1.6,5.35,4.29,1.63
2021-05-19,Burnley,Liverpool,A,11.0,7.0,1.22,11.0,6.0,1.24,11.1,6.61,1.26
2021-05-19,Crystal Palace,Arsenal,A,6.0,4.5,1.5,6.5,4.2,1.5,6.16,4.49,1.55
2021-05-19,Newcastle,Sheffield United,H,1.72,3.8,4.75,1.73,3.7,4.75,1.75,3.87,4.82
2021-05-19,Everton,Wolves,H,1.85,3.6,4.2,1.88,3.4,4.2,1.9,3.68,4.3
2021-05-19,Tottenham,Aston Villa,A,1.5,4.5,6.0,1.5,4.4,6.0,1.54,4.77,5.92
2021-05-23,Arsenal,Brighton,H,1.57,4.33,5.25,1.62,4.2,5.25,1.63,4.46,5.34
2021-05-23,Aston Villa,Chelsea,H,6.5,4.6,1.45,7.0,4.4,1.47,6.75,4.63,1.51
2021-05-23,Fulham,Newcastle,A,2.05,3.8,3.3,2.15,3.6,3.25,2.08,3.94,3.41
2021-05-23,Leeds,West Brom,H,1.4,5.25,6.5,1.42,5.0,7.0,1.45,5.24,6.54
2021-05-23,Leicester,Tottenham,A,2.0,4.0,3.3,2.05,3.9,3.3,2.06,4.19,3.35
2021-05-23,Liverpool,Crystal Palace,H,1.14,8.5,15.0,1.15,8.0,17.0,1.16,8.73,18.32
2021-05-23,Man City,Everton,H,1.44,5.0,6.5,1.44,4.8,7.0,1.43,5.09,7.24
2021-05-23,Sheffield United,Burnley,H,2.8,3.6,2.4,2.8,3.5,2.45,2.87,3.74,2.43
2021-05-23,West Ham,Southampton,H,1.65,4.0,5.0,1.7,3.9,4.8,1.74,3.99,5.03
2021-05-23,Wolves,Man United,A,2.5,3.5,2.7,2.55,3.5,2.7,2.59,3.78,2.7
2021-08-13,Brentford,Arsenal,H,4.0,3.4,1.95,4.0,3.4,1.9,4.05,3.46,2.05
2021-08-14,Watford,Aston Villa,H,3.1,3.2,2.37,3.2,3.1,2.38,3.18,3.31,2.47
2021-08-14,Leicester,Wolves,H,1.66,3.8,5.25,1.7,3.6,5.25,1.73,3.79,5.47
2021-08-14,Everton,Southampton,H,1.9,3.5,4.0,1.95,3.4,4.0,2.01,3.56,4.1
2021-08-14,Norwich,Liverpool,A,9.0,5.75,1.3,9.0,5.25,1.32,8.35,5.86,1.36
2021-08-14,Burnley,Brighton,A,3.1,3.1,2.45,3.2,3.0,2.45,3.3,3.12,2.51
2021-08-14,Man United,Leeds,H,1.53,4.5,5.75,1.52,4.33,5.8,1.56,4.57,5.96
2021-08-14,Chelsea,Crystal Palace,H,1.25,5.75,13.0,1.25,5.5,13.0,1.26,6.24,12.74
2021-08-15,Newcastle,West Ham,A,3.2,3.5,2.2,3.1,3.4,2.25,3.21,3.59,2.32
2021-08-15,Tottenham,Man City,H,5.5,4.2,1.6,5.5,4.0,1.6,5.56,4.09,1.67
2021-08-21,Liverpool,Burnley,H,1.18,7.5,13.0,1.2,6.5,15.0,1.21,6.98,15.68
2021-08-21,Aston Villa,Newcastle,H,1.8,3.75,4.33,1.8,3.75,4.2,1.83,3.99,4.4
2021-08-21,Crystal Palace,Brentford,D,2.55,3.2,2.87,2.55,3.1,2.88,2.65,3.28,2.95
2021-08-21,Leeds,Everton,D,2.37,3.4,3.0,2.35,3.3,3.0,2.39,3.51,3.14
2021-08-21,Man City,Norwich,H,1.08,11.0,26.0,1.08,10.0,26.0,1.11,11.28,26.2
2021-08-21,Brighton,Watford,H,1.7,3.5,5.75,1.7,3.4,5.5,1.75,3.55,5.8
2021-08-22,Arsenal,Chelsea,A,4.75,3.75,1.72,4.75,3.6,1.75,4.9,3.83,1.79
2021-08-22,Southampton,Man United,D,5.5,4.2,1.57,5.5,4.0,1.6,5.32,4.41,1.64
2021-08-22,Wolves,Tottenham,A,3.2,3.2,2.35,3.2,3.0,2.4,3.25,3.15,2.52
2021-08-23,West Ham,Leicester,H,2.5,3.5,2.75,2.6,3.3,2.7,2.61,3.51,2.82
2021-08-28,Liverpool,Chelsea,D,2.45,3.3,2.9,2.45,3.25,2.9,2.52,3.36,3.06
2021-08-28,Man City,Arsenal,H,1.25,6.0,12.0,1.24,5.8,12.0,1.26,6.28,12.59
2021-08-28,Aston Villa,Brentford,D,1.95,3.6,3.8,2.0,3.4,3.7,2.02,3.63,3.95
2021-08-28,Brighton,Everton,A,2.3,3.2,3.3,2.35,3.1,3.25,2.37,3.29,3.37
2021-08-28,Newcastle,Southampton,D,2.5,3.4,2.8,2.45,3.4,2.8,2.55,3.52,2.9
2021-08-28,Norwich,Leicester,A,4.5,3.5,1.85,4.2,3.4,1.88,4.47,3.54,1.93
2021-08-28,West Ham,Crystal Palace,D,1.55,4.0,6.5,1.55,3.8,6.5,1.59,4.07,6.64
2021-08-29,Tottenham,Watford,H,1.36,4.75,9.0,1.4,4.33,8.5,1.45,4.42,9.04
2021-08-29,Wolves,Man United,A,5.0,3.5,1.75,5.0,3.4,1.78,5.14,3.51,1.83
2021-08-29,Burnley,Leeds,D,3.1,3.5,2.25,3.0,3.3,2.35,3.15,3.58,2.35
2021-09-11,Chelsea,Aston Villa,H,1.28,5.5,11.0,1.29,5.25,11.0,1.31,5.51,12.17
2021-09-11,Watford,Wolves,A,3.4,3.2,2.25,3.3,3.1,2.3,3.47,3.22,2.36
2021-09-11,Southampton,West Ham,D,2.9,3.5,2.4,2.88,3.25,2.45,2.93,3.48,2.54
2021-09-11,Man United,Newcastle,H,1.18,7.5,15.0,1.2,6.5,15.0,1.19,7.56,16.42
2021-09-11,Brentford,Brighton,A,2.8,3.2,2.62,2.75,3.1,2.7,2.93,3.19,2.72
2021-09-11,Arsenal,Norwich,H,1.5,4.6,6.0,1.5,4.2,6.5,1.53,4.57,6.5
2021-09-11,Crystal Palace,Tottenham,H,4.2,3.5,1.9,4.33,3.3,1.91,4.42,3.47,1.96
2021-09-11,Leicester,Man City,A,6.0,4.0,1.57,5.8,4.2,1.55,5.87,4.26,1.61
2021-09-12,Leeds,Liverpool,A,4.33,4.0,1.75,4.4,3.8,1.75,4.54,4.15,1.78
2021-09-13,Everton,Burnley,H,1.7,3.75,5.0,1.73,3.5,5.0,1.74,3.83,5.35
2021-09-17,Newcastle,Leeds,D,3.0,3.6,2.3,3.0,3.5,2.25,3.05,3.69,2.36
2021-09-18,Aston Villa,Everton,H,2.4,3.3,3.0,2.4,3.2,3.0,2.42,3.44,3.15
2021-09-18,Norwich,Watford,A,2.15,3.3,3.5,2.15,3.3,3.5,2.21,3.48,3.53
2021-09-18,Man City,Southampton,D,1.12,9.5,17.0,1.14,7.5,19.0,1.16,8.48,19.72
2021-09-18,Liverpool,Crystal Palace,H,1.2,7.0,13.0,1.2,6.5,15.0,1.22,6.87,15.6
2021-09-18,Burnley,Arsenal,A,3.8,3.6,1.95,3.8,3.4,2.0,3.87,3.57,2.06
2021-09-18,Wolves,Brentford,A,1.83,3.25,5.0,1.91,3.1,4.6,1.93,3.3,4.98
2021-09-19,Brighton,Leicester,H,2.7,3.2,2.75,2.62,3.2,2.7,2.83,3.25,2.77
2021-09-19,West Ham,Man United,A,4.33,4.0,1.75,4.6,3.7,1.75,4.69,3.9,1.81
2021-09-19,Tottenham,Chelsea,A,5.0,3.8,1.7,4.6,3.7,1.75,4.98,4.02,1.74
2021-09-25,Brentford,Liverpool,D,7.0,4.5,1.45,7.0,4.2,1.47,7.48,4.51,1.49
2021-09-25,Leicester,Burnley,D,1.57,4.0,6.0,1.57,3.9,6.0,1.6,4.09,6.37
2021-09-25,Leeds,West Ham,A,3.0,3.6,2.25,3.0,3.5,2.3,3.17,3.73,2.28
2021-09-25,Watford,Newcastle,D,2.2,3.4,3.3,2.25,3.25,3.25,2.26,3.42,3.47
2021-09-25,Man United,Aston Villa,A,1.36,5.25,8.0,1.38,4.75,8.0,1.41,5.12,8.13
2021-09-25,Everton,Norwich,H,1.61,3.8,5.75,1.6,3.6,6.5,1.65,3.91,6.09
2021-09-25,Chelsea,Man City,A,2.62,3.2,2.75,2.62,3.2,2.7,2.74,3.3,2.83
2021-09-26,Southampton,Wolves,A,2.62,3.2,2.8,2.62,3.2,2.75,2.7,3.27,2.89
2021-09-26,Arsenal,Tottenham,H,2.15,3.3,3.5,2.25,3.25,3.3,2.29,3.3,3.54
2021-09-27,Crystal Palace,Brighton,D,3.1,3.2,2.45,3.1,3.0,2.5,3.14,3.21,2.56
2021-10-02,Wolves,Newcastle,H,1.61,4.2,5.25,1.65,3.9,5.0,1.72,4.06,5.06
2021-10-02,Leeds,Watford,H,1.7,4.0,4.75,1.75,3.7,4.6,1.78,3.96,4.8
2021-10-02,Brighton,Arsenal,D,3.0,3.25,2.4,3.0,3.1,2.45,3.16,3.2,2.54
2021-10-02,Burnley,Norwich,D,1.85,3.6,4.33,1.88,3.4,4.2,1.9,3.69,4.42
2021-10-02,Man United,Everton,D,1.45,4.33,7.5,1.47,4.2,7.0,1.51,4.37,7.59
2021-10-02,Chelsea,Southampton,H,1.36,4.75,9.0,1.36,4.6,9.0,1.4,4.91,9.22
2021-10-03,Crystal Palace,Leicester,D,3.1,3.4,2.3,3.0,3.3,2.35,3.17,3.44,2.41
2021-10-03,Tottenham,Aston Villa,H,2.1,3.6,3.4,2.15,3.3,3.5,2.13,3.61,3.64
2021-10-03,West Ham,Brentford,A,1.75,3.75,4.75,1.8,3.4,4.75,1.84,3.65,4.82
2021-10-03,Liverpool,Man City,D,2.87,3.5,2.4,2.8,3.5,2.38,2.99,3.55,2.46
2021-10-16,Southampton,Leeds,H,2.3,3.5,3.0,2.35,3.4,2.9,2.44,3.58,3.01
2021-10-16,Watford,Liverpool,A,8.5,5.5,1.33,8.5,5.0,1.35,9.43,5.49,1.36
2021-10-16,Aston Villa,Wolves,A,2.15,3.25,3.5,2.25,3.1,3.4,2.32,3.31,3.47
2021-10-16,Leicester,Man United,H,3.5,3.6,2.05,3.5,3.5,2.05,3.56,3.68,2.13
2021-10-16,Man City,Burnley,H,1.12,9.0,19.0,1.1,9.0,23.0,1.13,9.94,24.65
2021-10-16,Norwich,Brighton,D,3.6,3.4,2.1,3.6,3.25,2.1,3.77,3.41,2.16
2021-10-16,Brentford,Chelsea,A,6.5,3.8,1.57,6.5,3.6,1.6,6.69,3.92,1.61
2021-10-17,Newcastle,Tottenham,A,3.5,3.6,2.05,3.5,3.5,2.05,3.57,3.66,2.13
2021-10-17,Everton,West Ham,A,2.5,3.4,2.8,2.5,3.2,2.9,2.57,3.37,2.98
2021-10-18,Arsenal,Crystal Palace,D,1.6,3.8,6.0,1.62,3.7,5.8,1.66,3.94,5.91
2021-10-22,Arsenal,Aston Villa,H,1.83,3.75,4.2,1.88,3.6,4.0,1.92,3.77,4.22
2021-10-23,Chelsea,Norwich,H,1.18,7.0,15.0,1.17,6.5,19.0,1.19,7.28,19.32
2021-10-23,Crystal Palace,Newcastle,D,1.9,3.6,4.0,1.95,3.5,3.8,1.99,3.7,3.98
2021-10-23,Everton,Watford,A,1.65,3.8,5.5,1.65,3.7,5.5,1.68,3.88,5.79
2021-10-23,Leeds,Wolves,D,2.4,3.4,2.87,2.5,3.25,2.8,2.67,3.46,2.79
2021-10-23,Southampton,Burnley,D,1.95,3.5,3.9,1.95,3.5,3.8,2.02,3.63,3.98
2021-10-23,Brighton,Man City,A,8.0,4.75,1.4,8.0,4.6,1.4,7.66,4.79,1.46
2021-10-24,Man United,Liverpool,A,3.1,3.6,2.2,3.0,3.5,2.25,3.15,3.73,2.29
2021-10-24,West Ham,Tottenham,H,2.3,3.5,3.0,2.38,3.4,2.9,2.32,3.54,3.23
2021-10-24,Brentford,Leicester,A,2.62,3.3,2.7,2.6,3.4,2.62,2.66,3.47,2.79
2021-10-30,Leicester,Arsenal,A,2.4,3.5,2.87,2.45,3.3,2.87,2.52,3.49,2.95
2021-10-30,Burnley,Brentford,H,2.6,3.3,2.75,2.6,3.2,2.75,2.73,3.31,2.84
2021-10-30,Liverpool,Brighton,D,1.22,6.5,13.0,1.22,6.0,13.0,1.25,6.92,11.52
2021-10-30,Man City,Crystal Palace,A,1.14,8.0,19.0,1.14,7.5,19.0,1.15,8.94,22.14
2021-10-30,Newcastle,Chelsea,A,8.5,5.0,1.36,9.0,4.75,1.35,9.28,4.96,1.4
2021-10-30,Watford,Southampton,A,3.2,3.3,2.3,3.1,3.3,2.3,3.22,3.4,2.39
2021-10-30,Tottenham,Man United,A,2.87,3.6,2.37,2.87,3.5,2.35,3.04,3.66,2.38
2021-10-31,Norwich,Leeds,A,3.4,3.5,2.1,3.4,3.4,2.1,3.58,3.7,2.11
2021-10-31,Aston Villa,West Ham,A,2.8,3.5,2.45,2.8,3.4,2.45,2.86,3.58,2.54
2021-11-01,Wolves,Everton,H,2.2,3.2,3.5,2.2,3.2,3.4,2.27,3.4,3.47
2021-11-05,Southampton,Aston Villa,H,1.95,3.6,3.75,2.0,3.5,3.6,2.04,3.71,3.79
2021-11-06,Man United,Man City,A,4.75,4.0,1.7,4.6,3.9,1.7,4.84,4.16,1.74
2021-11-06,Brentford,Norwich,A,1.6,4.0,5.75,1.61,3.7,5.8,1.63,4.05,6.06
2021-11-06,Chelsea,Burnley,D,1.25,6.0,12.0,1.25,5.8,12.0,1.27,6.08,13.48
2021-11-06,Crystal Palace,Wolves,H,2.45,3.2,3.0,2.45,3.1,3.0,2.56,3.17,3.17
2021-11-06,Brighton,Newcastle,D,1.57,3.9,6.0,1.6,3.8,5.8,1.63,4.11,6.04
2021-11-07,Leeds,Leicester,D,2.8,3.5,2.45,2.7,3.5,2.45,2.84,3.61,2.54
2021-11-07,West Ham,Liverpool,H,4.75,4.0,1.7,4.6,3.9,1.7,4.74,4.15,1.75
2021-11-07,Arsenal,Watford,H,1.36,4.75,8.5,1.38,4.6,8.5,1.41,4.98,8.73
2021-11-07,Everton,Tottenham,D,3.1,3.25,2.37,3.0,3.25,2.37,3.15,3.34,2.46
2021-11-20,Leicester,Chelsea,A,4.75,3.75,1.75,4.6,3.6,1.78,4.92,3.76,1.8
2021-11-20,Aston Villa,Brighton,H,2.45,3.3,2.9,2.4,3.2,3.0,2.48,3.33,3.14
2021-11-20,Burnley,Crystal Palace,D,2.7,3.2,2.7,2.7,3.1,2.7,2.79,3.29,2.79
2021-11-20,Newcastle,Brentford,D,2.62,3.4,2.7,2.6,3.3,2.7,2.67,3.42,2.81
2021-11-20,Norwich,Southampton,H,3.6,3.5,2.05,3.6,3.4,2.05,3.71,3.54,2.12
2021-11-20,Watford,Man United,H,6.5,4.75,1.45,6.0,4.33,1.5,6.25,4.69,1.53
2021-11-20,Wolves,West Ham,H,3.0,3.25,2.4,3.0,3.1,2.45,3.18,3.28,2.49
2021-11-20,Liverpool,Arsenal,H,1.45,4.75,6.5,1.47,4.4,6.5,1.47,5.0,6.84
2021-11-21,Man City,Everton,H,1.14,8.0,19.0,1.17,7.0,17.0,1.19,7.71,17.04
2021-11-21,Tottenham,Leeds,H,1.7,4.2,4.5,1.7,3.9,4.6,1.77,4.15,4.61
2021-11-27,Brighton,Leeds,D,2.05,3.4,3.75,2.05,3.25,3.75,2.14,3.44,3.78
2021-11-27,Liverpool,Southampton,H,1.28,6.0,9.0,1.28,5.5,10.0,1.3,6.08,10.1
2021-11-27,Norwich,Wolves,D,3.5,3.3,2.15,3.4,3.3,2.15,3.61,3.44,2.2
2021-11-27,Arsenal,Newcastle,H,1.44,4.75,7.0,1.44,4.6,6.5,1.48,4.95,6.77
2021-11-27,Crystal Palace,Aston Villa,A,2.2,3.4,3.3,2.2,3.3,3.3,2.3,3.4,3.42
2021-11-28,Chelsea,Man United,D,1.57,4.0,6.0,1.57,4.0,5.8,1.63,4.21,5.75
2021-11-28,Man City,West Ham,H,1.28,5.75,10.0,1.29,5.5,10.0,1.3,5.98,10.56
2021-11-28,Brentford,Everton,H,2.25,3.2,3.4,2.25,3.1,3.4,2.29,3.33,3.51
2021-11-28,Leicester,Watford,H,1.61,4.0,5.5,1.62,4.0,5.25,1.65,4.16,5.57
2021-11-30,Newcastle,Norwich,D,1.95,3.5,3.9,1.95,3.6,3.75,2.02,3.68,3.91
2021-11-30,Leeds,Crystal Palace,H,2.4,3.3,3.0,2.4,3.2,3.0,2.43,3.41,3.15
2021-12-01,Southampton,Leicester,D,2.37,3.5,2.87,2.38,3.3,3.0,2.47,3.56,2.98
2021-12-01,Watford,Chelsea,A,10.0,5.25,1.3,11.0,5.0,1.3,10.31,5.61,1.33
2021-12-01,West Ham,Brighton,D,1.95,3.6,3.8,2.0,3.4,3.8,2.05,3.6,3.87
2021-12-01,Wolves,Burnley,D,1.85,3.5,4.33,1.91,3.3,4.2,1.98,3.43,4.39
2021-12-01,Aston Villa,Man City,A,9.0,5.25,1.33,9.0,5.0,1.33,8.57,5.25,1.39
2021-12-01,Everton,Liverpool,A,7.5,5.25,1.36,7.5,4.8,1.38,7.67,5.17,1.43
2021-12-02,Man United,Arsenal,H,1.95,3.75,3.75,1.95,3.6,3.7,2.07,3.68,3.75
2021-12-02,Tottenham,Brentford,H,1.6,4.2,5.25,1.63,4.0,5.0,1.67,4.22,5.34
2021-12-04,West Ham,Chelsea,H,4.75,3.6,1.75,4.6,3.7,1.75,4.85,3.58,1.85
2021-12-04,Newcastle,Burnley,H,2.3,3.3,3.2,2.25,3.25,3.2,2.4,3.38,3.22
2021-12-04,Southampton,Brighton,D,2.45,3.2,3.0,2.45,3.0,3.1,2.48,3.25,3.22
2021-12-04,Wolves,Liverpool,A,8.0,4.75,1.4,7.5,4.5,1.42,8.08,4.72,1.45
2021-12-04,Watford,Man City,A,12.0,7.0,1.2,13.0,6.5,1.2,14.88,7.43,1.21
2021-12-05,Aston Villa,Leicester,H,2.37,3.4,3.0,2.35,3.4,2.9,2.38,3.49,3.17
2021-12-05,Leeds,Brentford,D,1.95,3.6,3.8,1.95,3.4,3.9,1.98,3.63,4.13
2021-12-05,Man United,Crystal Palace,H,1.5,4.33,6.5,1.55,4.0,6.0,1.59,4.13,6.46
2021-12-05,Tottenham,Norwich,H,1.36,5.0,8.5,1.4,4.4,8.5,1.43,4.9,8.28
2021-12-06,Everton,Arsenal,H,3.4,3.5,2.1,3.4,3.4,2.1,3.45,3.65,2.18
2021-12-10,Brentford,Watford,H,2.25,3.3,3.3,2.2,3.2,3.4,2.32,3.33,3.44
2021-12-11,Man City,Wolves,H,1.14,8.0,19.0,1.14,7.5,21.0,1.17,8.21,20.21
2021-12-11,Arsenal,Southampton,H,1.61,4.0,5.5,1.63,3.9,5.25,1.68,4.01,5.61
2021-12-11,Chelsea,Leeds,H,1.25,5.75,12.0,1.25,5.5,13.0,1.28,6.1,11.9
2021-12-11,Liverpool,Aston Villa,H,1.2,7.0,13.0,1.24,6.0,11.0,1.23,7.15,12.65
2021-12-11,Norwich,Man United,A,7.0,4.5,1.45,7.0,4.4,1.44,7.52,4.9,1.45
2021-12-12,Burnley,West Ham,D,3.6,3.6,2.0,3.5,3.5,2.05,3.74,3.75,2.05
2021-12-12,Leicester,Newcastle,H,1.66,4.1,4.75,1.72,3.9,4.4,1.78,4.01,4.71
2021-12-12,Crystal Palace,Everton,H,2.3,3.2,3.3,2.25,3.2,3.3,2.3,3.22,3.63
2021-12-14,Man City,Leeds,H,1.14,8.5,15.0,1.14,8.0,19.0,1.16,9.0,19.75
2021-12-14,Norwich,Aston Villa,A,3.3,3.3,2.25,3.4,3.0,2.3,3.45,3.3,2.33
2021-12-15,Brighton,Wolves,A,2.25,3.1,3.5,2.3,2.9,3.6,2.37,3.05,3.66
2021-12-15,Crystal Palace,Southampton,D,2.15,3.3,3.5,2.1,3.4,3.5,2.17,3.41,3.71
2021-12-15,Arsenal,West Ham,H,2.1,3.6,3.3,2.15,3.5,3.25,2.27,3.58,3.32
2021-12-16,Chelsea,Everton,D,1.22,6.5,13.0,1.24,5.8,12.0,1.24,6.36,14.4
2021-12-16,Liverpool,Newcastle,H,1.12,9.0,19.0,1.11,8.5,23.0,1.13,9.72,24.98
2021-12-18,Leeds,Arsenal,A,3.9,3.8,1.83,3.75,3.7,1.91,3.89,3.84,1.93
2021-12-19,Wolves,Chelsea,D,7.0,4.2,1.5,6.5,3.8,1.55,6.52,3.92,1.59
2021-12-19,Newcastle,Man City,A,13.0,7.5,1.18,17.0,7.0,1.17,16.21,7.42,1.18
2021-12-19,Tottenham,Liverpool,D,5.25,4.75,1.53,5.25,4.4,1.55,5.19,4.78,1.57
2021-12-26,Aston Villa,Chelsea,A,5.25,3.8,1.65,5.25,3.7,1.67,5.57,3.77,1.69
2021-12-26,Brighton,Brentford,H,1.9,3.4,4.2,1.95,3.4,4.0,1.95,3.49,4.25
2021-12-26,West Ham,Southampton,A,1.8,3.9,4.2,1.85,3.7,4.0,1.86,3.78,4.28
2021-12-26,Tottenham,Crystal Palace,H,1.72,3.8,4.75,1.7,3.7,5.0,1.7,3.91,5.21
2021-12-26,Norwich,Arsenal,A,8.0,4.75,1.4,7.5,4.4,1.42,8.02,4.81,1.42
2021-12-26,Man City,Leicester,H,1.18,7.5,13.0,1.18,7.0,15.0,1.19,7.91,13.72
2021-12-27,Newcastle,Man United,D,6.5,4.75,1.44,6.5,4.4,1.47,6.92,4.46,1.49
2021-12-28,Crystal Palace,Norwich,H,1.65,3.75,5.5,1.63,3.75,5.5,1.69,3.77,5.91
2021-12-28,Southampton,Tottenham,D,3.75,3.5,2.0,3.6,3.5,2.0,3.87,3.52,2.08
2021-12-28,Watford,West Ham,A,3.4,3.6,2.1,3.25,3.5,2.15,3.35,3.6,2.24
2021-12-28,Leicester,Liverpool,H,8.0,5.5,1.33,8.0,5.25,1.35,7.76,5.82,1.38
2021-12-29,Chelsea,Brighton,D,1.4,4.5,7.5,1.42,4.33,8.0,1.42,4.56,8.59
2021-12-29,Brentford,Man City,A,19.0,8.0,1.14,17.0,7.5,1.15,16.97,7.96,1.17
2021-12-30,Man United,Burnley,H,1.36,5.0,9.0,1.36,4.75,8.5,1.38,4.97,8.67
2022-01-01,Crystal Palace,West Ham,A,3.1,3.4,2.3,3.0,3.4,2.3,3.09,3.41,2.4
2022-01-01,Watford,Tottenham,A,5.0,4.2,1.61,5.25,3.9,1.63,5.42,4.25,1.62
2022-01-01,Arsenal,Man City,A,5.75,4.75,1.5,5.8,4.33,1.52,6.01,4.57,1.53
2022-01-02,Brentford,Aston Villa,H,3.0,3.3,2.4,2.9,3.25,2.45,3.09,3.3,2.46
2022-01-02,Everton,Brighton,A,2.75,3.2,2.62,2.7,3.1,2.7,2.87,3.08,2.78
2022-01-02,Leeds,Burnley,H,2.05,3.5,3.5,2.05,3.5,3.5,2.02,3.59,3.83
2022-01-02,Chelsea,Liverpool,D,3.1,3.5,2.25,3.1,3.4,2.25,3.14,3.6,2.29
2022-01-03,Man United,Wolves,A,1.53,4.33,6.0,1.55,3.9,6.5,1.56,4.37,5.98
2022-01-11,Southampton,Brentford,H,2.05,3.4,3.6,2.05,3.25,3.8,2.15,3.37,3.82
2022-01-12,West Ham,Norwich,H,1.28,5.5,10.0,1.3,5.0,11.0,1.32,5.53,10.04
2022-01-14,Brighton,Crystal Palace,D,2.05,3.3,3.8,2.05,3.2,3.9,2.11,3.29,4.08
2022-01-15,Aston Villa,Man United,D,2.87,3.5,2.4,2.9,3.4,2.35,2.89,3.51,2.49
2022-01-15,Wolves,Southampton,H,2.25,3.2,3.4,2.3,3.0,3.4,2.35,3.18,3.4
2022-01-15,Man City,Chelsea,H,1.65,4.0,5.0,1.67,3.75,5.25,1.72,3.79,5.2
2022-01-15,Newcastle,Watford,D,2.0,3.6,3.6,2.05,3.4,3.6,2.05,3.74,3.59
2022-01-15,Norwich,Everton,H,3.75,3.5,2.0,3.6,3.4,2.05,3.77,3.54,2.06
2022-01-16,Liverpool,Brentford,H,1.3,5.5,10.0,1.27,5.5,11.0,1.3,5.82,10.45
2022-01-16,West Ham,Leeds,A,1.61,4.2,5.0,1.63,4.0,5.0,1.65,4.28,5.13
2022-01-18,Brighton,Chelsea,D,4.75,3.75,1.72,5.0,3.5,1.72,4.75,3.79,1.78
2022-01-19,Leicester,Tottenham,A,3.0,3.5,2.3,3.0,3.3,2.35,3.12,3.41,2.38
2022-01-19,Brentford,Man United,A,4.5,3.7,1.8,4.4,3.5,1.83,4.68,3.46,1.88
2022-01-21,Watford,Norwich,A,2.0,3.5,3.75,2.05,3.4,3.6,2.09,3.53,3.66
2022-01-22,Southampton,Man City,D,10.0,6.5,1.25,11.0,5.5,1.27,10.23,6.18,1.27
2022-01-22,Man United,West Ham,H,1.85,3.8,4.0,1.91,3.7,3.75,1.93,3.85,3.9
2022-01-22,Brentford,Wolves,A,3.2,2.8,2.6,3.0,3.0,2.55,3.15,3.11,2.54
2022-01-22,Everton,Aston Villa,A,2.75,3.25,2.62,2.7,3.2,2.62,2.82,3.25,2.7
2022-01-22,Leeds,Newcastle,A,2.0,3.5,3.75,2.0,3.6,3.6,2.03,3.72,3.67
2022-01-23,Arsenal,Burnley,D,1.36,4.75,9.0,1.35,4.5,10.0,1.36,5.22,9.18
2022-01-23,Crystal Palace,Liverpool,A,6.0,4.2,1.53,5.8,4.0,1.57,5.75,4.14,1.61
2022-01-23,Leicester,Brighton,D,2.5,3.25,2.9,2.5,3.25,2.8,2.66,3.36,2.78
2022-01-23,Chelsea,Tottenham,H,1.61,4.2,5.0,1.67,3.8,5.0,1.7,4.17,4.82
2022-02-05,Burnley,Watford,D,2.2,3.25,3.5,2.2,3.2,3.4,2.19,3.27,3.69
2022-02-08,Burnley,Man United,D,5.5,4.0,1.61,5.8,3.9,1.6,6.09,4.13,1.62
2022-02-08,West Ham,Watford,H,1.55,4.2,5.75,1.47,4.4,6.5,1.54,4.42,6.7
2022-02-08,Newcastle,Everton,H,2.5,3.25,2.87,2.5,3.3,2.8,2.57,3.42,2.94
2022-02-09,Aston Villa,Leeds,D,1.8,3.8,4.2,1.78,3.8,4.2,1.83,4.0,4.4
2022-02-09,Tottenham,Southampton,A,1.6,4.0,5.5,1.57,4.0,5.8,1.61,4.19,6.03
2022-02-09,Man City,Brentford,H,1.1,9.5,23.0,1.1,9.0,23.0,1.12,10.16,25.77
2022-02-09,Norwich,Crystal Palace,D,3.5,3.25,2.15,3.4,3.3,2.15,3.66,3.38,2.21
2022-02-10,Liverpool,Leicester,H,1.25,6.5,10.0,1.24,6.0,11.0,1.26,6.84,11.21
2022-02-10,Wolves,Arsenal,A,3.5,3.2,2.2,3.4,3.2,2.2,3.72,3.28,2.23
2022-02-12,Man United,Southampton,D,1.6,4.0,5.5,1.6,4.2,5.25,1.63,4.32,5.53
2022-02-12,Brentford,Crystal Palace,D,2.55,3.1,3.0,2.62,3.0,2.9,2.77,3.08,2.98
2022-02-12,Everton,Leeds,H,2.25,3.5,3.0,2.3,3.6,2.88,2.37,3.58,3.12
2022-02-12,Watford,Brighton,A,3.5,3.3,2.05,3.6,3.25,2.1,3.85,3.38,2.14
2022-02-12,Norwich,Man City,A,15.0,8.0,1.16,15.0,8.0,1.15,18.96,7.94,1.18
2022-02-13,Burnley,Liverpool,A,10.0,5.25,1.28,11.0,5.25,1.29,10.82,6.03,1.29
2022-02-13,Newcastle,Aston Villa,H,2.7,3.3,2.62,2.7,3.5,2.5,2.78,3.48,2.67
2022-02-13,Tottenham,Wolves,A,1.7,3.6,5.5,1.65,3.7,5.5,1.69,3.82,5.86
2022-02-13,Leicester,West Ham,D,2.9,3.5,2.3,2.75,3.6,2.38,3.05,3.62,2.39
2022-02-15,Man United,Brighton,H,1.72,3.75,4.75,1.72,3.7,4.75,1.81,3.78,4.87
2022-02-19,Southampton,Everton,H,2.1,3.5,3.5,2.05,3.4,3.6,2.1,3.61,3.71
2022-02-19,Man City,Tottenham,A,1.28,6.0,10.0,1.27,5.5,11.0,1.29,6.05,11.91
2022-02-19,Liverpool,Norwich,H,1.1,9.0,23.0,1.1,9.0,23.0,1.13,9.98,26.49
2022-02-19,Crystal Palace,Chelsea,A,5.5,3.8,1.65,5.5,3.75,1.63,5.86,3.99,1.66
2022-02-19,Aston Villa,Watford,A,1.65,3.6,5.75,1.6,3.9,5.5,1.68,3.95,5.62
2022-02-19,Arsenal,Brentford,H,1.44,4.2,8.0,1.44,4.2,7.5,1.47,4.46,8.32
2022-02-19,West Ham,Newcastle,D,1.7,4.0,4.75,1.67,3.75,5.0,1.72,3.88,5.4
2022-02-19,Brighton,Burnley,A,1.66,3.5,6.0,1.65,3.6,5.8,1.67,3.78,6.18
2022-02-20,Leeds,Man United,A,3.9,3.8,1.85,3.9,3.75,1.85,4.12,3.84,1.93
2022-02-20,Wolves,Leicester,H,2.25,3.3,3.25,2.25,3.25,3.3,2.34,3.24,3.5
2022-02-23,Liverpool,Leeds,H,1.16,8.0,15.0,1.15,8.0,15.0,1.16,8.87,17.91
2022-02-23,Burnley,Tottenham,H,4.6,3.8,1.75,4.5,3.6,1.78,4.94,3.78,1.79
2022-02-23,Watford,Crystal Palace,A,3.1,3.3,2.3,3.2,3.1,2.35,3.24,3.24,2.47
2022-02-24,Arsenal,Wolves,H,1.65,3.8,5.5,1.63,3.6,5.8,1.65,3.9,6.08
2022-02-25,Southampton,Norwich,H,1.53,4.33,6.0,1.52,4.2,6.0,1.56,4.35,6.55
2022-02-26,Leeds,Tottenham,A,4.2,3.6,1.85,3.8,3.75,1.88,4.14,4.03,1.87
2022-02-26,Brentford,Newcastle,A,2.5,3.2,3.0,2.5,3.1,3.0,2.55,3.2,3.15
2022-02-26,Crystal Palace,Burnley,D,1.9,3.6,4.0,1.95,3.3,4.2,2.0,3.44,4.29
2022-02-26,Man United,Watford,D,1.3,5.5,9.5,1.32,5.0,9.5,1.36,5.67,8.94
2022-02-26,Brighton,Aston Villa,A,2.2,3.3,3.5,2.25,3.1,3.4,2.24,3.42,3.52
2022-02-26,Everton,Man City,A,10.0,5.75,1.28,11.0,5.8,1.25,10.59,6.17,1.29
2022-02-27,West Ham,Wolves,H,2.05,3.3,3.8,2.05,3.1,4.0,2.15,3.23,4.03
2022-03-01,Burnley,Leicester,A,2.9,3.4,2.4,2.88,3.2,2.5,2.98,3.39,2.55
2022-03-05,Liverpool,West Ham,H,1.28,5.75,9.5,1.29,5.5,9.5,1.3,5.99,10.58
2022-03-05,Wolves,Crystal Palace,A,2.3,3.1,3.4,2.3,3.1,3.3,2.43,3.08,3.5
2022-03-05,Newcastle,Brighton,H,2.75,3.2,2.62,2.62,3.2,2.7,2.82,3.23,2.8
2022-03-05,Norwich,Brentford,A,2.9,3.1,2.5,2.88,3.1,2.55,3.04,3.19,2.64
2022-03-05,Burnley,Chelsea,A,6.5,4.33,1.5,7.5,4.0,1.47,7.69,4.19,1.52
2022-03-05,Aston Villa,Southampton,H,2.3,3.5,3.0,2.3,3.4,3.0,2.42,3.49,3.1
2022-03-05,Leicester,Leeds,H,1.75,4.0,4.2,1.78,3.9,4.2,1.82,4.23,4.21
2022-03-06,Watford,Arsenal,A,6.0,4.0,1.57,6.0,3.9,1.57,6.29,4.03,1.62
2022-03-06,Man City,Man United,H,1.4,4.75,7.5,1.38,4.75,8.0,1.43,4.9,8.34
2022-03-07,Tottenham,Everton,H,1.57,3.8,5.75,1.6,4.0,5.5,1.61,4.27,5.97
2022-03-10,Norwich,Chelsea,A,11.0,4.75,1.3,11.0,5.25,1.29,14.15,5.78,1.28
2022-03-10,Southampton,Newcastle,A,2.0,3.75,3.5,2.0,3.6,3.6,1.99,3.78,3.89
2022-03-10,Wolves,Watford,H,1.75,3.6,4.5,1.83,3.4,4.6,1.84,3.56,5.02
2022-03-10,Leeds,Aston Villa,A,2.7,3.5,2.5,2.75,3.5,2.45,2.75,3.64,2.61
2022-03-12,Man United,Tottenham,H,2.2,3.4,3.25,2.15,3.4,3.3,2.22,3.66,3.35
2022-03-12,Brighton,Liverpool,A,6.0,4.33,1.5,6.0,4.2,1.52,6.65,4.44,1.54
2022-03-12,Brentford,Burnley,H,2.15,3.2,3.6,2.15,3.2,3.5,2.25,3.2,3.78
2022-03-13,Chelsea,Newcastle,H,1.3,5.25,11.0,1.32,5.0,10.0,1.34,5.17,10.18
2022-03-13,Everton,Wolves,A,2.3,3.2,3.3,2.25,3.2,3.3,2.37,3.2,3.48
2022-03-13,Leeds,Norwich,H,1.55,4.2,5.75,1.57,4.2,5.5,1.65,4.12,5.7
2022-03-13,Southampton,Watford,A,1.6,4.2,5.25,1.6,3.9,5.5,1.61,4.33,5.82
2022-03-13,West Ham,Aston Villa,H,2.25,3.3,3.3,2.3,3.2,3.2,2.41,3.3,3.28
2022-03-13,Arsenal,Leicester,H,1.5,4.5,6.0,1.5,4.33,6.0,1.54,4.62,6.22
2022-03-14,Crystal Palace,Man City,D,10.0,5.0,1.33,10.0,5.25,1.3,9.58,5.7,1.34
2022-03-16,Arsenal,Liverpool,A,3.5,4.0,1.9,3.75,3.8,1.88,3.78,4.12,1.93
2022-03-16,Brighton,Tottenham,A,3.3,3.3,2.25,3.2,3.25,2.3,3.38,3.37,2.33
2022-03-17,Everton,Newcastle,H,2.4,3.25,3.1,2.3,3.4,3.0,2.4,3.38,3.22
2022-03-18,Wolves,Leeds,A,2.1,3.5,3.4,2.1,3.4,3.4,2.17,3.53,3.6
2022-03-19,Aston Villa,Arsenal,A,3.0,3.3,2.4,2.9,3.5,2.35,3.06,3.48,2.45
2022-03-20,Leicester,Brentford,H,2.15,3.4,3.4,2.15,3.3,3.4,2.25,3.49,3.43
2022-03-20,Tottenham,West Ham,H,1.72,3.8,4.75,1.7,3.8,4.75,1.78,3.89,4.92
2022-04-02,Man United,Leicester,D,1.5,4.5,6.0,1.5,4.33,6.5,1.52,4.71,6.41
2022-04-02,Wolves,Aston Villa,H,3.0,3.1,2.55,3.0,3.0,2.55,3.11,3.13,2.63
2022-04-02,Leeds,Southampton,D,2.37,3.75,2.75,2.45,3.4,2.8,2.39,3.69,3.01
2022-04-02,Chelsea,Brentford,A,1.33,5.0,10.0,1.33,4.75,10.0,1.35,5.18,10.7
2022-04-02,Burnley,Man City,A,15.0,6.5,1.2,15.0,5.8,1.22,15.0,6.63,1.23
2022-04-02,Brighton,Norwich,D,1.5,4.0,7.0,1.47,4.0,7.5,1.53,4.08,7.94
2022-04-02,Liverpool,Watford,H,1.12,9.5,17.0,1.12,8.0,23.0,1.13,9.86,23.62
2022-04-03,West Ham,Everton,H,1.75,3.8,4.5,1.78,3.6,4.5,1.81,3.84,4.77
2022-04-03,Tottenham,Newcastle,H,1.5,4.33,6.5,1.5,4.2,6.5,1.53,4.42,6.87
2022-04-04,Crystal Palace,Arsenal,H,4.0,3.4,1.95,4.0,3.3,2.0,4.15,3.51,2.01
2022-04-06,Burnley,Everton,H,2.62,3.1,2.87,2.5,3.1,3.0,2.54,3.23,3.13
2022-04-08,Newcastle,Wolves,H,2.25,3.1,3.4,2.3,3.0,3.4,2.34,3.14,3.62
2022-04-09,Watford,Leeds,A,2.7,3.4,2.55,2.62,3.5,2.55,2.75,3.6,2.63
2022-04-09,Southampton,Chelsea,A,3.8,3.6,1.95,4.0,3.6,1.88,4.08,3.76,1.95
2022-04-09,Aston Villa,Tottenham,A,3.2,3.4,2.25,3.1,3.4,2.25,3.23,3.6,2.3
2022-04-09,Everton,Man United,H,4.6,3.75,1.75,4.5,3.6,1.78,4.52,3.89,1.83
2022-04-09,Arsenal,Brighton,A,1.61,3.8,5.75,1.63,3.75,5.5,1.67,3.95,5.85
2022-04-10,Norwich,Burnley,H,2.87,3.2,2.55,2.88,3.1,2.55,3.1,3.18,2.6
2022-04-10,Man City,Liverpool,D,2.0,3.75,3.5,2.0,3.6,3.5,2.1,3.75,3.56
2022-04-10,Brentford,West Ham,H,2.62,3.3,2.62,2.7,3.25,2.62,2.72,3.34,2.82
2022-04-10,Leicester,Crystal Palace,H,2.37,3.3,2.9,2.38,3.4,2.9,2.46,3.48,3.04
2022-04-16,Southampton,Arsenal,H,3.8,3.6,1.95,3.8,3.6,1.91,3.97,3.79,1.97
2022-04-16,Watford,Brentford,A,2.7,3.3,2.55,2.8,3.2,2.55,2.95,3.33,2.62
2022-04-16,Tottenham,Brighton,A,1.53,4.0,6.5,1.52,4.0,6.5,1.56,4.35,6.52
2022-04-16,Man United,Norwich,H,1.25,6.5,10.0,1.24,5.8,12.0,1.23,6.6,14.96
2022-04-17,West Ham,Burnley,D,1.7,3.8,5.0,1.73,3.7,4.8,1.73,3.99,5.11
2022-04-17,Newcastle,Leicester,H,2.2,3.4,3.3,2.2,3.3,3.3,2.25,3.46,3.46
2022-04-19,Liverpool,Man United,H,1.4,5.0,7.0,1.38,5.0,7.5,1.41,5.36,7.82
2022-04-20,Chelsea,Arsenal,A,1.83,3.6,4.33,1.83,3.5,4.4,1.88,3.77,4.42
2022-04-20,Everton,Leicester,D,2.25,3.4,3.25,2.3,3.4,3.0,2.32,3.52,3.26
2022-04-20,Newcastle,Crystal Palace,H,2.25,3.4,3.25,2.3,3.2,3.2,2.4,3.24,3.36
2022-04-20,Man City,Brighton,H,1.16,7.0,17.0,1.2,6.0,17.0,1.2,7.09,18.98
2022-04-21,Burnley,Southampton,H,2.75,3.25,2.62,2.7,3.4,2.55,2.75,3.48,2.69
2022-04-23,Brentford,Tottenham,D,4.33,3.5,1.85,4.2,3.5,1.85,4.39,3.78,1.88
2022-04-23,Man City,Watford,H,1.1,10.0,26.0,1.11,8.5,23.0,1.13,9.68,27.79
2022-04-23,Norwich,Newcastle,A,3.5,3.3,2.15,3.7,3.1,2.15,3.62,3.39,2.22
2022-04-23,Arsenal,Man United,H,2.05,3.5,3.5,2.05,3.5,3.5,2.13,3.64,3.58
2022-04-23,Leicester,Aston Villa,D,2.8,3.4,2.5,2.75,3.25,2.55,2.95,3.43,2.55
2022-04-24,Brighton,Southampton,D,2.1,3.4,3.6,2.15,3.2,3.6,2.19,3.34,3.76
2022-04-24,Burnley,Wolves,H,2.7,3.0,2.87,2.62,3.1,2.8,2.73,3.15,2.95
2022-04-24,Chelsea,West Ham,H,1.5,4.33,6.5,1.52,4.2,6.0,1.53,4.53,6.68
2022-04-24,Liverpool,Everton,H,1.18,7.0,15.0,1.2,6.5,15.0,1.18,7.75,18.0
2022-04-25,Crystal Palace,Leeds,D,2.05,3.5,3.5,2.0,3.5,3.6,2.11,3.69,3.6
2022-04-28,Man United,Chelsea,D,3.2,3.4,2.25,3.1,3.5,2.2,3.23,3.68,2.27
2022-04-30,Wolves,Brighton,A,2.7,3.2,2.75,2.7,3.0,2.8,2.77,3.23,2.85
2022-04-30,Watford,Burnley,A,2.6,3.3,2.75,2.62,3.2,2.7,2.71,3.4,2.78
2022-04-30,Leeds,Man City,A,8.5,6.0,1.3,10.0,5.5,1.29,9.72,6.15,1.32
2022-04-30,Aston Villa,Norwich,H,1.4,4.5,9.0,1.4,4.6,8.0,1.4,5.12,8.47
2022-04-30,Newcastle,Liverpool,A,8.5,5.0,1.36,8.0,4.6,1.4,8.02,4.99,1.43
2022-04-30,Southampton,Crystal Palace,A,2.4,3.3,3.1,2.35,3.3,3.0,2.47,3.35,3.13
2022-05-01,Everton,Chelsea,H,5.0,3.6,1.75,4.75,3.6,1.75,4.98,3.77,1.79
2022-05-01,Tottenham,Leicester,H,1.44,4.75,7.0,1.44,4.6,6.5,1.45,4.99,7.29
2022-05-01,West Ham,Arsenal,A,4.33,3.8,1.8,4.33,3.75,1.78,4.68,3.92,1.8
2022-05-02,Man United,Brentford,H,1.72,4.0,4.5,1.73,3.75,4.6,1.78,4.08,4.61
2022-05-07,Brighton,Man United,H,2.8,3.5,2.45,2.75,3.4,2.5,2.81,3.55,2.61
2022-05-07,Crystal Palace,Watford,H,1.65,4.0,5.0,1.65,3.8,5.25,1.7,3.95,5.45
2022-05-07,Liverpool,Tottenham,D,1.4,5.0,7.0,1.42,4.6,7.0,1.46,5.11,6.95
2022-05-07,Burnley,Aston Villa,A,3.0,3.3,2.4,2.9,3.3,2.4,3.07,3.34,2.52
2022-05-07,Brentford,Southampton,H,2.15,3.5,3.3,2.05,3.6,3.4,2.25,3.42,3.5
2022-05-07,Chelsea,Wolves,D,1.33,5.0,9.5,1.33,4.75,10.0,1.36,5.1,10.4
2022-05-08,Arsenal,Leeds,H,1.45,4.5,7.0,1.44,4.6,6.5,1.46,5.01,7.04
2022-05-08,Leicester,Everton,A,2.6,3.3,2.75,2.5,3.25,2.8,2.71,3.35,2.82
2022-05-08,Norwich,West Ham,A,4.5,3.8,1.75,4.2,3.7,1.8,4.68,3.88,1.81
2022-05-08,Man City,Newcastle,H,1.16,7.0,17.0,1.17,7.0,17.0,1.19,7.66,17.22
2022-05-10,Aston Villa,Liverpool,A,7.5,4.75,1.4,7.5,4.5,1.42,7.54,5.0,1.44
2022-05-11,Leeds,Chelsea,A,4.75,4.2,1.65,5.0,4.0,1.63,5.15,4.25,1.68
2022-05-11,Leicester,Norwich,H,1.44,4.75,7.0,1.42,4.5,7.5,1.45,5.12,7.2
2022-05-11,Watford,Everton,D,4.2,3.6,1.83,4.0,3.6,1.88,4.43,3.73,1.88
2022-05-11,Wolves,Man City,A,11.0,6.0,1.25,13.0,5.5,1.25,14.04,5.93,1.26
2022-05-12,Tottenham,Arsenal,H,2.05,3.75,3.5,2.1,3.5,3.4,2.18,3.61,3.49
2022-05-15,Wolves,Norwich,D,1.45,4.75,6.5,1.44,4.33,7.5,1.49,4.56,7.12
2022-05-15,Everton,Brentford,A,2.05,3.6,3.5,2.1,3.4,3.4,2.13,3.62,3.55
2022-05-15,West Ham,Man City,D,7.5,5.0,1.4,8.0,5.0,1.36,8.28,5.28,1.39
2022-05-15,Leeds,Brighton,D,2.62,3.5,2.62,2.7,3.4,2.55,2.75,3.56,2.62
2022-05-15,Watford,Leicester,A,3.8,3.5,1.95,3.6,3.5,2.0,3.7,3.8,2.02
2022-05-15,Aston Villa,Crystal Palace,D,2.0,3.5,3.75,2.0,3.5,3.6,2.09,3.56,3.72
2022-05-15,Tottenham,Burnley,H,1.33,5.25,9.0,1.33,5.0,9.0,1.34,5.53,9.3
2022-05-16,Newcastle,Arsenal,H,4.33,3.6,1.83,4.0,3.6,1.88,4.31,3.72,1.89
2022-05-17,Southampton,Liverpool,A,7.5,5.5,1.33,8.5,5.0,1.35,8.15,5.53,1.38
2022-05-19,Everton,Crystal Palace,H,1.9,3.4,4.33,1.95,3.3,4.2,1.98,3.46,4.25
2022-05-19,Aston Villa,Burnley,D,2.05,3.5,3.6,2.0,3.4,3.7,2.07,3.59,3.75
2022-05-19,Chelsea,Leicester,D,1.4,4.75,8.0,1.35,4.75,9.0,1.39,4.97,9.07
2022-05-22,Norwich,Tottenham,A,9.5,6.5,1.25,10.0,6.0,1.25,11.2,6.23,1.27
2022-05-22,Man City,Aston Villa,H,1.16,8.0,17.0,1.15,7.0,19.0,1.15,8.74,20.27
2022-05-22,Liverpool,Wolves,H,1.14,8.5,15.0,1.15,7.0,19.0,1.15,8.49,21.36
2022-05-22,Leicester,Southampton,H,1.85,4.0,3.8,1.88,3.8,3.75,1.88,4.13,3.91
2022-05-22,Crystal Palace,Man United,H,3.0,3.6,2.25,3.0,3.5,2.25,3.15,3.79,2.24
2022-05-22,Brighton,West Ham,H,2.37,3.5,2.9,2.4,3.4,2.88,2.38,3.69,2.97
2022-05-22,Burnley,Newcastle,A,2.25,3.4,3.2,2.2,3.3,3.3,2.27,3.51,3.3
2022-05-22,Brentford,Leeds,A,2.45,3.8,2.62,2.4,3.6,2.75,2.38,3.9,2.85
2022-05-22,Arsenal,Everton,H,1.36,4.75,9.0,1.35,4.75,9.0,1.37,5.13,9.24
2022-05-22,Chelsea,Watford,H,1.18,7.5,15.0,1.15,7.0,19.0,1.16,8.35,18.77
2022-08-05,Crystal Palace,Arsenal,A,4.2,3.6,1.85,4.4,3.5,1.83,4.5,3.65,1.89
2022-08-06,Tottenham,Southampton,H,1.33,5.5,8.5,1.35,5.0,8.5,1.37,5.39,9.11
2022-08-06,Everton,Chelsea,A,5.5,4.0,1.61,5.8,3.75,1.62,6.04,4.06,1.63
2022-08-06,Newcastle,Nott'm Forest,H,1.66,3.8,5.25,1.67,3.7,5.25,1.71,3.74,5.83
2022-08-06,Fulham,Liverpool,D,11.0,6.0,1.25,12.0,5.5,1.27,11.2,6.22,1.28
2022-08-06,Bournemouth,Aston Villa,H,3.75,3.5,2.0,3.75,3.3,2.05,3.93,3.58,2.04
2022-08-06,Leeds,Wolves,H,2.25,3.4,3.2,2.25,3.3,3.2,2.39,3.33,3.3
2022-08-07,Leicester,Brentford,D,2.0,3.75,3.5,2.0,3.6,3.5,2.07,3.69,3.74
2022-08-07,Man United,Brighton,A,1.6,4.2,5.25,1.6,3.9,5.5,1.65,4.14,5.68
2022-08-07,West Ham,Man City,A,8.0,5.0,1.36,9.0,5.0,1.33,8.58,5.48,1.38
2022-08-13,Brentford,Man United,H,3.75,3.5,2.0,3.8,3.5,1.95,3.82,3.64,2.06
2022-08-13,Wolves,Fulham,D,2.3,3.3,3.2,2.35,3.25,3.1,2.44,3.24,3.29
2022-08-13,Southampton,Leeds,D,2.25,3.5,3.1,2.25,3.4,3.1,2.34,3.55,3.18
2022-08-13,Man City,Bournemouth,H,1.06,13.0,29.0,1.05,13.0,34.0,1.07,13.82,41.0
2022-08-13,Arsenal,Leicester,H,1.53,4.33,5.75,1.53,4.2,5.8,1.58,4.34,6.22
2022-08-13,Aston Villa,Everton,H,1.8,3.5,4.75,1.8,3.4,4.75,1.83,3.55,5.12
2022-08-13,Brighton,Newcastle,D,2.45,3.2,3.0,2.38,3.25,3.0,2.48,3.24,3.22
2022-08-14,Nott'm Forest,West Ham,H,4.2,3.6,1.85,4.2,3.5,1.85,4.28,3.72,1.92
2022-08-14,Chelsea,Tottenham,D,2.25,3.4,3.2,2.25,3.3,3.2,2.28,3.52,3.35
2022-08-15,Liverpool,Crystal Palace,D,1.18,6.75,16.0,1.18,6.5,17.0,1.2,7.09,18.57
2022-08-20,Leicester,Southampton,A,1.83,4.0,4.0,1.85,3.75,3.9,1.86,4.09,4.12
2022-08-20,Fulham,Brentford,H,2.45,3.4,2.9,2.4,3.4,2.88,2.52,3.53,2.93
2022-08-20,Bournemouth,Arsenal,A,8.0,4.75,1.4,8.0,4.5,1.4,7.55,4.8,1.46
2022-08-20,Crystal Palace,Aston Villa,H,2.5,3.25,2.9,2.5,3.2,2.9,2.58,3.19,3.12
2022-08-20,Tottenham,Wolves,H,1.4,4.75,7.5,1.38,4.6,8.5,1.43,4.94,7.95
2022-08-20,Everton,Nott'm Forest,D,1.9,3.6,4.0,1.91,3.5,4.0,2.0,3.45,4.27
2022-08-21,Newcastle,Man City,D,7.5,5.0,1.36,9.0,4.8,1.35,9.43,5.22,1.37
2022-08-21,Leeds,Chelsea,H,5.75,4.5,1.53,5.25,4.33,1.57,6.23,4.6,1.54
2022-08-21,West Ham,Brighton,A,2.3,3.4,3.1,2.25,3.4,3.1,2.34,3.52,3.22
2022-08-22,Man United,Liverpool,H,5.25,4.33,1.6,5.25,4.33,1.57,5.39,4.35,1.64
2022-08-27,Arsenal,Fulham,H,1.3,5.75,9.0,1.29,5.5,9.5,1.33,5.83,9.75
2022-08-27,Southampton,Man United,A,4.2,4.0,1.8,4.2,4.0,1.75,4.31,4.0,1.85
2022-08-27,Brentford,Everton,D,2.0,3.5,3.75,2.05,3.4,3.6,2.1,3.49,3.84
2022-08-27,Brighton,Leeds,H,1.9,3.8,3.8,1.85,3.7,4.0,1.93,3.72,4.24
2022-08-27,Chelsea,Leicester,H,1.4,5.0,7.0,1.4,4.75,7.5,1.45,4.86,7.66
2022-08-27,Liverpool,Bournemouth,H,1.1,10.0,26.0,1.1,9.5,21.0,1.13,10.48,23.11
2022-08-27,Man City,Crystal Palace,H,1.18,7.5,13.0,1.18,7.0,15.0,1.2,7.5,16.26
2022-08-28,Aston Villa,West Ham,A,2.3,3.4,3.1,2.25,3.4,3.1,2.41,3.41,3.18
2022-08-28,Wolves,Newcastle,D,2.7,3.3,2.7,2.7,3.25,2.62,2.76,3.32,2.79
2022-08-28,Nott'm Forest,Tottenham,A,7.0,4.6,1.44,7.0,4.4,1.44,7.15,4.63,1.49
2022-08-30,Crystal Palace,Brentford,D,2.05,3.4,3.6,2.05,3.4,3.6,2.11,3.47,3.83
2022-08-30,Fulham,Brighton,H,3.1,3.3,2.3,3.2,3.2,2.3,3.26,3.44,2.36
2022-08-30,Southampton,Chelsea,H,5.25,4.0,1.61,5.25,4.0,1.62,5.28,4.24,1.67
2022-08-30,Leeds,Everton,D,2.15,3.5,3.3,2.1,3.4,3.4,2.16,3.61,3.53
2022-08-31,Liverpool,Newcastle,H,1.33,5.25,9.0,1.29,5.5,10.0,1.33,5.89,9.75
2022-08-31,Man City,Nott'm Forest,H,1.06,13.0,29.0,1.06,12.0,29.0,1.08,13.43,31.06
2022-08-31,West Ham,Tottenham,D,3.6,3.8,1.95,3.7,3.6,1.95,3.67,3.84,2.04
2022-08-31,Arsenal,Aston Villa,H,1.45,4.5,6.0,1.44,4.4,7.0,1.5,4.67,6.97
2022-08-31,Bournemouth,Wolves,D,3.5,3.3,2.15,3.5,3.4,2.1,3.52,3.43,2.24
2022-09-01,Leicester,Man United,A,3.4,3.75,2.05,3.3,3.7,2.05,3.45,3.86,2.11
2022-09-03,Wolves,Southampton,H,2.2,3.4,3.25,2.2,3.4,3.25,2.3,3.41,3.41
2022-09-03,Aston Villa,Man City,D,8.0,5.5,1.33,9.0,5.25,1.32,9.25,5.98,1.33
2022-09-03,Nott'm Forest,Bournemouth,A,1.95,3.5,3.8,2.0,3.4,3.8,2.05,3.51,4.0
2022-09-03,Tottenham,Fulham,H,1.5,4.5,6.5,1.47,4.33,6.5,1.52,4.63,6.51
2022-09-03,Chelsea,West Ham,H,1.55,4.5,5.5,1.53,4.2,5.8,1.58,4.37,6.17
2022-09-03,Brentford,Leeds,H,2.1,3.5,3.4,2.15,3.5,3.2,2.21,3.59,3.44
2022-09-03,Everton,Liverpool,D,7.0,4.75,1.4,8.0,4.75,1.38,8.08,5.21,1.41
2022-09-03,Newcastle,Crystal Palace,D,2.0,3.5,3.75,2.0,3.4,3.7,2.1,3.44,3.89
2022-09-04,Brighton,Leicester,H,1.83,3.5,4.5,1.83,3.4,4.5,1.85,3.63,4.85
2022-09-04,Man United,Arsenal,H,2.5,3.5,2.7,2.5,3.5,2.7,2.7,3.58,2.68
2022-09-16,Aston Villa,Southampton,H,2.1,3.5,3.5,2.05,3.5,3.5,2.14,3.62,3.6
2022-09-16,Nott'm Forest,Fulham,A,2.75,3.3,2.62,2.75,3.4,2.5,2.82,3.43,2.67
2022-09-17,Newcastle,Bournemouth,D,1.44,4.4,7.5,1.44,4.2,7.5,1.49,4.56,7.5
2022-09-17,Wolves,Man City,A,9.5,5.0,1.33,9.5,5.25,1.32,9.3,5.52,1.36
2022-09-17,Tottenham,Leicester,H,1.45,4.5,7.0,1.47,4.5,6.5,1.52,4.46,7.04
2022-09-18,Brentford,Arsenal,A,4.2,3.8,1.8,4.2,3.8,1.78,4.46,3.98,1.83
2022-09-18,Everton,West Ham,H,2.9,3.25,2.5,2.9,3.25,2.45,2.96,3.39,2.57
2022-10-01,West Ham,Wolves,H,1.95,3.5,4.2,1.91,3.4,4.2,2.01,3.42,4.31
2022-10-01,Southampton,Everton,A,2.15,3.4,3.4,2.15,3.4,3.3,2.23,3.48,3.49
2022-10-01,Fulham,Newcastle,A,3.0,3.4,2.37,3.0,3.3,2.35,3.11,3.57,2.38
2022-10-01,Liverpool,Brighton,D,1.33,5.25,8.5,1.36,5.0,8.0,1.38,5.49,8.42
2022-10-01,Crystal Palace,Chelsea,A,4.2,3.6,1.85,4.2,3.6,1.83,4.42,3.56,1.93
2022-10-01,Bournemouth,Brentford,D,3.3,3.4,2.2,3.3,3.4,2.15,3.45,3.49,2.25
2022-10-01,Arsenal,Tottenham,H,2.05,3.75,3.3,2.05,3.5,3.5,2.13,3.65,3.57
2022-10-02,Man City,Man United,H,1.33,5.75,7.5,1.33,5.25,8.5,1.37,5.91,7.74
2022-10-02,Leeds,Aston Villa,D,2.35,3.4,3.0,2.35,3.4,2.9,2.43,3.44,3.12
2022-10-03,Leicester,Nott'm Forest,H,1.75,4.0,4.33,1.73,3.9,4.4,1.78,4.2,4.48
2022-10-08,Bournemouth,Leicester,H,3.6,3.4,2.05,3.5,3.6,2.0,3.64,3.7,2.09
2022-10-08,Chelsea,Wolves,H,1.4,4.5,8.0,1.4,4.5,8.0,1.41,4.92,8.68
2022-10-08,Man City,Southampton,H,1.11,10.0,17.0,1.1,9.0,23.0,1.13,10.77,20.4
2022-10-08,Newcastle,Brentford,H,1.83,3.8,4.2,1.78,3.75,4.33,1.81,3.99,4.55
2022-10-08,Brighton,Tottenham,A,2.8,3.4,2.5,2.7,3.4,2.5,2.82,3.45,2.65
2022-10-09,Everton,Man United,A,3.6,3.5,2.05,3.5,3.5,2.05,3.62,3.67,2.11
2022-10-09,Arsenal,Liverpool,H,2.5,3.6,2.62,2.5,3.6,2.6,2.67,3.69,2.66
2022-10-09,Crystal Palace,Leeds,H,2.05,3.5,3.6,2.0,3.6,3.5,2.06,3.68,3.76
2022-10-09,West Ham,Fulham,H,1.72,3.8,4.75,1.75,3.75,4.5,1.79,3.9,4.82
2022-10-10,Nott'm Forest,Aston Villa,D,3.3,3.4,2.2,3.4,3.3,2.15,3.4,3.6,2.22
2022-10-14,Brentford,Brighton,H,3.1,3.4,2.3,3.2,3.25,2.25,3.32,3.52,2.29
2022-10-15,Leicester,Crystal Palace,D,2.3,3.4,3.1,2.25,3.4,3.1,2.38,3.55,3.12
2022-10-15,Fulham,Bournemouth,D,1.85,3.75,4.0,1.88,3.6,4.0,1.92,3.77,4.23
2022-10-15,Wolves,Nott'm Forest,H,1.7,3.75,5.0,1.7,3.7,5.0,1.74,3.78,5.41
2022-10-15,Tottenham,Everton,H,1.5,4.5,6.5,1.47,4.2,7.0,1.48,4.67,7.26
2022-10-16,Southampton,West Ham,D,2.9,3.4,2.4,2.88,3.4,2.38,3.08,3.42,2.47
2022-10-16,Liverpool,Man City,H,3.6,4.0,1.9,3.7,3.9,1.88,4.0,4.11,1.88
2022-10-16,Leeds,Arsenal,A,6.0,4.2,1.55,5.5,4.2,1.57,6.23,4.49,1.56
2022-10-16,Aston Villa,Chelsea,A,4.33,3.75,1.8,4.4,3.6,1.8,4.78,3.65,1.85
2022-10-16,Man United,Newcastle,D,1.95,3.8,3.5,1.95,3.7,3.6,2.04,3.71,3.8
2022-10-18,Brighton,Nott'm Forest,D,1.4,4.75,7.0,1.4,4.5,8.0,1.39,5.17,8.97
2022-10-18,Crystal Palace,Wolves,H,2.25,3.1,3.4,2.25,3.2,3.3,2.32,3.21,3.58
2022-10-19,Newcastle,Everton,H,1.6,3.8,5.75,1.63,3.9,5.25,1.65,4.06,5.81
2022-10-19,Liverpool,West Ham,H,1.4,5.0,7.0,1.4,4.75,7.5,1.45,5.1,7.08
2022-10-19,Man United,Tottenham,H,2.45,3.5,2.75,2.38,3.5,2.8,2.49,3.59,2.93
2022-10-19,Bournemouth,Southampton,A,2.62,3.3,2.62,2.7,3.25,2.6,2.76,3.4,2.74
2022-10-19,Brentford,Chelsea,D,4.75,3.8,1.72,4.6,3.75,1.73,4.85,3.93,1.78
2022-10-20,Fulham,Aston Villa,H,2.9,3.3,2.5,2.8,3.4,2.45,2.94,3.47,2.54
2022-10-20,Leicester,Leeds,H,2.25,3.6,3.0,2.3,3.4,3.0,2.36,3.65,3.08
2022-10-22,Nott'm Forest,Liverpool,H,11.0,6.0,1.25,11.0,5.8,1.25,11.14,5.8,1.3
2022-10-22,Everton,Crystal Palace,H,2.6,3.2,2.87,2.5,3.2,2.9,2.69,3.19,2.97
2022-10-22,Man City,Brighton,H,1.2,7.0,13.0,1.2,6.5,15.0,1.21,7.21,15.39
2022-10-22,Chelsea,Man United,D,2.05,3.5,3.5,2.1,3.4,3.4,2.15,3.54,3.64
2022-10-23,Wolves,Leicester,A,2.25,3.25,3.25,2.25,3.3,3.2,2.3,3.35,3.46
2022-10-23,Southampton,Arsenal,D,6.0,4.0,1.57,5.5,4.0,1.6,6.2,4.31,1.58
2022-10-23,Tottenham,Newcastle,A,2.05,3.5,3.5,2.05,3.5,3.5,2.12,3.62,3.63
2022-10-23,Aston Villa,Brentford,H,2.1,3.5,3.5,2.1,3.4,3.4,2.23,3.46,3.51
2022-10-23,Leeds,Fulham,A,2.05,3.5,3.6,2.0,3.5,3.6,2.06,3.69,3.75
2022-10-24,West Ham,Bournemouth,H,1.55,4.0,6.0,1.55,4.0,6.0,1.59,4.12,6.53
2022-10-29,Fulham,Everton,D,2.37,3.4,3.0,2.3,3.4,3.0,2.39,3.46,3.18
2022-10-29,Liverpool,Leeds,A,1.3,6.0,9.0,1.3,5.5,9.0,1.32,5.98,9.43
2022-10-29,Crystal Palace,Southampton,H,1.9,3.6,4.0,1.95,3.5,3.9,1.96,3.62,4.22
2022-10-29,Newcastle,Aston Villa,H,1.8,3.75,4.5,1.8,3.6,4.33,1.83,3.82,4.6
2022-10-29,Brentford,Wolves,D,2.2,3.4,3.3,2.15,3.3,3.4,2.24,3.5,3.44
2022-10-29,Brighton,Chelsea,H,3.0,3.3,2.4,3.0,3.25,2.38,3.17,3.43,2.41
2022-10-29,Bournemouth,Tottenham,A,5.0,3.8,1.7,5.0,3.8,1.67,5.41,3.85,1.72
2022-10-29,Leicester,Man City,A,10.0,6.5,1.25,9.5,5.5,1.29,9.62,5.93,1.32
2022-10-30,Arsenal,Nott'm Forest,H,1.2,7.0,12.0,1.2,6.5,15.0,1.2,7.4,16.85
2022-10-30,Man United,West Ham,H,1.66,4.0,4.8,1.7,3.9,4.75,1.71,4.05,5.14
2022-11-05,Everton,Leicester,A,2.4,3.3,3.0,2.35,3.3,3.0,2.48,3.36,3.12
2022-11-05,Nott'm Forest,Brentford,D,2.75,3.3,2.6,2.8,3.3,2.5,2.83,3.43,2.66
2022-11-05,Wolves,Brighton,A,3.3,3.3,2.25,3.4,3.3,2.15,3.49,3.33,2.3
2022-11-05,Leeds,Bournemouth,H,1.72,3.8,4.75,1.75,3.75,4.5,1.74,3.99,5.08
2022-11-05,Man City,Fulham,H,1.11,9.5,19.0,1.12,8.5,19.0,1.13,10.33,22.62
2022-11-06,Chelsea,Arsenal,A,2.55,3.4,2.7,2.6,3.25,2.7,2.72,3.5,2.71
2022-11-06,Aston Villa,Man United,H,3.3,3.8,2.1,3.4,3.5,2.1,3.38,3.63,2.22
2022-11-06,Southampton,Newcastle,A,4.0,3.6,1.9,3.9,3.6,1.91,4.22,3.71,1.93
2022-11-06,West Ham,Crystal Palace,A,1.9,3.4,4.2,1.88,3.4,4.2,1.95,3.56,4.34
2022-11-06,Tottenham,Liverpool,A,3.3,3.6,2.1,3.25,3.5,2.15,3.33,3.76,2.19
2022-11-12,West Ham,Leicester,A,2.05,3.4,3.75,2.05,3.5,3.5,2.14,3.56,3.64
2022-11-12,Wolves,Arsenal,A,6.0,4.2,1.55,6.0,4.2,1.53,6.5,4.3,1.56
2022-11-12,Tottenham,Leeds,H,1.65,4.2,4.75,1.6,4.2,5.0,1.67,4.35,5.15
2022-11-12,Newcastle,Chelsea,H,2.35,3.4,3.0,2.25,3.4,3.1,2.36,3.53,3.18
2022-11-12,Liverpool,Southampton,H,1.25,6.5,11.0,1.24,6.0,12.0,1.26,6.49,11.55
2022-11-12,Bournemouth,Everton,H,2.8,3.25,2.6,2.8,3.1,2.6,2.94,3.32,2.63
2022-11-12,Nott'm Forest,Crystal Palace,H,3.1,3.1,2.45,3.1,3.2,2.38,3.25,3.31,2.43
2022-11-12,Man City,Brentford,A,1.14,8.0,17.0,1.12,8.5,19.0,1.15,9.28,20.24
2022-11-13,Brighton,Aston Villa,A,1.83,3.75,4.2,1.85,3.5,4.2,1.88,3.84,4.33
2022-11-13,Fulham,Man United,A,3.8,3.8,1.9,3.9,3.75,1.85,4.0,4.02,1.91
2022-12-26,Aston Villa,Liverpool,A,4.75,4.0,1.7,4.6,4.0,1.7,4.51,4.09,1.79
2022-12-26,Southampton,Brighton,A,3.3,3.5,2.15,3.4,3.4,2.1,3.5,3.6,2.18
2022-12-26,Leicester,Newcastle,A,3.25,3.5,2.2,3.25,3.5,2.15,3.36,3.64,2.22
2022-12-26,Arsenal,West Ham,H,1.5,4.33,6.5,1.47,4.33,6.5,1.52,4.48,6.85
2022-12-26,Crystal Palace,Fulham,A,2.05,3.6,3.5,2.05,3.5,3.5,2.09,3.66,3.68
2022-12-26,Brentford,Tottenham,D,4.0,3.6,1.91,3.75,3.6,1.95,4.0,3.89,1.93
2022-12-26,Everton,Wolves,A,2.3,3.25,3.2,2.3,3.2,3.2,2.41,3.26,3.34
2022-12-27,Chelsea,Bournemouth,H,1.3,5.5,10.0,1.32,5.0,9.5,1.32,5.72,10.69
2022-12-27,Man United,Nott'm Forest,H,1.29,5.5,11.0,1.32,5.25,9.5,1.31,5.7,11.66
2022-12-28,Leeds,Man City,A,9.5,6.0,1.29,9.5,5.5,1.29,9.78,6.09,1.31
2022-12-30,West Ham,Brentford,A,2.0,3.6,3.6,2.0,3.5,3.6,2.08,3.66,3.73
2022-12-30,Liverpool,Leicester,H,1.29,6.0,9.5,1.27,5.8,10.0,1.31,6.08,9.55
2022-12-31,Wolves,Man United,A,4.0,3.6,1.91,3.9,3.5,1.95,4.16,3.71,1.94
2022-12-31,Bournemouth,Crystal Palace,A,2.8,3.3,2.5,2.9,3.2,2.5,2.97,3.32,2.6
2022-12-31,Fulham,Southampton,H,1.95,3.6,3.75,2.0,3.5,3.6,2.04,3.59,3.95
2022-12-31,Man City,Everton,D,1.13,9.0,19.0,1.11,8.5,23.0,1.16,7.97,23.85
2022-12-31,Newcastle,Leeds,D,1.45,4.5,7.0,1.44,4.5,7.0,1.49,4.8,6.8
2022-12-31,Brighton,Arsenal,A,3.4,3.5,2.1,3.4,3.5,2.1,3.6,3.62,2.13
2023-01-01,Tottenham,Aston Villa,A,1.67,4.0,5.0,1.65,3.9,5.0,1.7,4.21,5.01
2023-01-01,Nott'm Forest,Chelsea,D,5.0,3.8,1.7,5.0,3.7,1.7,5.43,3.98,1.7
2023-01-02,Brentford,Liverpool,H,5.5,4.33,1.55,5.5,4.33,1.53,5.76,4.56,1.58
2023-01-03,Arsenal,Newcastle,D,1.8,3.8,4.33,1.78,3.7,4.4,1.83,3.95,4.45
2023-01-03,Everton,Brighton,A,3.5,3.5,2.1,3.5,3.4,2.1,3.67,3.51,2.15
2023-01-03,Leicester,Fulham,A,2.2,3.6,3.1,2.2,3.5,3.1,2.26,3.73,3.2
2023-01-03,Man United,Bournemouth,H,1.29,5.5,11.0,1.29,5.5,10.0,1.29,6.02,10.83
2023-01-04,Southampton,Nott'm Forest,A,2.0,3.5,3.8,2.05,3.3,3.75,2.1,3.52,3.82
2023-01-04,Leeds,West Ham,D,2.6,3.5,2.6,2.6,3.5,2.55,2.65,3.59,2.73
2023-01-04,Aston Villa,Wolves,D,1.95,3.6,4.0,1.95,3.4,3.9,1.99,3.76,3.93
2023-01-04,Crystal Palace,Tottenham,A,3.4,3.5,2.15,3.4,3.4,2.1,3.39,3.58,2.23
2023-01-05,Chelsea,Man City,A,5.0,4.0,1.67,5.0,3.9,1.65,5.6,4.19,1.65
2023-01-12,Fulham,Chelsea,H,3.3,3.5,2.15,3.2,3.4,2.2,3.43,3.6,2.21
2023-01-13,Aston Villa,Leeds,H,1.91,3.6,4.0,1.95,3.5,3.9,1.96,3.7,4.11
2023-01-14,Brentford,Bournemouth,H,1.65,4.0,5.25,1.63,3.9,5.25,1.69,4.14,5.23
2023-01-14,Wolves,West Ham,H,2.63,3.3,2.7,2.62,3.2,2.7,2.75,3.29,2.82
2023-01-14,Nott'm Forest,Leicester,H,2.7,3.3,2.63,2.62,3.3,2.62,2.74,3.46,2.72
2023-01-14,Brighton,Liverpool,H,3.4,3.6,2.1,3.25,3.6,2.1,3.39,3.74,2.17
2023-01-14,Man United,Man City,H,4.2,3.6,1.85,4.2,3.8,1.8,4.26,3.98,1.86
2023-01-14,Everton,Southampton,A,2.25,3.25,3.3,2.25,3.3,3.2,2.28,3.48,3.36
2023-01-15,Chelsea,Crystal Palace,H,1.62,4.0,5.25,1.63,3.75,5.5,1.68,3.96,5.64
2023-01-15,Newcastle,Fulham,H,1.5,4.33,6.5,1.5,4.2,6.5,1.53,4.55,6.52
2023-01-15,Tottenham,Arsenal,A,3.1,3.6,2.2,3.25,3.5,2.15,3.34,3.71,2.21
2023-01-18,Crystal Palace,Man United,D,4.5,3.6,1.8,4.5,3.6,1.78,4.62,3.87,1.82
2023-01-19,Man City,Tottenham,H,1.36,5.0,8.5,1.35,5.0,8.5,1.39,5.58,7.8
2023-01-21,West Ham,Everton,H,1.8,3.75,4.75,1.78,3.5,4.75,1.82,3.65,5.0
2023-01-21,Crystal Palace,Newcastle,D,4.4,3.5,1.85,4.33,3.5,1.83,4.52,3.57,1.92
2023-01-21,Southampton,Aston Villa,A,2.88,3.25,2.55,2.8,3.3,2.5,2.96,3.4,2.57
2023-01-21,Liverpool,Chelsea,D,1.85,3.75,4.0,1.85,3.7,4.0,1.89,3.88,4.2
2023-01-21,Bournemouth,Nott'm Forest,D,2.75,3.1,2.75,2.7,3.1,2.7,2.86,3.15,2.82
2023-01-21,Leicester,Brighton,D,3.6,3.5,2.05,3.5,3.5,2.05,3.61,3.71,2.1
2023-01-22,Leeds,Brentford,D,2.38,3.6,2.88,2.35,3.5,2.88,2.39,3.72,2.99
2023-01-22,Man City,Wolves,H,1.2,8.0,11.0,1.18,7.0,15.0,1.2,7.65,14.95
2023-01-22,Arsenal,Man United,H,1.8,3.8,4.2,1.88,3.6,4.0,1.88,3.92,4.19
2023-01-23,Fulham,Tottenham,A,3.3,3.6,2.1,3.25,3.6,2.1,3.33,3.88,2.15
2023-02-03,Chelsea,Fulham,D,1.62,4.0,5.25,1.62,3.8,5.5,1.65,4.11,5.79
2023-02-04,Newcastle,West Ham,D,1.6,3.8,6.0,1.6,3.75,6.0,1.63,3.97,6.3
2023-02-04,Wolves,Liverpool,H,4.0,3.8,1.85,4.0,3.7,1.85,4.14,3.93,1.89
2023-02-04,Man United,Crystal Palace,H,1.4,4.75,8.0,1.4,4.5,8.0,1.41,4.91,8.97
2023-02-04,Brentford,Southampton,H,1.85,3.6,4.2,1.85,3.5,4.2,1.92,3.68,4.36
2023-02-04,Aston Villa,Leicester,A,1.95,3.6,3.8,1.95,3.6,3.75,2.02,3.63,3.95
2023-02-04,Everton,Arsenal,H,8.5,4.5,1.4,8.0,4.5,1.4,8.93,4.84,1.41
2023-02-04,Brighton,Bournemouth,H,1.33,5.25,8.5,1.33,4.8,9.5,1.35,5.42,9.88
2023-02-05,Nott'm Forest,Leeds,H,2.63,3.3,2.7,2.6,3.4,2.62,2.69,3.46,2.76
2023-02-05,Tottenham,Man City,H,4.33,4.2,1.73,4.4,4.0,1.73,4.44,4.23,1.78
2023-02-08,Man United,Leeds,D,1.45,5.0,6.0,1.47,4.5,6.5,1.48,4.98,6.69
2023-02-11,Bournemouth,Newcastle,D,6.5,4.0,1.53,6.5,3.9,1.55,6.53,4.08,1.6
2023-02-11,Southampton,Wolves,A,2.9,3.2,2.55,3.0,3.1,2.5,3.16,3.18,2.55
2023-02-11,Fulham,Nott'm Forest,H,1.91,3.5,4.33,1.91,3.5,4.0,1.94,3.57,4.37
2023-02-11,Leicester,Tottenham,H,3.4,3.6,2.1,3.3,3.6,2.1,3.46,3.7,2.16
2023-02-11,Arsenal,Brentford,D,1.44,4.75,7.0,1.42,4.5,7.5,1.47,4.77,7.32
2023-02-11,Crystal Palace,Brighton,D,3.8,3.5,2.0,3.7,3.4,2.0,3.9,3.56,2.06
2023-02-11,West Ham,Chelsea,D,3.3,3.3,2.25,3.3,3.2,2.25,3.43,3.37,2.3
2023-02-12,Leeds,Man United,A,3.75,3.8,1.91,3.7,3.7,1.91,3.98,3.87,1.94
2023-02-12,Man City,Aston Villa,H,1.25,6.5,11.0,1.24,6.0,12.0,1.26,6.66,11.78
2023-02-13,Liverpool,Everton,H,1.5,4.33,6.5,1.52,4.2,6.0,1.55,4.48,6.39
2023-02-15,Arsenal,Man City,A,2.9,3.5,2.35,2.88,3.4,2.4,2.95,3.6,2.46
2023-02-18,Newcastle,Liverpool,A,2.5,3.5,2.7,2.5,3.4,2.7,2.57,3.58,2.82
2023-02-18,Wolves,Bournemouth,A,1.67,3.6,6.0,1.67,3.7,5.25,1.69,3.86,5.78
2023-02-18,Everton,Leeds,H,2.4,3.3,3.0,2.45,3.25,2.9,2.53,3.36,3.03
2023-02-18,Nott'm Forest,Man City,D,8.5,5.5,1.3,10.0,5.5,1.29,10.3,5.67,1.33
2023-02-18,Brighton,Fulham,A,1.65,3.8,5.5,1.67,3.8,5.0,1.66,4.16,5.46
2023-02-18,Brentford,Crystal Palace,D,1.83,3.5,4.5,1.85,3.4,4.4,1.85,3.62,4.84
2023-02-18,Aston Villa,Arsenal,A,4.5,3.6,1.5,4.33,3.6,1.8,4.54,3.8,1.85
2023-02-18,Chelsea,Southampton,A,1.4,4.75,8.5,1.38,4.5,9.0,1.4,4.78,9.69
2023-02-19,Man United,Leicester,H,1.62,4.33,5.25,1.6,4.2,5.0,1.65,4.34,5.37
2023-02-19,Tottenham,West Ham,H,1.75,3.6,4.75,1.83,3.6,4.2,1.87,3.76,4.47
2023-02-24,Fulham,Wolves,D,2.5,3.2,3.0,2.5,3.2,2.9,2.59,3.26,3.04
2023-02-25,Bournemouth,Man City,A,10.0,5.75,1.29,11.0,5.5,1.27,9.67,5.74,1.3
2023-02-25,Everton,Aston Villa,A,2.5,3.2,3.0,2.5,3.2,2.9,2.59,3.25,3.05
2023-02-25,Leeds,Southampton,H,1.95,3.5,4.0,1.95,3.5,3.8,2.02,3.62,3.97
2023-02-25,Leicester,Arsenal,A,4.75,4.0,1.7,4.6,3.9,1.7,4.93,4.15,1.72
2023-02-25,West Ham,Nott'm Forest,H,1.75,3.6,5.0,1.78,3.5,4.8,1.81,3.63,5.16
2023-02-25,Crystal Palace,Liverpool,D,4.75,3.8,1.73,4.5,3.75,1.75,4.86,3.99,1.76
2023-02-26,Tottenham,Chelsea,H,2.55,3.25,2.9,2.5,3.2,2.88,2.59,3.36,2.96
2023-03-01,Arsenal,Everton,H,1.36,4.75,10.0,1.32,5.0,9.5,1.38,5.01,9.1
2023-03-01,Liverpool,Wolves,H,1.5,4.75,6.0,1.47,4.33,7.0,1.5,4.63,6.68
2023-03-04,Man City,Newcastle,H,1.45,4.5,7.0,1.44,4.4,7.0,1.52,4.6,6.5
2023-03-04,Arsenal,Bournemouth,H,1.22,7.0,12.0,1.2,6.5,13.0,1.22,6.83,13.69
2023-03-04,Aston Villa,Crystal Palace,H,2.05,3.3,3.8,2.05,3.3,3.8,2.08,3.37,3.99
2023-03-04,Brighton,West Ham,H,1.8,3.6,4.5,1.75,3.7,4.5,1.78,3.88,4.75
2023-03-04,Chelsea,Leeds,H,1.62,4.0,5.5,1.63,3.9,5.25,1.65,4.05,5.62
2023-03-04,Wolves,Tottenham,H,3.3,3.4,2.2,3.3,3.3,2.2,3.32,3.41,2.31
2023-03-04,Southampton,Leicester,H,2.75,3.3,2.6,2.7,3.25,2.6,2.85,3.3,2.67
2023-03-05,Nott'm Forest,Everton,D,2.7,3.0,2.88,2.62,3.0,2.88,2.7,3.11,2.98
2023-03-05,Liverpool,Man United,H,2.38,3.6,2.88,2.38,3.6,2.75,2.39,3.76,2.91
2023-03-06,Brentford,Fulham,H,1.95,3.6,3.75,2.0,3.5,3.6,2.0,3.76,3.82
2023-03-11,Bournemouth,Liverpool,H,7.5,5.0,1.4,7.0,4.6,1.42,7.07,5.07,1.44
2023-03-11,Everton,Brentford,H,2.7,3.25,2.7,2.62,3.2,2.7,2.75,3.23,2.82
2023-03-11,Leeds,Brighton,D,3.75,3.6,1.95,3.75,3.6,1.95,3.94,3.76,1.96
2023-03-11,Leicester,Chelsea,A,3.75,3.5,1.95,3.7,3.5,2.0,3.9,3.61,2.02
2023-03-11,Tottenham,Nott'm Forest,H,1.44,4.75,7.0,1.42,4.4,7.5,1.45,4.69,7.8
2023-03-11,Crystal Palace,Man City,A,9.0,4.75,1.36,9.0,5.0,1.33,9.18,5.2,1.37
2023-03-12,Fulham,Arsenal,A,6.0,4.0,1.57,5.8,4.0,1.57,6.02,4.23,1.59
2023-03-12,Man United,Southampton,D,1.36,5.0,9.0,1.33,5.0,9.0,1.34,5.33,10.01
2023-03-12,West Ham,Aston Villa,D,2.2,3.3,3.4,2.2,3.3,3.3,2.25,3.4,3.45
2023-03-12,Newcastle,Wolves,H,1.65,3.75,5.5,1.67,3.7,5.25,1.68,3.88,5.55
2023-03-15,Southampton,Brentford,A,2.88,3.25,2.5,2.9,3.25,2.45,3.05,3.36,2.49
2023-03-15,Brighton,Crystal Palace,H,1.44,4.2,8.0,1.44,4.2,7.5,1.47,4.51,7.72
2023-03-17,Nott'm Forest,Newcastle,A,5.5,3.8,1.62,5.5,3.7,1.65,5.81,3.87,1.68
2023-03-18,Aston Villa,Bournemouth,H,1.7,3.8,5.0,1.7,3.75,4.8,1.74,3.88,5.11
2023-03-18,Brentford,Leicester,D,1.91,3.6,3.75,1.95,3.6,3.75,1.95,3.79,3.94
2023-03-18,Southampton,Tottenham,D,4.75,3.6,1.75,4.5,3.5,1.8,4.62,3.78,1.82
2023-03-18,Wolves,Leeds,A,2.25,3.2,3.3,2.25,3.2,3.25,2.3,3.25,3.5
2023-03-18,Chelsea,Everton,D,1.5,4.2,7.5,1.47,4.0,7.5,1.5,4.19,7.95
2023-03-19,Arsenal,Crystal Palace,H,1.25,5.5,15.0,1.24,5.5,15.0,1.26,6.02,12.73
2023-04-01,Chelsea,Aston Villa,A,1.67,3.8,5.25,1.67,3.7,5.25,1.69,3.83,5.57
2023-04-01,Nott'm Forest,Wolves,D,3.0,3.1,2.55,2.88,3.1,2.55,3.01,3.16,2.64
2023-04-01,Crystal Palace,Leicester,H,2.5,3.25,2.9,2.5,3.2,2.88,2.56,3.28,3.02
2023-04-01,Brighton,Brentford,D,1.67,4.0,5.0,1.65,3.9,5.0,1.67,4.18,5.16
2023-04-01,Bournemouth,Fulham,H,2.55,3.3,2.8,2.55,3.25,2.75,2.56,3.44,2.89
2023-04-01,Arsenal,Leeds,H,1.29,6.0,9.0,1.27,5.5,11.0,1.29,5.97,10.92
2023-04-01,Man City,Liverpool,H,1.62,4.2,5.0,1.62,4.0,5.25,1.66,4.22,5.26
2023-04-02,West Ham,Southampton,H,1.73,3.6,5.0,1.73,3.6,5.0,1.77,3.89,4.82
2023-04-02,Newcastle,Man United,H,2.4,3.4,2.9,2.38,3.4,2.88,2.4,3.55,3.03
2023-04-03,Everton,Tottenham,D,3.4,3.3,2.2,3.5,3.2,2.15,3.44,3.45,2.24
2023-04-04,Bournemouth,Brighton,A,6.0,4.2,1.53,6.0,4.0,1.55,6.16,4.37,1.58
2023-04-04,Leeds,Nott'm Forest,H,1.7,3.75,5.0,1.73,3.6,5.0,1.72,3.97,5.23
2023-04-04,Leicester,Aston Villa,A,2.55,3.3,2.75,2.45,3.4,2.8,2.68,3.4,2.82
2023-04-04,Chelsea,Liverpool,D,2.2,3.4,3.25,2.25,3.3,3.2,2.26,3.51,3.4
2023-04-05,West Ham,Newcastle,A,3.6,3.25,2.15,3.5,3.3,2.15,3.63,3.46,2.15
2023-04-05,Man United,Brentford,H,1.65,4.0,5.0,1.63,4.0,5.0,1.67,4.23,5.09
2023-04-08,Man United,Everton,H,1.5,4.33,6.5,1.47,4.2,7.0,1.52,4.42,6.88
2023-04-08,Aston Villa,Nott'm Forest,H,1.6,4.2,5.25,1.6,3.8,5.8,1.64,4.16,5.5
2023-04-08,Brentford,Newcastle,A,3.6,3.4,2.05,3.7,3.3,2.05,3.58,3.58,2.13
2023-04-08,Fulham,West Ham,A,2.8,3.25,2.63,2.75,3.2,2.62,2.81,3.33,2.69
2023-04-08,Leicester,Bournemouth,A,1.83,3.75,4.2,1.83,3.6,4.2,1.91,3.76,4.18
2023-04-08,Tottenham,Brighton,H,2.55,3.5,2.7,2.5,3.5,2.7,2.58,3.68,2.72
2023-04-08,Wolves,Chelsea,H,4.2,3.5,1.91,4.2,3.3,1.95,4.28,3.58,1.93
2023-04-08,Southampton,Man City,A,11.0,6.0,1.25,13.0,5.8,1.24,12.65,6.46,1.24
2023-04-09,Liverpool,Arsenal,D,2.88,3.6,2.38,2.7,3.6,2.4,2.82,3.81,2.44
2023-04-09,Leeds,Crystal Palace,A,2.1,3.4,3.6,2.1,3.25,3.6,2.14,3.48,3.67
2023-04-15,Man City,Leicester,H,1.14,8.5,15.0,1.14,7.5,19.0,1.16,8.82,16.85
2023-04-15,Wolves,Brentford,H,2.45,3.1,3.0,2.45,3.1,3.0,2.57,3.26,3.01
2023-04-15,Tottenham,Bournemouth,A,1.45,4.5,7.0,1.47,4.33,7.0,1.49,4.68,6.8
2023-04-15,Aston Villa,Newcastle,H,3.6,3.4,2.05,3.6,3.3,2.1,3.71,3.47,2.13
2023-04-15,Everton,Fulham,A,2.05,3.4,3.7,2.05,3.25,3.8,2.08,3.48,3.85
2023-04-15,Chelsea,Brighton,A,2.63,3.4,2.63,2.62,3.3,2.62,2.67,3.52,2.72
2023-04-15,Southampton,Crystal Palace,A,2.8,3.1,2.7,2.75,3.2,2.6,2.88,3.19,2.73
2023-04-16,West Ham,Arsenal,D,6.0,4.2,1.55,5.8,4.0,1.57,6.14,4.29,1.57
2023-04-16,Nott'm Forest,Man United,A,5.5,4.0,1.62,5.0,3.8,1.67,5.07,4.01,1.71
2023-04-17,Leeds,Liverpool,A,4.2,4.2,1.73,4.33,4.0,1.73,4.39,4.42,1.74
2023-04-21,Arsenal,Southampton,D,1.2,7.0,13.0,1.18,7.0,15.0,1.21,7.62,14.32
2023-04-22,Liverpool,Nott'm Forest,H,1.17,7.5,17.0,1.17,7.0,17.0,1.19,7.71,15.51
2023-04-22,Leicester,Wolves,H,2.38,3.3,3.0,2.4,3.2,3.0,2.46,3.31,3.14
2023-04-22,Fulham,Leeds,H,2.3,3.4,3.1,2.35,3.4,2.9,2.44,3.47,3.03
2023-04-22,Brentford,Aston Villa,D,2.5,3.25,2.88,2.5,3.3,2.8,2.55,3.51,2.85
2023-04-22,Crystal Palace,Everton,D,2.05,3.2,3.75,2.1,3.2,3.75,2.15,3.28,3.87
2023-04-23,Bournemouth,West Ham,A,2.88,3.2,2.55,2.8,3.2,2.55,2.85,3.3,2.68
2023-04-23,Newcastle,Tottenham,H,1.83,3.75,4.2,1.85,3.7,4.0,1.84,3.94,4.31
2023-04-25,Wolves,Crystal Palace,H,2.45,3.2,3.0,2.5,3.0,3.1,2.56,3.15,3.13
2023-04-25,Aston Villa,Fulham,H,1.75,4.0,4.2,1.8,3.6,4.4,1.8,3.99,4.45
2023-04-25,Leeds,Leicester,D,2.3,3.5,3.0,2.35,3.4,2.9,2.39,3.59,3.02
2023-04-26,Nott'm Forest,Brighton,H,6.0,4.2,1.53,6.0,4.2,1.52,6.12,4.42,1.56
2023-04-26,Chelsea,Brentford,A,1.7,4.0,4.75,1.67,3.8,5.0,1.73,3.93,5.06
2023-04-26,West Ham,Liverpool,A,3.9,3.9,1.85,3.9,3.7,1.88,4.07,3.97,1.88
2023-04-26,Man City,Arsenal,H,1.55,4.5,5.25,1.52,4.33,5.8,1.57,4.52,5.71
2023-04-27,Tottenham,Man United,D,2.8,3.6,2.4,2.8,3.5,2.38,2.81,3.72,2.48
2023-04-27,Everton,Newcastle,A,4.75,3.6,1.73,4.75,3.5,1.78,5.03,3.83,1.75
2023-04-27,Southampton,Bournemouth,A,2.25,3.4,3.2,2.25,3.3,3.2,2.34,3.49,3.19
2023-04-29,Crystal Palace,West Ham,H,2.63,3.25,2.75,2.7,3.1,2.7,2.73,3.24,2.83
2023-04-29,Brentford,Nott'm Forest,H,1.65,3.8,5.5,1.65,3.7,5.5,1.68,3.92,5.54
2023-04-29,Brighton,Wolves,H,1.5,4.33,6.5,1.47,4.2,7.0,1.51,4.48,6.75
2023-04-30,Newcastle,Southampton,H,1.3,5.25,10.0,1.32,5.0,10.0,1.33,5.71,9.61
2023-04-30,Bournemouth,Leeds,H,2.55,3.5,2.7,2.55,3.4,2.7,2.65,3.57,2.69
2023-04-30,Fulham,Man City,A,12.0,6.0,1.25,12.0,5.8,1.24,11.97,6.48,1.25
2023-04-30,Man United,Aston Villa,H,1.73,3.9,4.6,1.78,3.75,4.33,1.81,4.03,4.34
2023-04-30,Liverpool,Tottenham,H,1.53,4.5,5.75,1.52,4.5,5.5,1.54,4.97,5.51
2023-05-01,Leicester,Everton,D,2.0,3.5,3.75,2.05,3.3,3.7,2.04,3.48,3.98
2023-05-02,Arsenal,Chelsea,H,1.6,4.0,5.5,1.57,4.0,5.8,1.59,4.32,5.96
2023-05-03,Liverpool,Fulham,H,1.25,5.75,11.0,1.25,5.8,11.0,1.27,6.5,10.02
2023-05-03,Man City,West Ham,H,1.2,7.0,13.0,1.18,7.0,15.0,1.21,7.27,13.54
2023-05-04,Brighton,Man United,H,1.95,3.5,3.75,2.0,3.7,3.4,2.05,3.84,3.57
2023-05-06,Bournemouth,Chelsea,A,3.3,3.5,2.15,3.4,3.4,2.1,3.46,3.55,2.19
2023-05-06,Man City,Leeds,H,1.17,8.5,15.0,1.15,7.5,17.0,1.18,8.6,14.23
2023-05-06,Tottenham,Crystal Palace,H,1.8,3.8,4.2,1.78,3.75,4.33,1.84,3.98,4.24
2023-05-06,Wolves,Aston Villa,H,2.88,3.3,2.5,3.0,3.2,2.45,3.06,3.31,2.51
2023-05-06,Liverpool,Brentford,H,1.44,5.0,6.0,1.47,4.6,6.0,1.49,5.09,6.17
2023-05-07,West Ham,Man United,H,3.4,3.75,2.05,3.3,3.6,2.1,3.57,3.78,2.07
2023-05-07,Newcastle,Arsenal,A,2.45,3.75,2.63,2.5,3.6,2.62,2.51,3.8,2.73
2023-05-08,Fulham,Leicester,H,2.63,3.5,2.6,2.6,3.5,2.55,2.71,3.61,2.62
2023-05-08,Brighton,Everton,A,1.33,5.25,9.0,1.33,5.0,9.0,1.38,5.34,8.38
2023-05-08,Nott'm Forest,Southampton,H,2.1,3.6,3.4,2.1,3.4,3.5,2.17,3.6,3.45
2023-05-13,Southampton,Fulham,A,2.75,3.3,2.5,2.88,3.3,2.45,2.84,3.56,2.54
2023-05-13,Leeds,Newcastle,D,4.33,4.2,1.7,4.6,4.0,1.7,4.62,4.33,1.71
2023-05-13,Aston Villa,Tottenham,H,2.25,3.6,2.9,2.2,3.5,3.1,2.34,3.72,3.01
2023-05-13,Chelsea,Nott'm Forest,D,1.5,4.5,6.0,1.5,4.2,6.5,1.51,4.47,6.88
2023-05-13,Crystal Palace,Bournemouth,H,1.83,3.6,4.2,1.83,3.6,4.2,1.88,3.82,4.24
2023-05-13,Man United,Wolves,H,1.36,5.0,7.5,1.36,4.8,8.5,1.38,5.24,8.6
2023-05-14,Everton,Man City,A,9.0,4.75,1.36,9.0,4.8,1.35,8.95,5.45,1.36
2023-05-14,Arsenal,Brighton,A,1.73,4.2,4.2,1.73,4.0,4.33,1.78,4.36,4.21
2023-05-14,Brentford,West Ham,H,2.0,3.5,3.6,2.05,3.4,3.6,2.06,3.65,3.71
2023-05-15,Leicester,Liverpool,A,5.25,4.33,1.57,5.0,4.4,1.57,4.99,4.74,1.61
2023-05-18,Newcastle,Brighton,H,2.0,3.8,3.5,2.0,3.7,3.4,2.06,3.95,3.44
2023-05-20,Tottenham,Brentford,A,1.83,3.9,4.0,1.83,3.6,4.2,1.85,3.99,4.16
2023-05-20,Bournemouth,Man United,A,6.0,4.75,1.5,6.5,4.5,1.47,5.87,4.84,1.53
2023-05-20,Fulham,Crystal Palace,D,2.45,3.4,2.9,2.38,3.3,3.0,2.49,3.39,3.03
2023-05-20,Liverpool,Aston Villa,D,1.45,5.0,6.25,1.47,4.5,6.5,1.5,5.07,5.94
2023-05-20,Wolves,Everton,D,2.75,3.3,2.6,2.7,3.25,2.6,2.81,3.36,2.67
2023-05-20,Nott'm Forest,Arsenal,H,5.25,4.33,1.57,5.5,4.33,1.55,5.37,4.47,1.61
2023-05-21,Man City,Chelsea,H,1.25,6.0,11.0,1.24,6.0,12.0,1.26,6.39,11.14
2023-05-21,West Ham,Leeds,H,2.4,3.5,2.88,2.4,3.4,2.88,2.51,3.65,2.82
2023-05-21,Brighton,Southampton,H,1.22,7.0,11.0,1.22,6.0,13.0,1.23,6.99,12.43
2023-05-22,Newcastle,Leicester,D,1.36,5.5,7.0,1.36,5.0,8.0,1.4,5.55,7.24
2023-05-24,Brighton,Man City,D,4.0,4.33,1.75,3.9,4.0,1.8,3.93,4.39,1.83
2023-05-25,Man United,Chelsea,H,1.6,4.33,5.0,1.6,4.2,5.0,1.63,4.49,5.19
2023-05-28,Leeds,Tottenham,A,2.75,3.8,2.3,2.6,3.5,2.2,2.81,3.93,2.36
2023-05-28,Southampton,Liverpool,D,6.5,4.75,1.44,6.0,4.75,1.33,6.68,5.29,1.43
2023-05-28,Leicester,West Ham,H,1.91,3.8,3.6,1.85,3.6,3.3,1.95,4.02,3.64
2023-05-28,Everton,Bournemouth,H,1.5,4.5,6.5,1.36,4.2,6.5,1.5,4.63,6.54
2023-05-28,Man United,Fulham,H,1.5,4.33,6.0,1.44,4.2,5.5,1.53,4.65,5.84
2023-05-28,Chelsea,Newcastle,D,2.9,3.5,2.38,2.75,3.4,2.15,2.89,3.74,2.38
2023-05-28,Brentford,Man City,H,3.8,4.0,1.83,3.5,3.7,1.75,4.04,4.1,1.84
2023-05-28,Aston Villa,Brighton,H,2.0,3.6,3.5,1.95,3.6,3.0,2.05,4.03,3.35
2023-05-28,Arsenal,Wolves,H,1.36,5.25,8.0,1.3,4.75,7.0,1.38,5.51,7.66
2023-05-28,Crystal Palace,Nott'm Forest,D,1.67,4.0,5.0,1.62,3.7,4.2,1.68,4.28,4.8
2023-08-11,Burnley,Man City,A,8.0,5.5,1.33,8.0,5.0,1.25,8.58,5.51,1.37
2023-08-12,Arsenal,Nott'm Forest,H,1.18,7.0,15.0,1.12,6.5,12.0,1.18,7.86,15.67
2023-08-12,Bournemouth,West Ham,D,2.7,3.4,2.55,2.62,3.2,2.3,2.7,3.47,2.71
2023-08-12,Brighton,Luton,H,1.33,5.5,9.0,1.25,4.6,8.5,1.33,5.65,9.61
2023-08-12,Everton,Fulham,A,2.2,3.4,3.3,2.1,3.2,3.0,2.27,3.45,3.35
2023-08-12,Sheffield United,Crystal Palace,A,3.0,3.3,2.38,2.75,3.1,2.3,3.28,3.22,2.43
2023-08-12,Newcastle,Aston Villa,H,1.75,3.75,4.6,1.67,3.5,4.2,1.77,3.92,4.77
2023-08-13,Chelsea,Liverpool,D,2.9,3.4,2.38,2.75,3.25,2.2,2.97,3.64,2.4
2023-08-13,Brentford,Tottenham,D,2.75,3.4,2.45,2.5,3.4,2.3,2.76,3.65,2.55
2023-08-14,Man United,Wolves,H,1.33,5.5,9.0,1.22,4.8,9.0,1.32,5.79,9.66
2023-08-18,Nott'm Forest,Sheffield United,H,1.95,3.4,4.0,1.8,3.2,3.9,1.97,3.48,4.37
2023-08-19,Fulham,Brentford,A,2.7,3.3,2.63,2.5,3.2,2.45,2.76,3.43,2.67
2023-08-19,Liverpool,Bournemouth,H,1.2,7.0,13.0,1.17,6.0,10.0,1.23,7.14,11.46
2023-08-19,Wolves,Brighton,A,4.0,3.8,1.85,3.5,3.4,1.83,4.12,3.92,1.88
2023-08-19,Tottenham,Man United,H,2.8,3.6,2.38,2.62,3.5,2.15,2.85,3.82,2.41
2023-08-19,Man City,Newcastle,H,1.67,4.0,5.0,1.57,3.7,4.6,1.73,4.1,4.8
2023-08-20,Aston Villa,Everton,H,1.7,4.0,4.5,1.6,3.5,4.75,1.72,3.99,5.06
2023-08-20,West Ham,Chelsea,H,3.75,3.5,2.0,3.6,3.3,1.85,3.68,3.57,2.1
2023-08-21,Crystal Palace,Arsenal,A,5.5,4.0,1.6,5.5,3.9,1.44,5.73,4.12,1.63
2023-08-25,Chelsea,Luton,H,1.29,5.5,11.0,1.2,5.5,9.0,1.3,6.08,10.68
2023-08-26,Brighton,West Ham,A,1.53,4.75,5.25,1.4,4.2,5.8,1.54,4.74,5.81
2023-08-26,Man United,Nott'm Forest,H,1.3,6.0,8.0,1.25,5.0,8.0,1.32,5.98,9.11
2023-08-26,Everton,Wolves,A,2.3,3.3,3.2,2.2,3.0,3.0,2.34,3.32,3.34
2023-08-26,Arsenal,Fulham,D,1.2,7.0,13.0,1.15,6.0,11.0,1.24,6.07,15.25
2023-08-26,Bournemouth,Tottenham,A,3.8,3.75,1.91,3.4,3.5,1.83,3.72,4.04,1.95
2023-08-26,Brentford,Crystal Palace,D,2.15,3.4,3.5,1.95,3.2,3.4,2.17,3.43,3.62
2023-08-27,Burnley,Aston Villa,A,3.4,3.4,2.15,3.2,3.25,2.0,3.39,3.65,2.18
2023-08-27,Sheffield United,Man City,A,13.0,8.0,1.17,13.0,6.5,1.12,16.72,7.73,1.18
2023-08-27,Newcastle,Liverpool,A,2.2,3.75,3.0,2.05,3.6,2.75,2.2,3.95,3.13
2023-09-01,Luton,West Ham,A,4.75,3.8,1.73,3.75,3.5,1.75,4.82,4.04,1.75
2023-09-02,Brighton,Newcastle,H,2.5,3.8,2.55,2.25,3.4,2.6,2.59,3.94,2.58
2023-09-02,Man City,Fulham,H,1.17,8.0,15.0,1.08,7.5,15.0,1.15,8.93,18.11
2023-09-02,Chelsea,Nott'm Forest,A,1.4,4.5,8.5,1.3,4.33,7.5,1.39,5.1,8.62
2023-09-02,Burnley,Tottenham,A,3.6,4.0,1.85,3.4,3.4,1.85,3.97,4.04,1.88
2023-09-02,Brentford,Bournemouth,D,1.73,3.8,4.75,1.55,3.75,4.75,1.75,4.14,4.62
2023-09-02,Sheffield United,Everton,D,2.9,3.25,2.5,2.9,3.1,2.2,3.06,3.27,2.53
2023-09-03,Crystal Palace,Wolves,H,1.91,3.3,4.33,1.85,3.2,3.6,1.97,3.5,4.25
2023-09-03,Liverpool,Aston Villa,H,1.65,4.5,4.5,1.5,4.2,4.6,1.68,4.61,4.6
2023-09-03,Arsenal,Man United,H,1.75,3.8,4.5,1.67,3.7,3.9,1.77,4.08,4.55
2023-09-16,West Ham,Man City,A,7.0,4.5,1.45,5.8,4.2,1.4,6.58,4.7,1.5
2023-09-16,Tottenham,Sheffield United,H,1.29,5.5,11.0,1.22,5.0,9.0,1.29,6.08,10.21
2023-09-16,Man United,Brighton,A,2.15,4.0,2.88,2.0,3.6,2.9,2.25,4.02,2.99
2023-09-16,Newcastle,Brentford,H,1.53,4.2,6.0,1.44,3.9,5.5,1.54,4.47,6.3
2023-09-16,Aston Villa,Crystal Palace,H,1.91,3.6,4.0,1.8,3.1,4.0,1.93,3.76,4.1
2023-09-16,Wolves,Liverpool,A,6.0,5.0,1.45,6.0,4.4,1.36,6.66,4.98,1.47
2023-09-16,Fulham,Luton,H,1.67,3.75,5.5,1.57,3.5,5.0,1.68,4.03,5.31
2023-09-17,Bournemouth,Chelsea,D,4.33,3.75,1.8,4.0,3.7,1.65,4.39,4.05,1.8
2023-09-17,Everton,Arsenal,A,6.0,4.5,1.5,5.8,4.2,1.4,6.3,4.54,1.53
2023-09-18,Nott'm Forest,Burnley,D,2.2,3.5,3.25,2.05,3.2,3.1,2.23,3.58,3.33
2023-09-23,Crystal Palace,Fulham,D,1.91,3.4,4.2,1.8,3.25,3.8,1.99,3.54,4.11
2023-09-23,Luton,Wolves,D,3.25,3.4,2.2,3.2,3.1,2.05,3.26,3.47,2.31
2023-09-23,Man City,Nott'm Forest,H,1.14,8.5,15.0,1.1,7.0,13.0,1.15,9.04,17.91
2023-09-23,Brentford,Everton,A,1.8,3.8,4.2,1.65,3.5,4.33,1.81,3.8,4.67
2023-09-23,Burnley,Man United,A,4.2,4.2,1.73,4.2,3.7,1.62,4.28,4.31,1.77
2023-09-24,Sheffield United,Newcastle,A,7.0,4.75,1.44,6.5,4.2,1.36,7.05,4.98,1.45
2023-09-24,Liverpool,West Ham,H,1.4,5.0,7.0,1.33,4.6,6.5,1.4,5.67,7.21
2023-09-24,Brighton,Bournemouth,H,1.36,5.25,7.5,1.29,5.0,7.0,1.41,5.08,7.9
2023-09-24,Arsenal,Tottenham,D,1.67,4.33,4.33,1.65,3.8,3.9,1.68,4.45,4.69
2023-09-24,Chelsea,Aston Villa,A,1.91,3.75,3.8,1.75,3.5,3.7,1.93,3.9,3.93
2023-09-30,Aston Villa,Brighton,H,2.55,3.75,2.55,2.5,3.9,2.45,2.58,3.96,2.58
2023-09-30,Bournemouth,Arsenal,A,5.5,4.5,1.53,5.8,4.5,1.5,5.59,4.77,1.56
2023-09-30,Everton,Luton,A,1.57,3.8,6.5,1.6,3.9,5.8,1.62,3.94,6.24
2023-09-30,Man United,Crystal Palace,A,1.55,4.2,5.75,1.53,4.2,5.8,1.57,4.36,5.96
2023-09-30,Newcastle,Burnley,H,1.3,5.75,9.0,1.3,5.5,9.0,1.34,5.67,9.15
2023-09-30,West Ham,Sheffield United,H,1.45,4.5,7.0,1.4,4.75,7.0,1.44,4.94,7.44
2023-09-30,Wolves,Man City,H,8.0,5.75,1.33,9.5,5.5,1.29,9.61,5.75,1.33
2023-09-30,Tottenham,Liverpool,H,2.9,4.0,2.15,2.88,4.0,2.15,2.98,4.12,2.23
2023-10-01,Nott'm Forest,Brentford,D,2.75,3.1,2.7,2.75,3.4,2.5,2.84,3.29,2.69
2023-10-02,Fulham,Chelsea,A,3.6,3.5,2.05,3.6,3.5,2.0,3.93,3.45,2.06
2023-10-03,Luton,Burnley,A,2.9,3.0,2.63,2.88,3.1,2.6,2.94,3.23,2.65
2023-10-07,Luton,Tottenham,A,6.0,4.75,1.45,6.5,4.6,1.44,6.91,4.98,1.46
2023-10-07,Burnley,Chelsea,A,4.5,3.8,1.73,4.75,3.8,1.7,4.58,3.98,1.78
2023-10-07,Everton,Bournemouth,H,1.91,3.6,3.8,1.91,3.7,3.7,1.99,3.71,3.88
2023-10-07,Fulham,Sheffield United,H,1.62,3.8,6.0,1.6,3.9,5.5,1.64,4.0,5.9
2023-10-07,Man United,Brentford,H,1.67,4.2,4.75,1.65,4.2,4.6,1.7,4.23,4.87
2023-10-07,Crystal Palace,Nott'm Forest,D,2.2,3.1,3.6,2.15,3.25,3.5,2.26,3.3,3.54
2023-10-08,Brighton,Liverpool,D,3.0,3.8,2.2,2.88,4.2,2.1,3.14,4.02,2.17
2023-10-08,West Ham,Newcastle,D,3.2,3.75,2.1,3.3,3.7,2.05,3.41,3.79,2.12
2023-10-08,Wolves,Aston Villa,D,3.5,3.4,2.1,3.3,3.6,2.1,3.39,3.64,2.18
2023-10-08,Arsenal,Man City,H,2.9,3.3,2.4,2.75,3.6,2.4,2.99,3.49,2.46
2023-10-21,Sheffield United,Man United,A,6.5,5.25,1.4,7.5,5.0,1.4,7.57,5.24,1.41
2023-10-21,Chelsea,Arsenal,D,3.2,3.4,2.25,3.0,3.5,2.25,3.33,3.5,2.26
2023-10-21,Nott'm Forest,Luton,D,1.67,3.75,5.5,1.62,3.8,5.5,1.7,3.89,5.43
2023-10-21,Newcastle,Crystal Palace,H,1.45,4.5,7.0,1.44,4.5,7.5,1.46,4.63,7.7
2023-10-21,Liverpool,Everton,H,1.33,5.75,7.5,1.33,5.5,8.0,1.37,5.77,7.65
2023-10-21,Brentford,Burnley,H,1.83,3.75,4.2,1.75,3.8,4.4,1.87,3.77,4.37
2023-10-21,Bournemouth,Wolves,A,2.38,3.4,3.0,2.38,3.5,2.8,2.45,3.49,3.01
2023-10-21,Man City,Brighton,H,1.4,5.25,6.5,1.4,5.5,6.5,1.42,5.45,6.93
2023-10-22,Aston Villa,West Ham,H,1.85,3.6,4.0,1.85,3.9,3.75,1.9,3.93,4.01
2023-10-23,Tottenham,Fulham,H,1.5,4.5,6.0,1.5,4.6,5.8,1.51,4.85,6.06
2023-10-27,Crystal Palace,Tottenham,A,4.5,3.75,1.75,4.6,3.75,1.73,4.7,3.84,1.79
2023-10-28,Wolves,Newcastle,D,4.2,4.0,1.75,4.33,3.9,1.75,4.22,3.99,1.84
2023-10-28,Bournemouth,Burnley,H,2.15,3.5,3.3,2.1,3.6,3.25,2.1,3.76,3.49
2023-10-28,Chelsea,Brentford,A,1.65,4.0,5.25,1.62,4.0,5.5,1.66,4.15,5.32
2023-10-28,Arsenal,Sheffield United,H,1.13,8.5,19.0,1.1,9.0,23.0,1.13,10.16,21.31
2023-10-29,West Ham,Everton,A,2.15,3.5,3.3,2.1,3.7,3.2,2.18,3.62,3.41
2023-10-29,Aston Villa,Luton,H,1.25,6.5,9.5,1.25,6.0,10.0,1.28,6.23,10.8
2023-10-29,Brighton,Fulham,D,1.55,4.2,5.5,1.53,4.4,5.5,1.59,4.65,5.36
2023-10-29,Liverpool,Nott'm Forest,H,1.29,5.75,11.0,1.25,6.5,10.0,1.27,6.51,10.09
2023-10-29,Man United,Man City,A,5.0,3.8,1.67,4.8,4.0,1.65,5.16,4.07,1.69
2023-11-04,Man City,Bournemouth,H,1.1,11.0,19.0,1.06,10.0,26.0,1.08,12.84,29.22
2023-11-04,Newcastle,Arsenal,H,2.8,3.2,2.6,2.7,3.4,2.45,2.83,3.41,2.59
2023-11-04,Sheffield United,Wolves,H,3.8,3.5,2.0,3.6,3.6,1.91,3.91,3.68,1.97
2023-11-04,Everton,Brighton,D,3.1,3.6,2.2,3.0,3.8,2.1,3.1,3.87,2.21
2023-11-04,Burnley,Crystal Palace,A,2.75,3.25,2.6,2.8,3.0,2.6,2.89,3.24,2.65
2023-11-04,Brentford,West Ham,H,2.05,3.6,3.5,2.0,3.7,3.3,2.07,3.74,3.52
2023-11-04,Fulham,Man United,A,3.2,3.6,2.2,3.2,3.5,2.1,3.22,3.68,2.22
2023-11-05,Nott'm Forest,Aston Villa,H,4.2,3.75,1.85,3.9,3.8,1.8,4.17,3.76,1.89
2023-11-05,Luton,Liverpool,D,12.0,6.5,1.22,11.0,6.5,1.2,11.23,6.76,1.24
2023-11-06,Tottenham,Chelsea,A,2.0,3.75,3.5,2.1,3.7,3.0,2.14,3.73,3.34
2023-11-11,Wolves,Tottenham,H,3.1,3.75,2.2,3.0,3.7,2.1,3.11,3.78,2.23
2023-11-11,Arsenal,Burnley,H,1.18,7.0,17.0,1.15,7.0,15.0,1.19,7.47,14.74
2023-11-11,Crystal Palace,Everton,A,2.45,3.2,3.0,2.38,3.2,2.9,2.45,3.2,3.19
2023-11-11,Man United,Luton,H,1.33,5.25,9.5,1.3,5.5,9.0,1.31,5.86,9.36
2023-11-11,Bournemouth,Newcastle,H,4.75,4.0,1.73,4.5,4.0,1.65,4.52,4.06,1.76
2023-11-12,Chelsea,Man City,D,5.0,3.7,1.73,4.8,3.7,1.67,4.92,3.8,1.75
2023-11-12,West Ham,Nott'm Forest,H,1.85,3.6,4.0,1.83,3.7,3.8,1.89,3.79,4.1
2023-11-12,Aston Villa,Fulham,H,1.57,4.2,5.5,1.53,4.2,5.5,1.6,4.27,5.67
2023-11-12,Brighton,Sheffield United,D,1.25,5.75,13.0,1.2,6.5,12.0,1.24,6.8,11.28
2023-11-12,Liverpool,Brentford,H,1.4,5.0,6.5,1.36,5.0,7.0,1.41,5.26,7.17
2023-11-25,Man City,Liverpool,D,1.73,4.2,4.2,1.65,4.33,4.2,1.75,4.37,4.24
2023-11-25,Burnley,West Ham,A,3.4,3.5,2.05,3.25,3.7,2.0,3.58,3.54,2.12
2023-11-25,Luton,Crystal Palace,H,3.6,3.3,2.1,3.4,3.4,2.05,3.7,3.41,2.13
2023-11-25,Newcastle,Chelsea,H,2.55,3.5,2.63,2.45,3.5,2.6,2.65,3.46,2.73
2023-11-25,Nott'm Forest,Brighton,A,3.2,3.6,2.15,3.0,3.6,2.15,3.32,3.63,2.19
2023-11-25,Sheffield United,Bournemouth,A,3.2,3.5,2.2,3.1,3.6,2.1,3.36,3.54,2.2
2023-11-25,Brentford,Arsenal,A,4.5,3.75,1.75,4.33,3.75,1.73,4.74,3.82,1.78
2023-11-26,Tottenham,Aston Villa,A,2.3,3.8,2.8,2.25,3.9,2.7,2.36,3.93,2.82
2023-11-26,Everton,Man United,A,2.7,3.4,2.55,2.7,3.6,2.38,2.75,3.51,2.6
2023-11-27,Fulham,Wolves,H,2.38,3.3,3.0,2.3,3.4,2.9,2.45,3.37,3.05
2023-12-02,Newcastle,Man United,H,1.91,3.75,3.8,1.85,3.8,3.7,1.9,3.87,4.0
2023-12-02,Nott'm Forest,Everton,A,2.75,3.25,2.6,2.62,3.4,2.5,2.85,3.31,2.64
2023-12-02,Arsenal,Wolves,H,1.25,5.5,12.0,1.22,5.8,12.0,1.29,5.9,10.82
2023-12-02,Brentford,Luton,H,1.45,4.5,6.5,1.44,4.4,6.5,1.45,4.83,7.07
2023-12-02,Burnley,Sheffield United,H,1.8,3.6,4.5,1.8,3.6,4.2,1.83,3.63,4.65
2023-12-03,Man City,Tottenham,D,1.29,6.0,9.0,1.25,6.0,9.0,1.27,6.42,9.75
2023-12-03,Bournemouth,Aston Villa,D,3.4,4.0,1.95,3.3,4.0,1.91,3.56,4.07,1.97
2023-12-03,Chelsea,Brighton,H,1.73,4.2,4.2,1.67,4.2,4.2,1.75,4.21,4.4
2023-12-03,Liverpool,Fulham,H,1.25,6.5,9.0,1.22,6.5,10.0,1.25,6.76,10.35
2023-12-03,West Ham,Crystal Palace,D,2.0,3.5,3.8,1.95,3.5,3.6,2.01,3.56,3.92
2023-12-05,Luton,Arsenal,A,17.0,7.0,1.18,15.0,6.5,1.17,14.73,6.77,1.22
2023-12-05,Wolves,Burnley,H,1.85,3.6,4.2,1.83,3.6,4.0,1.92,3.6,4.35
2023-12-06,Brighton,Brentford,H,1.91,3.8,3.75,1.85,3.9,3.6,1.94,3.89,3.79
2023-12-06,Crystal Palace,Bournemouth,A,2.25,3.5,3.1,2.1,3.4,3.25,2.3,3.45,3.23
2023-12-06,Fulham,Nott'm Forest,H,2.0,3.4,3.75,1.91,3.6,3.6,2.06,3.5,3.81
2023-12-06,Sheffield United,Liverpool,A,12.0,7.5,1.2,13.0,7.5,1.15,14.14,7.68,1.19
2023-12-06,Aston Villa,Man City,H,4.75,4.2,1.7,4.2,4.2,1.67,4.35,4.29,1.75
2023-12-06,Man United,Chelsea,H,2.88,3.4,2.45,2.75,3.6,2.3,2.88,3.67,2.42
2023-12-07,Everton,Newcastle,H,3.25,3.25,2.25,3.0,3.5,2.2,3.17,3.41,2.36
2023-12-07,Tottenham,West Ham,A,1.75,4.2,4.2,1.75,4.2,3.8,1.8,4.31,4.04
2023-12-09,Aston Villa,Arsenal,H,3.3,3.6,2.1,3.2,3.75,2.0,3.43,3.69,2.12
2023-12-09,Wolves,Nott'm Forest,D,1.85,3.6,4.33,1.75,3.7,4.2,1.89,3.56,4.44
2023-12-09,Sheffield United,Brentford,H,4.2,3.8,1.75,4.6,3.7,1.7,4.47,3.84,1.81
2023-12-09,Brighton,Burnley,D,1.5,4.75,6.0,1.44,4.6,6.0,1.5,4.69,6.31
2023-12-09,Crystal Palace,Liverpool,A,6.0,4.5,1.5,6.0,4.5,1.44,6.3,4.59,1.51
2023-12-09,Man United,Bournemouth,A,1.55,4.33,5.75,1.5,4.6,5.5,1.55,4.7,5.52
2023-12-10,Everton,Chelsea,H,3.1,3.5,2.25,2.88,3.7,2.2,3.03,3.59,2.36
2023-12-10,Fulham,West Ham,H,2.38,3.5,2.9,2.3,3.6,2.75,2.44,3.4,3.03
2023-12-10,Luton,Man City,A,17.0,8.0,1.14,19.0,8.0,1.11,18.31,10.09,1.13
2023-12-10,Tottenham,Newcastle,H,2.15,3.8,3.1,2.15,3.8,2.88,2.23,3.84,3.08
2023-12-15,Nott'm Forest,Tottenham,A,4.2,4.2,1.73,4.4,4.0,1.67,4.51,4.14,1.76
2023-12-16,Man City,Crystal Palace,D,1.18,8.0,13.0,1.14,7.5,15.0,1.17,7.98,15.35
2023-12-16,Burnley,Everton,A,3.6,3.4,2.1,3.3,3.5,2.05,3.66,3.44,2.13
2023-12-16,Newcastle,Fulham,H,1.8,3.8,4.0,1.8,3.9,3.8,1.87,3.94,4.04
2023-12-16,Chelsea,Sheffield United,H,1.22,6.5,13.0,1.22,6.0,12.0,1.24,6.69,11.68
2023-12-17,Arsenal,Brighton,H,1.44,5.0,6.0,1.44,4.6,6.0,1.48,4.76,6.67
2023-12-17,Brentford,Aston Villa,A,3.2,3.75,2.1,3.2,3.7,2.05,3.24,3.73,2.19
2023-12-17,West Ham,Wolves,H,2.15,3.5,3.3,2.1,3.5,3.2,2.12,3.62,3.5
2023-12-17,Liverpool,Man United,D,1.3,6.0,8.0,1.25,6.0,8.5,1.32,5.99,8.37
2023-12-21,Crystal Palace,Brighton,D,3.3,3.3,2.15,3.2,3.6,2.05,3.4,3.47,2.22
2023-12-22,Aston Villa,Sheffield United,D,1.22,6.5,12.0,1.22,6.0,11.0,1.24,6.98,11.3
2023-12-23,Liverpool,Arsenal,D,2.38,3.6,2.8,2.3,3.6,2.75,2.47,3.63,2.84
2023-12-23,Luton,Newcastle,H,4.75,4.2,1.65,4.8,4.0,1.62,4.91,4.36,1.65
2023-12-23,Tottenham,Everton,H,1.75,4.2,4.0,1.73,4.0,4.0,1.8,4.29,4.05
2023-12-23,West Ham,Man United,H,2.6,3.6,2.6,2.5,3.6,2.5,2.65,3.65,2.62
2023-12-23,Fulham,Burnley,A,1.67,3.75,5.25,1.67,3.8,4.75,1.7,3.96,5.12
2023-12-23,Nott'm Forest,Bournemouth,A,2.75,3.4,2.55,2.7,3.5,2.38,2.74,3.52,2.61
2023-12-24,Wolves,Chelsea,H,3.75,3.75,1.91,3.6,3.6,1.91,3.77,3.76,1.99
2023-12-26,Newcastle,Nott'm Forest,A,1.5,4.33,5.75,1.44,4.33,6.5,1.51,4.42,6.64
2023-12-26,Bournemouth,Fulham,H,2.15,3.6,3.2,2.15,3.5,3.1,2.22,3.69,3.2
2023-12-26,Sheffield United,Luton,A,2.3,3.3,3.1,2.3,3.25,3.0,2.46,3.32,3.07
2023-12-26,Burnley,Liverpool,A,6.5,5.25,1.4,7.5,5.0,1.35,8.02,5.32,1.38
2023-12-26,Man United,Aston Villa,H,2.6,3.5,2.6,2.5,3.6,2.5,2.68,3.62,2.61
2023-12-27,Everton,Man City,A,5.75,4.0,1.57,5.5,4.2,1.53,6.32,4.1,1.57
2023-12-27,Brentford,Wolves,A,1.95,3.5,4.2,1.85,3.6,3.9,1.94,3.66,4.07
2023-12-27,Chelsea,Crystal Palace,H,1.67,4.0,5.0,1.65,3.9,4.6,1.72,3.89,5.06
2023-12-28,Arsenal,West Ham,A,1.33,5.5,7.5,1.3,5.5,8.0,1.36,5.49,8.28
2023-12-28,Brighton,Tottenham,H,2.5,3.6,2.6,2.4,3.9,2.5,2.53,4.05,2.56
2023-12-30,Luton,Chelsea,A,6.5,4.2,1.5,5.8,4.4,1.5,6.05,4.65,1.52
2023-12-30,Aston Villa,Burnley,H,1.36,5.25,7.5,1.33,5.0,8.0,1.38,5.29,8.1
2023-12-30,Crystal Palace,Brentford,H,2.2,3.3,3.4,2.15,3.4,3.2,2.22,3.3,3.58
2023-12-30,Man City,Sheffield United,H,1.08,11.0,29.0,1.04,12.0,29.0,1.07,14.55,28.9
2023-12-30,Wolves,Everton,H,2.63,3.3,2.7,2.5,3.4,2.6,2.67,3.41,2.74
2023-12-30,Nott'm Forest,Man United,H,3.2,3.6,2.15,3.1,3.6,2.1,3.33,3.72,2.15
2023-12-31,Fulham,Arsenal,H,5.25,4.5,1.55,5.5,4.2,1.53,5.94,4.29,1.57
2023-12-31,Tottenham,Bournemouth,H,1.75,4.2,4.0,1.7,4.2,4.0,1.77,4.42,4.08
2024-01-01,Liverpool,Newcastle,H,1.45,4.5,7.0,1.4,4.8,6.5,1.45,4.96,6.69
2024-01-02,West Ham,Brighton,D,2.45,3.75,2.75,2.38,3.7,2.6,2.52,3.68,2.74
2024-01-12,Burnley,Luton,D,2.0,3.6,3.6,1.91,3.6,3.6,2.06,3.58,3.8
2024-01-13,Chelsea,Fulham,H,1.6,4.2,5.25,1.6,4.2,4.75,1.65,4.22,5.13
2024-01-13,Newcastle,Man City,A,5.5,4.33,1.55,5.5,4.33,1.53,5.63,4.53,1.56
2024-01-14,Everton,Aston Villa,D,2.8,3.5,2.45,2.7,3.6,2.38,2.81,3.62,2.49
2024-01-14,Man United,Tottenham,D,2.2,3.75,3.0,2.15,3.9,2.88,2.22,3.97,3.01
2024-01-20,Arsenal,Crystal Palace,H,1.3,5.75,9.0,1.25,5.5,11.0,1.29,5.85,10.86
2024-01-20,Brentford,Nott'm Forest,H,1.91,3.6,4.0,1.85,3.7,3.75,1.85,3.83,4.29
2024-01-21,Sheffield United,West Ham,D,3.4,3.3,2.2,3.3,3.5,2.05,3.45,3.47,2.2
2024-01-21,Bournemouth,Liverpool,A,4.2,4.5,1.7,4.2,4.2,1.67,4.41,4.36,1.72
2024-01-22,Brighton,Wolves,D,1.65,4.33,5.0,1.57,4.2,5.0,1.66,4.28,5.01
2024-01-30,Aston Villa,Newcastle,A,1.85,4.0,3.8,1.83,3.9,3.6,1.85,4.05,4.02
2024-01-30,Crystal Palace,Sheffield United,H,1.62,3.6,6.5,1.6,3.75,5.5,1.64,3.93,5.81
2024-01-30,Fulham,Everton,D,2.45,3.2,3.0,2.3,3.4,2.9,2.46,3.32,3.08
2024-01-30,Nott'm Forest,Arsenal,A,7.5,5.0,1.4,8.0,4.8,1.35,7.77,5.14,1.4
2024-01-30,Luton,Brighton,H,4.2,4.2,1.75,4.0,4.0,1.73,4.43,4.06,1.78
2024-01-31,Man City,Burnley,H,1.08,12.0,21.0,1.06,11.0,23.0,1.11,12.41,18.6
2024-01-31,Tottenham,Brentford,H,1.67,4.2,4.75,1.6,4.33,4.5,1.69,4.32,4.7
2024-01-31,Liverpool,Chelsea,H,1.57,4.33,5.25,1.53,4.6,4.8,1.58,4.64,5.29
2024-02-01,West Ham,Bournemouth,D,2.4,3.75,2.75,2.38,3.7,2.6,2.45,3.71,2.8
2024-02-01,Wolves,Man United,A,2.63,3.6,2.55,2.62,3.6,2.38,2.7,3.51,2.64
2024-02-03,Sheffield United,Aston Villa,A,5.25,4.2,1.62,5.0,4.2,1.57,5.02,4.36,1.65
2024-02-03,Newcastle,Luton,D,1.44,4.75,6.5,1.4,4.8,6.5,1.42,5.07,7.23
2024-02-03,Burnley,Fulham,D,2.9,3.4,2.38,2.88,3.5,2.25,2.98,3.5,2.43
2024-02-03,Brighton,Crystal Palace,H,1.7,4.0,4.75,1.6,4.0,5.0,1.71,4.04,4.85
2024-02-03,Everton,Tottenham,D,3.0,3.6,2.25,2.75,3.7,2.25,2.97,3.71,2.34
2024-02-04,Bournemouth,Nott'm Forest,D,1.7,4.2,4.5,1.65,4.0,4.5,1.71,4.2,4.68
2024-02-04,Chelsea,Wolves,A,1.62,4.0,5.5,1.57,4.2,5.0,1.63,4.29,5.27
2024-02-04,Man United,West Ham,H,1.62,4.2,5.0,1.62,4.0,4.75,1.65,4.31,5.05
2024-02-04,Arsenal,Liverpool,H,2.2,3.6,3.1,2.15,3.75,2.9,2.24,3.72,3.15
2024-02-05,Brentford,Man City,A,7.0,4.75,1.4,7.0,5.0,1.36,7.44,5.09,1.41
2024-02-10,Nott'm Forest,Newcastle,A,3.3,3.75,2.05,3.2,3.7,2.05,3.29,3.81,2.14
2024-02-10,Wolves,Brentford,A,2.1,3.6,3.4,2.0,3.6,3.4,2.14,3.65,3.42
2024-02-10,Tottenham,Brighton,H,1.8,4.2,3.8,1.8,4.2,3.6,1.81,4.35,3.92
2024-02-10,Luton,Sheffield United,A,1.75,3.75,4.75,1.7,3.9,4.4,1.79,3.85,4.6
2024-02-10,Liverpool,Burnley,H,1.17,8.0,17.0,1.14,8.0,15.0,1.16,8.71,15.08
2024-02-10,Fulham,Bournemouth,H,2.38,3.5,2.8,2.25,3.6,2.8,2.46,3.6,2.87
2024-02-10,Man City,Everton,H,1.18,8.0,13.0,1.18,7.0,12.0,1.19,7.68,13.24
2024-02-11,West Ham,Arsenal,A,6.0,4.33,1.53,5.5,4.33,1.5,5.95,4.4,1.56
2024-02-11,Aston Villa,Man United,A,2.15,3.75,3.1,2.1,3.8,3.0,2.16,3.91,3.18
2024-02-12,Crystal Palace,Chelsea,A,4.2,3.8,1.85,3.9,3.7,1.83,4.25,3.86,1.85
2024-02-17,Man City,Chelsea,D,1.33,5.5,8.0,1.3,5.5,8.0,1.34,5.71,8.37
2024-02-17,Tottenham,Wolves,A,1.53,4.75,5.25,1.5,4.6,5.5,1.55,4.87,5.36
2024-02-17,Nott'm Forest,West Ham,H,2.38,3.5,2.9,2.3,3.5,2.8,2.47,3.5,2.92
2024-02-17,Newcastle,Bournemouth,D,1.83,4.2,3.75,1.75,4.2,3.7,1.87,4.15,3.84
2024-02-17,Fulham,Aston Villa,A,2.9,3.75,2.2,2.88,3.7,2.2,2.97,3.76,2.32
2024-02-17,Burnley,Arsenal,A,10.0,5.75,1.29,10.0,5.5,1.29,9.78,5.73,1.31
2024-02-17,Brentford,Liverpool,A,5.5,4.33,1.57,5.5,4.33,1.5,5.27,4.59,1.59
2024-02-18,Sheffield United,Brighton,A,5.0,4.2,1.62,4.5,4.2,1.62,4.99,4.4,1.64
2024-02-18,Luton,Man United,A,4.0,4.0,1.8,3.9,4.0,1.75,4.17,4.13,1.81
2024-02-19,Everton,Crystal Palace,D,1.7,3.6,5.25,1.67,3.6,5.0,1.72,3.79,5.26
2024-02-20,Man City,Brentford,H,1.18,8.0,13.0,1.15,7.0,15.0,1.17,8.67,15.04
2024-02-21,Liverpool,Luton,H,1.2,7.0,13.0,1.14,8.0,13.0,1.19,7.94,12.93
2024-02-24,Bournemouth,Man City,A,7.0,5.25,1.4,6.5,5.0,1.4,7.2,5.14,1.42
2024-02-24,Man United,Fulham,A,1.57,4.33,5.5,1.5,4.4,5.5,1.61,4.48,5.21
2024-02-24,Arsenal,Newcastle,H,1.36,5.25,8.0,1.33,5.5,7.0,1.4,5.32,7.33
2024-02-24,Brighton,Everton,D,1.83,3.8,4.2,1.8,3.9,3.75,1.82,4.04,4.2
2024-02-24,Aston Villa,Nott'm Forest,H,1.53,4.5,5.75,1.44,4.6,5.8,1.57,4.52,5.55
2024-02-24,Crystal Palace,Burnley,H,1.95,3.5,4.0,1.91,3.5,3.75,2.03,3.45,3.98
2024-02-25,Wolves,Sheffield United,H,1.44,4.75,7.0,1.44,4.6,6.0,1.43,4.66,7.0
2024-02-26,West Ham,Brentford,H,2.5,3.5,2.75,2.45,3.5,2.6,2.57,3.68,2.68
2024-03-02,Luton,Aston Villa,A,4.33,4.2,1.73,4.2,4.2,1.73,4.34,4.44,1.72
2024-03-02,Nott'm Forest,Liverpool,A,6.0,4.33,1.53,5.5,4.6,1.53,5.69,4.73,1.54
2024-03-02,Newcastle,Wolves,H,1.91,4.0,3.6,1.87,3.9,3.75,1.89,4.01,3.89
2024-03-02,Tottenham,Crystal Palace,H,1.5,4.33,6.5,1.5,4.4,6.0,1.52,4.51,6.26
2024-03-02,Everton,West Ham,A,2.05,3.6,3.5,2.1,3.6,3.4,2.1,3.57,3.62
2024-03-02,Brentford,Chelsea,D,3.1,3.75,2.15,3.1,3.75,2.2,3.04,3.95,2.21
2024-03-02,Fulham,Brighton,H,2.55,3.6,2.63,2.62,3.7,2.62,2.6,3.59,2.7
2024-03-03,Burnley,Bournemouth,A,3.75,3.6,1.95,3.6,3.8,1.91,3.79,3.83,1.96
2024-03-03,Man City,Man United,H,1.25,5.75,11.0,1.25,6.5,10.0,1.27,6.39,10.06
2024-03-04,Sheffield United,Arsenal,A,17.0,7.0,1.18,15.0,8.0,1.15,16.74,8.18,1.16
2024-03-09,Arsenal,Brentford,H,1.22,7.0,11.0,1.2,7.0,12.0,1.23,6.96,11.44
2024-03-09,Man United,Everton,H,1.83,3.6,4.0,1.85,3.9,3.8,1.84,3.93,4.2
2024-03-09,Bournemouth,Sheffield United,D,1.33,5.25,8.0,1.33,5.5,8.5,1.35,5.55,8.52
2024-03-09,Crystal Palace,Luton,D,1.75,3.8,4.2,1.73,3.9,4.4,1.77,3.95,4.58
2024-03-09,Wolves,Fulham,H,2.5,3.4,2.75,2.6,3.3,2.7,2.52,3.46,2.88
2024-03-10,West Ham,Burnley,D,1.67,4.0,4.75,1.65,4.0,4.8,1.69,4.06,5.04
2024-03-10,Liverpool,Man City,D,3.0,3.75,2.2,2.9,3.8,2.2,3.02,3.8,2.28
2024-03-10,Aston Villa,Tottenham,A,2.38,4.0,2.6,2.38,4.2,2.5,2.47,3.98,2.65
2024-03-10,Brighton,Nott'm Forest,H,1.8,4.0,4.0,1.75,4.0,4.2,1.81,4.01,4.26
2024-03-11,Chelsea,Newcastle,H,1.91,4.0,3.6,1.85,4.2,3.5,1.96,4.07,3.59
2024-03-13,Bournemouth,Luton,H,1.5,4.75,5.75,1.44,4.8,5.8,1.51,4.71,6.18
2024-03-16,Burnley,Brentford,H,3.25,3.6,2.15,3.2,3.7,2.1,3.23,3.72,2.2
2024-03-16,Luton,Nott'm Forest,D,2.8,3.5,2.45,2.75,3.7,2.38,2.83,3.69,2.44
2024-03-16,Fulham,Tottenham,H,3.5,3.8,1.95,3.4,4.0,1.95,3.42,4.09,2.01
2024-03-17,West Ham,Aston Villa,D,2.63,3.75,2.45,2.6,3.75,2.45,2.66,3.82,2.52
2024-03-30,Brentford,Man United,D,3.0,3.8,2.2,3.0,3.8,2.15,3.09,3.86,2.22
2024-03-30,Aston Villa,Wolves,H,1.6,4.33,5.0,1.62,4.33,4.75,1.64,4.46,4.9
2024-03-30,Tottenham,Luton,H,1.2,8.0,11.0,1.2,7.5,11.0,1.21,7.6,11.57
2024-03-30,Sheffield United,Fulham,D,4.5,4.0,1.73,4.6,4.0,1.7,4.89,3.95,1.73
2024-03-30,Chelsea,Burnley,D,1.29,6.0,9.5,1.29,5.8,9.5,1.3,6.12,9.34
2024-03-30,Bournemouth,Everton,H,2.2,3.6,3.2,2.1,3.7,3.2,2.24,3.56,3.27
2024-03-30,Newcastle,West Ham,H,1.83,4.2,3.8,1.8,4.0,3.9,1.81,4.26,4.0
2024-03-30,Nott'm Forest,Crystal Palace,D,2.2,3.3,3.4,2.2,3.4,3.25,2.29,3.38,3.34
2024-03-31,Liverpool,Brighton,H,1.36,5.5,7.5,1.36,5.5,7.0,1.37,5.71,7.57
2024-03-31,Man City,Arsenal,D,1.91,3.8,3.8,1.91,3.8,3.7,1.92,3.86,3.94
2024-04-02,Newcastle,Everton,D,2.0,3.75,3.5,2.0,3.9,3.4,2.03,3.86,3.62
2024-04-02,Nott'm Forest,Fulham,H,2.7,3.4,2.63,2.7,3.5,2.62,2.78,3.51,2.61
2024-04-02,Bournemouth,Crystal Palace,H,1.95,3.8,3.6,2.0,3.75,3.6,2.02,3.8,3.69
2024-04-02,Burnley,Wolves,D,2.45,3.6,2.75,2.5,3.5,2.7,2.55,3.54,2.83
2024-04-02,West Ham,Tottenham,D,3.3,4.2,1.95,3.1,4.2,2.0,3.38,4.24,2.01
2024-04-03,Brentford,Brighton,D,2.38,3.8,2.75,2.38,3.8,2.7,2.38,3.79,2.86
2024-04-03,Arsenal,Luton,H,1.1,10.0,19.0,1.08,11.0,21.0,1.11,11.82,20.95
2024-04-03,Man City,Aston Villa,H,1.3,6.0,8.0,1.29,5.8,9.0,1.3,6.32,8.88
2024-04-04,Chelsea,Man United,H,2.0,4.0,3.4,1.95,4.2,3.2,2.03,4.03,3.42
2024-04-04,Liverpool,Sheffield United,H,1.09,12.0,21.0,1.06,13.0,23.0,1.08,14.33,25.37
2024-04-06,Crystal Palace,Man City,A,9.5,5.25,1.33,10.0,5.5,1.29,10.64,5.59,1.31
2024-04-06,Aston Villa,Brentford,D,1.7,4.0,4.75,1.67,4.2,4.5,1.71,4.24,4.62
2024-04-06,Everton,Burnley,H,1.65,4.0,5.25,1.65,4.0,4.8,1.68,4.18,4.99
2024-04-06,Fulham,Newcastle,A,2.38,3.8,2.8,2.3,3.9,2.7,2.35,3.87,2.86
2024-04-06,Luton,Bournemouth,H,3.75,3.8,1.91,3.6,4.2,1.85,3.65,4.11,1.93
2024-04-06,Wolves,West Ham,A,2.5,3.6,2.7,2.4,3.6,2.7,2.53,3.61,2.77
2024-04-06,Brighton,Arsenal,A,5.0,4.33,1.62,5.0,4.2,1.6,5.25,4.19,1.65
2024-04-07,Sheffield United,Chelsea,D,7.0,5.25,1.4,6.5,5.0,1.4,6.77,5.35,1.42
2024-04-07,Tottenham,Nott'm Forest,H,1.4,5.5,6.5,1.36,5.5,7.0,1.39,5.46,7.33
2024-04-07,Man United,Liverpool,D,4.75,4.5,1.6,4.6,4.5,1.6,4.75,4.84,1.61
2024-04-13,Newcastle,Tottenham,H,2.7,4.0,2.3,2.7,4.0,2.3,2.8,4.05,2.33
2024-04-13,Brentford,Sheffield United,H,1.44,5.0,6.5,1.4,5.0,7.0,1.43,5.22,6.68
2024-04-13,Burnley,Brighton,D,3.5,3.75,2.0,3.4,3.9,1.95,3.54,3.8,2.05
2024-04-13,Man City,Luton,H,1.1,11.0,19.0,1.07,12.0,23.0,1.09,13.24,24.14
2024-04-13,Nott'm Forest,Wolves,D,2.1,3.4,3.5,2.1,3.6,3.25,2.14,3.57,3.5
2024-04-13,Bournemouth,Man United,D,2.4,3.9,2.6,2.38,4.0,2.6,2.42,3.83,2.79
2024-04-14,Liverpool,Crystal Palace,A,1.22,7.0,12.0,1.18,7.5,13.0,1.19,7.62,14.15
2024-04-14,West Ham,Fulham,A,2.38,3.6,2.8,2.3,3.7,2.8,2.4,3.66,2.91
2024-04-14,Arsenal,Aston Villa,A,1.29,5.75,10.0,1.25,6.0,10.0,1.29,6.27,9.5
2024-04-15,Chelsea,Everton,H,1.7,4.2,4.5,1.62,4.33,4.75,1.73,4.16,4.57
2024-04-20,Wolves,Arsenal,A,8.5,4.5,1.4,8.0,5.0,1.35,8.02,5.14,1.39
2024-04-20,Sheffield United,Burnley,A,2.75,3.6,2.45,2.7,3.6,2.4,2.77,3.64,2.52
2024-04-20,Luton,Brentford,A,3.1,3.75,2.15,3.1,3.7,2.15,3.28,3.76,2.16
2024-04-21,Everton,Nott'm Forest,H,2.05,3.5,3.6,2.0,3.6,3.5,2.06,3.52,3.78
2024-04-21,Aston Villa,Bournemouth,H,1.85,4.0,3.6,1.85,4.2,3.5,1.87,4.17,3.83
2024-04-21,Crystal Palace,West Ham,H,2.1,3.6,3.4,2.15,3.5,3.2,2.12,3.66,3.45
2024-04-21,Fulham,Liverpool,A,5.25,4.5,1.57,5.0,4.75,1.53,5.14,4.66,1.59
2024-04-23,Arsenal,Chelsea,H,1.44,5.0,6.0,1.5,4.8,7.5,1.45,5.03,6.76
2024-04-24,Wolves,Bournemouth,A,2.7,3.6,2.5,2.7,3.7,2.38,2.74,3.53,2.6
2024-04-24,Crystal Palace,Newcastle,H,2.75,3.6,2.4,2.75,3.7,2.38,2.76,3.7,2.49
2024-04-24,Everton,Liverpool,H,7.0,5.0,1.4,7.0,5.0,1.4,7.49,5.0,1.42
2024-04-24,Man United,Sheffield United,H,1.3,6.5,7.5,1.3,6.0,8.0,1.32,6.28,8.27
2024-04-25,Brighton,Man City,A,6.5,5.0,1.4,6.5,5.0,1.44,6.84,4.9,1.45
2024-04-27,West Ham,Liverpool,D,5.5,5.0,1.5,5.5,5.0,1.5,5.84,5.03,1.5
2024-04-27,Fulham,Crystal Palace,D,2.1,3.5,3.5,2.1,3.6,3.3,2.14,3.63,3.43
2024-04-27,Man United,Burnley,D,1.5,4.75,5.5,1.5,4.8,5.5,1.53,5.01,5.35
2024-04-27,Newcastle,Sheffield United,H,1.22,7.0,11.0,1.2,7.0,12.0,1.24,7.18,10.5
2024-04-27,Wolves,Luton,H,1.95,3.8,3.6,1.95,3.8,3.5,1.98,3.9,3.65
2024-04-27,Everton,Brentford,H,2.3,3.5,3.0,2.3,3.6,2.88,2.34,3.54,3.09
2024-04-27,Aston Villa,Chelsea,D,2.15,3.8,3.0,2.2,3.9,2.9,2.14,4.04,3.13
2024-04-28,Bournemouth,Brighton,H,2.25,3.8,2.9,2.2,3.9,2.88,2.27,3.85,2.99
2024-04-28,Tottenham,Arsenal,A,4.2,4.2,1.75,3.9,4.0,1.8,4.19,4.07,1.81
2024-04-28,Nott'm Forest,Man City,A,8.0,6.0,1.3,9.5,5.5,1.29,10.15,5.89,1.3
2024-05-02,Chelsea,Tottenham,H,2.15,3.8,3.0,2.15,4.0,2.9,2.22,4.15,2.92
2024-05-03,Luton,Everton,D,2.6,3.6,2.55,2.6,3.7,2.62,2.71,3.52,2.63
2024-05-04,Arsenal,Bournemouth,H,1.22,7.5,11.0,1.18,7.5,12.0,1.2,7.76,12.56
2024-05-04,Brentford,Fulham,D,2.1,3.8,3.2,2.05,3.8,3.2,2.13,3.85,3.27
2024-05-04,Burnley,Newcastle,A,3.4,4.0,1.95,3.4,4.0,1.95,3.37,4.05,2.04
2024-05-04,Sheffield United,Nott'm Forest,A,4.75,4.2,1.65,4.6,4.2,1.65,4.57,4.31,1.71
2024-05-04,Man City,Wolves,H,1.08,12.0,21.0,1.07,11.0,26.0,1.09,13.16,25.65
2024-05-05,Brighton,Aston Villa,H,2.75,3.75,2.45,2.62,3.9,2.38,2.75,3.76,2.48
2024-05-05,Chelsea,West Ham,H,1.65,4.5,4.5,1.65,4.5,4.4,1.66,4.62,4.59
2024-05-05,Liverpool,Tottenham,H,1.5,5.75,5.0,1.5,5.0,5.5,1.48,5.3,5.73
2024-05-06,Crystal Palace,Man United,H,2.38,3.75,2.8,2.3,3.9,2.7,2.39,3.81,2.83
2024-05-11,Nott'm Forest,Chelsea,A,3.4,3.8,2.0,3.3,3.9,2.05,3.44,3.93,2.04
2024-05-11,Wolves,Crystal Palace,A,2.88,3.5,2.38,2.8,3.5,2.38,2.9,3.49,2.49
2024-05-11,West Ham,Luton,H,1.8,4.2,3.8,1.8,4.2,3.75,1.82,4.53,3.78
2024-05-11,Tottenham,Burnley,H,1.36,5.75,7.0,1.33,5.8,7.5,1.35,6.16,7.27
2024-05-11,Everton,Sheffield United,H,1.4,4.8,7.5,1.4,5.0,7.0,1.4,5.3,7.47
2024-05-11,Bournemouth,Brentford,A,1.95,4.0,3.5,1.95,4.0,3.4,1.96,4.07,3.57
2024-05-11,Fulham,Man City,A,13.0,7.0,1.2,12.0,7.0,1.22,12.95,7.04,1.21
2024-05-11,Newcastle,Brighton,D,1.57,4.75,4.75,1.6,4.6,4.6,1.59,4.93,4.84
2024-05-12,Man United,Arsenal,A,7.0,5.5,1.36,7.0,5.5,1.36,7.2,5.68,1.38
2024-05-13,Aston Villa,Liverpool,D,4.2,4.33,1.7,4.0,4.5,1.7,4.16,4.7,1.71
2024-05-14,Tottenham,Man City,A,6.5,6.0,1.36,7.0,5.5,1.4,7.15,6.3,1.36
2024-05-15,Brighton,Chelsea,A,3.3,4.0,1.95,3.3,4.2,1.95,3.42,3.97,2.04
2024-05-15,Man United,Newcastle,H,2.75,4.0,2.3,2.6,4.2,2.3,2.75,4.07,2.36
2024-05-19,Liverpool,Wolves,H,1.17,8.0,15.0,1.14,8.5,15.0,1.16,9.27,13.56
2024-05-19,Sheffield United,Tottenham,A,7.0,6.0,1.33,7.5,6.0,1.3,7.16,6.0,1.35
2024-05-19,Man City,West Ham,H,1.08,12.0,21.0,1.07,12.0,21.0,1.09,13.11,20.39
2024-05-19,Luton,Fulham,A,2.9,3.9,2.2,2.8,4.0,2.2,2.93,3.92,2.26
2024-05-19,Crystal Palace,Aston Villa,H,1.85,4.33,3.6,1.85,4.2,3.5,1.83,4.37,3.74
2024-05-19,Arsenal,Everton,H,1.18,8.0,12.0,1.15,8.0,15.0,1.17,8.37,15.6
2024-05-19,Burnley,Nott'm Forest,A,3.0,3.5,2.3,2.88,3.7,2.25,2.92,3.76,2.32
2024-05-19,Brighton,Man United,A,2.15,4.0,2.9,2.15,4.2,2.8,2.18,4.09,2.98
2024-05-19,Brentford,Newcastle,A,2.9,3.9,2.2,2.88,4.0,2.15,2.97,4.0,2.21
2024-05-19,Chelsea,Bournemouth,H,1.45,5.0,6.0,1.44,5.0,5.8,1.45,5.4,5.93
2024-08-16,Man United,Fulham,H,1.6,4.2,5.25,1.65,4.2,5.0,1.63,4.38,5.3
2024-08-17,West Ham,Aston Villa,A,2.45,3.6,2.75,2.4,3.75,2.75,2.49,3.65,2.8
2024-08-17,Nott'm Forest,Bournemouth,D,2.45,3.5,2.8,2.5,3.5,2.8,2.47,3.42,2.97
2024-08-17,Newcastle,Southampton,H,1.36,5.25,8.0,1.35,5.5,8.0,1.35,5.7,8.25
2024-08-17,Arsenal,Wolves,H,1.18,7.5,13.0,1.18,7.0,17.0,1.16,8.56,16.22
2024-08-17,Ipswich,Liverpool,A,8.5,5.5,1.33,8.5,5.5,1.33,8.18,5.84,1.34
2024-08-17,Everton,Brighton,A,2.63,3.3,2.63,2.6,3.5,2.7,2.73,3.36,2.71
2024-08-18,Brentford,Crystal Palace,H,2.4,3.4,2.9,2.45,3.5,2.88,2.5,3.4,2.95
2024-08-18,Chelsea,Man City,A,4.1,3.9,1.8,4.0,4.0,1.83,4.19,3.93,1.84
2024-08-19,Leicester,Tottenham,D,5.0,4.33,1.62,5.0,4.33,1.65,5.09,4.39,1.63
2024-08-24,Tottenham,Everton,H,1.44,4.75,6.5,1.44,4.8,7.0,1.45,4.87,7.03
2024-08-24,Aston Villa,Arsenal,A,4.33,3.8,1.75,4.33,3.9,1.8,4.55,3.98,1.77
2024-08-24,Man City,Ipswich,H,1.08,12.0,21.0,1.1,11.0,26.0,1.08,13.21,25.71
2024-08-24,Southampton,Nott'm Forest,A,2.55,3.3,2.8,2.5,3.4,2.88,2.59,3.28,2.92
2024-08-24,Fulham,Leicester,H,1.8,3.75,4.2,1.83,3.7,4.33,1.84,3.67,4.56
2024-08-24,Crystal Palace,West Ham,A,2.15,3.6,3.2,2.2,3.5,3.3,2.17,3.68,3.33
2024-08-24,Brighton,Man United,H,2.5,3.7,2.63,2.5,3.7,2.7,2.51,3.66,2.76
2024-08-25,Bournemouth,Newcastle,D,2.9,3.8,2.2,3.0,3.8,2.25,3.05,3.73,2.28
2024-08-25,Wolves,Chelsea,A,4.33,4.0,1.75,4.4,4.0,1.75,4.46,4.03,1.78
2024-08-25,Liverpool,Brentford,H,1.27,5.75,11.0,1.25,6.5,11.0,1.25,7.05,10.11
2024-08-31,Nott'm Forest,Wolves,D,2.0,3.7,3.7,2.05,3.6,3.6,2.02,3.7,3.71
2024-08-31,Leicester,Aston Villa,A,4.5,4.0,1.7,4.6,3.9,1.75,4.8,4.09,1.71
2024-08-31,Ipswich,Fulham,D,3.0,3.5,2.3,3.1,3.5,2.3,3.14,3.53,2.32
2024-08-31,West Ham,Man City,A,7.0,5.5,1.38,8.0,5.0,1.4,7.69,5.64,1.37
2024-08-31,Brentford,Southampton,H,1.75,3.9,4.33,1.75,3.9,4.6,1.79,3.9,4.51
2024-08-31,Arsenal,Brighton,D,1.33,5.5,8.5,1.33,5.5,8.5,1.34,5.87,8.1
2024-08-31,Everton,Bournemouth,A,2.75,3.4,2.55,2.75,3.4,2.6,2.82,3.38,2.62
2024-09-01,Chelsea,Crystal Palace,D,1.6,4.33,5.0,1.65,4.33,5.0,1.63,4.4,5.06
2024-09-01,Newcastle,Tottenham,H,2.5,4.0,2.5,2.5,4.0,2.5,2.5,3.96,2.62
2024-09-01,Man United,Liverpool,A,3.7,4.2,1.85,3.8,4.2,1.85,3.93,4.31,1.82
2024-09-14,Bournemouth,Chelsea,A,3.4,3.8,2.0,3.4,3.9,2.05,3.32,3.97,2.06
2024-09-14,Southampton,Man United,A,4.5,4.0,1.7,4.75,3.8,1.75,4.5,4.13,1.74
2024-09-14,Brighton,Ipswich,D,1.38,5.0,7.5,1.4,5.0,8.0,1.38,5.13,8.05
2024-09-14,Crystal Palace,Leicester,D,1.62,4.0,5.5,1.65,4.0,5.5,1.62,4.13,5.48
2024-09-14,Fulham,West Ham,D,2.38,3.25,3.0,2.5,3.4,2.88,2.4,3.53,2.97
2024-09-14,Liverpool,Nott'm Forest,A,1.22,6.5,12.0,1.22,6.5,13.0,1.21,7.23,12.71
2024-09-14,Man City,Brentford,H,1.18,8.0,12.0,1.18,7.5,15.0,1.17,8.43,14.62
2024-09-14,Aston Villa,Everton,H,1.5,4.2,6.5,1.5,4.4,6.5,1.51,4.45,6.48
2024-09-15,Wolves,Newcastle,A,3.4,3.5,2.1,3.3,3.7,2.1,3.41,3.71,2.1
2024-09-15,Tottenham,Arsenal,A,3.0,3.5,2.3,3.0,3.6,2.3,3.03,3.62,2.32
2024-09-21,West Ham,Chelsea,A,3.6,3.9,1.95,3.4,3.75,2.05,3.59,3.93,1.99
2024-09-21,Aston Villa,Wolves,H,1.57,4.2,5.25,1.6,4.2,5.5,1.59,4.47,5.44
2024-09-21,Fulham,Newcastle,H,3.0,3.4,2.4,2.88,3.4,2.5,2.89,3.54,2.47
2024-09-21,Leicester,Everton,D,2.45,3.4,2.88,2.5,3.5,2.75,2.54,3.43,2.88
2024-09-21,Liverpool,Bournemouth,H,1.3,6.25,9.0,1.3,6.5,8.5,1.28,6.36,9.45
2024-09-21,Southampton,Ipswich,D,2.25,3.5,3.2,2.2,3.6,3.2,2.27,3.5,3.24
2024-09-21,Tottenham,Brentford,H,1.55,4.5,5.5,1.57,4.5,5.5,1.55,4.77,5.48
2024-09-21,Crystal Palace,Man United,D,2.88,3.75,2.3,2.88,3.6,2.38,2.92,3.76,2.35
2024-09-22,Man City,Arsenal,D,1.8,3.6,4.5,1.85,3.5,4.5,1.85,3.66,4.54
2024-09-22,Brighton,Nott'm Forest,D,1.75,3.75,4.75,1.8,3.8,4.5,1.79,3.91,4.51
2024-09-28,Newcastle,Man City,D,5.25,4.33,1.6,5.0,4.33,1.62,5.18,4.54,1.6
2024-09-28,Arsenal,Leicester,H,1.17,8.0,15.0,1.2,7.0,15.0,1.18,8.27,14.09
2024-09-28,Brentford,West Ham,D,2.2,3.5,3.2,2.25,3.6,3.1,2.23,3.63,3.22
2024-09-28,Chelsea,Brighton,H,1.73,4.2,4.2,1.75,4.2,4.33,1.75,4.3,4.32
2024-09-28,Everton,Crystal Palace,H,2.7,3.3,2.63,2.75,3.4,2.6,2.76,3.35,2.69
2024-09-28,Nott'm Forest,Fulham,A,2.38,3.3,3.0,2.38,3.3,3.1,2.49,3.32,3.03
2024-09-28,Wolves,Liverpool,A,8.0,5.75,1.33,8.0,5.5,1.35,8.09,5.63,1.36
2024-09-29,Ipswich,Aston Villa,D,4.0,3.75,1.85,4.0,3.7,1.91,4.34,3.77,1.85
2024-09-29,Man United,Tottenham,A,2.35,3.75,2.75,2.3,4.0,2.75,2.42,3.9,2.75
2024-09-30,Bournemouth,Southampton,H,1.65,4.1,5.0,1.67,4.2,4.8,1.65,4.37,5.01
2024-10-05,West Ham,Ipswich,H,1.8,3.8,4.33,1.8,3.9,4.33,1.81,4.02,4.29
2024-10-05,Everton,Newcastle,D,3.2,3.6,2.2,3.1,3.7,2.2,3.18,3.59,2.27
2024-10-05,Man City,Fulham,H,1.25,7.0,9.5,1.25,6.0,12.0,1.23,7.15,10.66
2024-10-05,Crystal Palace,Liverpool,A,6.0,4.5,1.5,6.5,4.4,1.5,6.38,4.71,1.5
2024-10-05,Brentford,Wolves,H,2.05,3.6,3.4,2.1,3.6,3.5,2.14,3.62,3.44
2024-10-05,Arsenal,Southampton,H,1.14,9.0,17.0,1.14,8.5,19.0,1.13,9.46,19.13
2024-10-05,Leicester,Bournemouth,H,3.1,3.75,2.15,3.2,3.7,2.15,3.35,3.63,2.17
2024-10-06,Aston Villa,Man United,D,2.2,3.75,3.0,2.2,3.7,3.1,2.22,3.87,3.09
2024-10-06,Chelsea,Nott'm Forest,D,1.48,4.5,6.5,1.5,4.5,6.5,1.5,4.81,6.2
2024-10-06,Brighton,Tottenham,H,2.9,4.0,2.2,2.9,4.0,2.2,2.95,3.99,2.25
2024-10-19,Bournemouth,Arsenal,H,5.0,3.9,1.65,5.0,4.0,1.67,5.01,4.13,1.68
2024-10-19,Southampton,Leicester,A,2.3,3.5,3.0,2.38,3.5,3.0,2.34,3.53,3.09
2024-10-19,Newcastle,Brighton,A,1.95,3.7,3.6,2.0,3.8,3.5,2.01,3.91,3.55
2024-10-19,Man United,Brentford,H,1.7,4.2,4.5,1.7,4.2,4.5,1.72,4.37,4.43
2024-10-19,Fulham,Aston Villa,A,2.45,3.5,2.8,2.4,3.6,2.88,2.46,3.5,2.94
2024-10-19,Tottenham,West Ham,H,1.5,5.0,5.25,1.53,4.75,5.5,1.5,5.01,5.88
2024-10-19,Ipswich,Everton,A,2.38,3.3,3.0,2.4,3.4,3.0,2.4,3.43,3.07
2024-10-20,Wolves,Man City,A,8.0,6.0,1.33,9.0,5.5,1.33,9.01,5.92,1.32
2024-10-20,Liverpool,Chelsea,H,1.62,4.1,5.0,1.65,4.33,4.8,1.62,4.47,5.08
2024-10-21,Nott'm Forest,Crystal Palace,H,2.3,3.5,3.0,2.38,3.25,3.2,2.41,3.28,3.19
2024-10-25,Leicester,Nott'm Forest,A,3.0,3.3,2.4,3.1,3.3,2.38,3.14,3.35,2.43
2024-10-26,Everton,Fulham,D,2.75,3.25,2.63,2.75,3.3,2.62,2.8,3.38,2.63
2024-10-26,Brighton,Wolves,D,1.62,4.5,4.5,1.65,4.2,5.0,1.66,4.34,4.9
2024-10-26,Man City,Southampton,H,1.11,10.0,17.0,1.12,9.5,21.0,1.1,11.9,20.73
2024-10-26,Aston Villa,Bournemouth,D,1.85,3.9,3.8,1.85,3.9,4.0,1.86,4.0,4.03
2024-10-26,Brentford,Ipswich,H,1.65,4.33,4.75,1.7,4.2,4.6,1.65,4.35,4.94
2024-10-27,Chelsea,Newcastle,H,1.73,4.33,4.2,1.8,4.2,4.0,1.75,4.35,4.28
2024-10-27,Crystal Palace,Tottenham,H,3.9,4.0,1.83,4.0,4.0,1.83,4.05,3.98,1.86
2024-10-27,West Ham,Man United,H,2.88,3.75,2.3,2.88,3.75,2.3,2.94,3.73,2.35
2024-10-27,Arsenal,Liverpool,D,2.5,3.25,2.9,2.45,3.4,2.9,2.54,3.4,2.9
2024-11-02,Wolves,Crystal Palace,D,2.5,3.4,2.88,2.5,3.5,2.8,2.55,3.34,2.92
2024-11-02,Southampton,Everton,H,2.63,3.4,2.63,2.62,3.5,2.62,2.7,3.45,2.69
2024-11-02,Liverpool,Brighton,H,1.4,5.0,7.5,1.4,5.0,7.5,1.39,5.54,7.11
2024-11-02,Nott'm Forest,West Ham,H,2.15,3.5,3.4,2.15,3.5,3.4,2.15,3.51,3.53
2024-11-02,Bournemouth,Man City,H,5.5,4.2,1.57,5.5,4.33,1.6,5.29,4.48,1.6
2024-11-02,Newcastle,Arsenal,H,3.75,3.75,1.95,3.7,3.6,2.0,3.85,3.69,1.99
2024-11-02,Ipswich,Leicester,D,2.25,3.5,3.1,2.25,3.6,3.1,2.28,3.63,3.13
2024-11-03,Tottenham,Aston Villa,H,1.91,4.0,3.6,1.91,4.0,3.7,1.97,4.07,3.55
2024-11-03,Man United,Chelsea,D,2.6,3.5,2.6,2.6,3.8,2.5,2.61,3.81,2.58
2024-11-04,Fulham,Brentford,H,2.0,3.7,3.5,2.05,3.7,3.5,2.04,3.73,3.61
2024-11-09,Brighton,Man City,H,4.1,4.2,1.73,4.4,4.0,1.75,4.49,4.18,1.74
2024-11-09,Brentford,Bournemouth,H,2.5,3.5,2.7,2.5,3.5,2.75,2.59,3.56,2.73
2024-11-09,Crystal Palace,Fulham,A,2.7,3.5,2.55,2.7,3.4,2.62,2.79,3.44,2.6
2024-11-09,West Ham,Everton,D,2.15,3.4,3.4,2.15,3.5,3.4,2.2,3.55,3.37
2024-11-09,Wolves,Southampton,H,1.91,3.75,3.75,1.95,3.75,3.7,1.99,3.84,3.7
2024-11-09,Liverpool,Aston Villa,H,1.42,5.25,6.5,1.44,4.8,7.0,1.42,5.45,6.7
2024-11-10,Chelsea,Arsenal,D,2.7,3.4,2.55,2.75,3.5,2.5,2.75,3.53,2.59
2024-11-10,Tottenham,Ipswich,A,1.25,6.5,9.0,1.25,6.5,11.0,1.25,6.95,9.87
2024-11-10,Man United,Leicester,H,1.38,5.5,6.5,1.4,5.0,7.5,1.39,5.34,7.62
2024-11-10,Nott'm Forest,Newcastle,A,2.7,3.3,2.7,2.62,3.4,2.7,2.71,3.29,2.78
2024-11-23,Leicester,Chelsea,A,6.5,4.75,1.44,7.0,4.6,1.44,7.05,4.78,1.46
2024-11-23,Arsenal,Nott'm Forest,H,1.38,4.75,9.0,1.4,4.6,9.5,1.38,5.03,8.73
2024-11-23,Aston Villa,Crystal Palace,D,1.62,4.0,5.5,1.62,4.2,5.5,1.63,4.06,5.59
2024-11-23,Bournemouth,Brighton,A,2.4,3.6,2.8,2.45,3.6,2.8,2.42,3.62,2.91
2024-11-23,Everton,Brentford,D,2.45,3.4,2.88,2.4,3.4,3.0,2.5,3.38,2.97
2024-11-23,Fulham,Wolves,A,1.62,4.0,5.25,1.67,4.0,5.0,1.64,4.11,5.43
2024-11-23,Man City,Tottenham,A,1.48,4.75,6.0,1.5,5.0,5.8,1.48,4.98,6.13
2024-11-24,Southampton,Liverpool,A,11.0,5.75,1.27,10.0,5.8,1.29,10.83,5.79,1.28
2024-11-24,Ipswich,Man United,D,5.25,4.0,1.62,5.0,4.2,1.65,5.24,4.25,1.64
2024-11-25,Newcastle,West Ham,A,1.5,4.5,6.0,1.53,4.4,6.0,1.5,4.58,6.49
2024-11-29,Brighton,Southampton,D,1.38,5.0,7.5,1.4,5.0,7.5,1.39,5.33,7.66
2024-11-30,West Ham,Arsenal,A,7.0,4.5,1.45,7.5,4.5,1.44,7.07,4.76,1.46
2024-11-30,Wolves,Bournemouth,A,2.8,3.6,2.4,2.8,3.6,2.4,2.86,3.6,2.46
2024-11-30,Brentford,Leicester,H,1.65,4.2,4.75,1.65,4.2,4.8,1.65,4.33,4.98
2024-11-30,Crystal Palace,Newcastle,D,2.9,3.6,2.3,3.0,3.5,2.3,3.16,3.52,2.31
2024-11-30,Nott'm Forest,Ipswich,H,1.7,3.8,4.75,1.73,3.75,4.8,1.78,3.75,4.85
2024-12-01,Chelsea,Aston Villa,H,1.7,4.1,4.5,1.73,4.2,4.4,1.7,4.3,4.6
2024-12-01,Man United,Everton,H,1.53,4.2,6.0,1.53,4.33,6.0,1.55,4.36,6.17
2024-12-01,Tottenham,Fulham,D,1.7,4.5,4.1,1.73,4.2,4.33,1.75,4.35,4.28
2024-12-01,Liverpool,Man City,H,2.1,3.6,3.3,2.1,3.6,3.4,2.08,3.76,3.48
2024-12-03,Ipswich,Crystal Palace,A,3.0,3.4,2.35,3.1,3.3,2.38,3.15,3.41,2.39
2024-12-03,Leicester,West Ham,H,2.9,3.4,2.38,2.88,3.5,2.4,2.95,3.43,2.52
2024-12-04,Arsenal,Man United,H,1.44,4.5,7.0,1.44,4.6,7.0,1.45,4.87,7.03
2024-12-04,Aston Villa,Brentford,H,1.8,3.75,4.33,1.8,4.0,4.2,1.8,3.91,4.44
2024-12-04,Southampton,Chelsea,A,8.5,5.25,1.33,8.0,5.5,1.35,8.92,5.79,1.33
2024-12-04,Everton,Wolves,H,2.1,3.4,3.5,2.1,3.5,3.5,2.16,3.4,3.62
2024-12-04,Man City,Nott'm Forest,H,1.36,4.75,9.0,1.36,5.0,8.5,1.36,5.41,8.26
2024-12-04,Newcastle,Liverpool,D,4.2,4.0,1.75,4.33,4.0,1.75,4.29,4.04,1.8
2024-12-05,Fulham,Brighton,H,2.35,3.6,2.88,2.3,3.7,2.9,2.37,3.69,2.94
2024-12-05,Bournemouth,Tottenham,H,2.63,3.75,2.45,2.62,3.9,2.4,2.67,3.92,2.47
2024-12-07,Aston Villa,Southampton,H,1.36,5.5,7.0,1.36,5.0,8.0,1.37,5.48,7.77
2024-12-07,Brentford,Newcastle,H,2.88,3.75,2.3,2.88,3.6,2.38,2.88,3.75,2.38
2024-12-07,Crystal Palace,Man City,D,5.5,4.2,1.57,5.5,4.2,1.6,5.38,4.39,1.6
2024-12-07,Man United,Nott'm Forest,A,1.65,3.9,5.25,1.67,4.0,5.0,1.68,4.05,5.18
2024-12-08,Tottenham,Chelsea,A,3.4,3.9,2.0,3.1,4.0,2.1,3.23,4.13,2.07
2024-12-08,Leicester,Brighton,D,4.5,3.8,1.73,4.33,4.0,1.75,4.69,4.07,1.73
2024-12-08,Ipswich,Bournemouth,A,3.5,3.75,2.0,3.5,3.7,2.05,3.68,3.76,2.01
2024-12-08,Fulham,Arsenal,D,5.0,4.33,1.6,5.5,4.2,1.6,5.33,4.22,1.63
2024-12-09,West Ham,Wolves,H,1.9,3.9,3.75,1.91,3.8,3.8,1.95,3.88,3.76
2024-12-14,Arsenal,Everton,D,1.22,6.5,12.0,1.25,5.8,13.0,1.23,6.63,12.95
2024-12-14,Liverpool,Fulham,D,1.33,5.5,8.0,1.33,5.5,8.5,1.32,6.04,8.88
2024-12-14,Newcastle,Leicester,H,1.3,6.0,8.5,1.3,5.8,9.0,1.3,6.02,8.95
2024-12-14,Wolves,Ipswich,A,1.9,3.8,3.8,1.85,3.8,3.8,1.91,3.91,3.93
2024-12-14,Nott'm Forest,Aston Villa,H,2.63,3.3,2.7,2.62,3.4,2.62,2.67,3.38,2.76
2024-12-15,Southampton,Tottenham,A,4.33,4.5,1.67,4.0,4.4,1.73,4.47,4.51,1.69
2024-12-15,Chelsea,Brentford,H,1.33,6.0,7.5,1.36,5.5,7.5,1.33,6.05,8.44
2024-12-15,Brighton,Crystal Palace,A,1.85,3.8,3.9,1.91,3.75,3.8,1.9,3.89,3.97
2024-12-15,Man City,Man United,A,1.57,4.5,5.0,1.6,4.4,5.0,1.6,4.65,5.07
2024-12-16,Bournemouth,West Ham,D,1.7,4.0,4.75,1.73,4.0,4.2,1.72,4.27,4.49
2024-12-21,Aston Villa,Man City,H,3.25,3.7,2.1,3.3,3.6,2.1,3.3,3.79,2.14
2024-12-21,Brentford,Nott'm Forest,A,2.3,3.6,2.9,2.3,3.5,3.0,2.39,3.47,3.07
2024-12-21,Ipswich,Newcastle,A,4.75,3.75,1.73,4.5,3.8,1.75,4.69,4.02,1.74
2024-12-21,West Ham,Brighton,D,2.88,3.7,2.35,2.8,3.6,2.38,2.8,3.83,2.41
2024-12-21,Crystal Palace,Arsenal,A,6.25,4.2,1.55,6.0,4.0,1.57,6.75,4.17,1.54
2024-12-22,Tottenham,Liverpool,A,4.5,4.0,1.73,4.2,4.33,1.73,4.47,4.37,1.71
2024-12-22,Leicester,Wolves,A,2.55,3.4,2.7,2.5,3.5,2.62,2.63,3.58,2.68
2024-12-22,Man United,Bournemouth,A,1.8,3.8,4.2,1.85,3.8,3.9,1.86,3.87,4.16
2024-12-22,Everton,Chelsea,D,5.0,4.2,1.62,5.0,4.0,1.62,5.48,4.09,1.64
2024-12-22,Fulham,Southampton,D,1.42,4.75,7.0,1.4,4.8,7.0,1.42,5.06,7.35
2024-12-26,Liverpool,Leicester,H,1.08,12.0,23.0,1.08,12.0,26.0,1.08,13.84,24.96
2024-12-26,Man City,Everton,D,1.33,5.5,7.5,1.35,5.0,8.5,1.34,5.73,8.52
2024-12-26,Bournemouth,Crystal Palace,D,1.9,3.8,3.8,1.91,3.6,3.7,1.92,3.85,3.94
2024-12-26,Chelsea,Fulham,A,1.48,4.75,6.0,1.5,4.75,5.8,1.47,4.98,6.32
2024-12-26,Newcastle,Aston Villa,H,1.91,3.8,3.75,1.91,3.8,3.6,1.94,4.02,3.69
2024-12-26,Nott'm Forest,Tottenham,H,2.3,3.75,2.88,2.38,3.6,2.8,2.37,3.81,2.87
2024-12-26,Southampton,West Ham,A,3.25,3.5,2.2,3.3,3.4,2.15,3.28,3.62,2.21
2024-12-26,Wolves,Man United,H,3.9,3.7,1.91,3.6,3.6,1.95,3.95,3.74,1.94
2024-12-27,Arsenal,Ipswich,H,1.14,9.0,15.0,1.17,7.5,15.0,1.15,8.67,20.05
2024-12-27,Brighton,Brentford,D,1.62,4.33,4.75,1.65,4.2,4.8,1.64,4.54,4.96
2024-12-29,Leicester,Man City,A,7.5,5.5,1.36,7.5,5.0,1.36,8.42,5.9,1.33
2024-12-29,Crystal Palace,Southampton,H,1.57,3.9,5.5,1.6,4.0,5.0,1.64,4.13,5.4
2024-12-29,Everton,Nott'm Forest,A,2.6,3.2,2.8,2.62,3.1,2.8,2.69,3.18,2.88
2024-12-29,Fulham,Bournemouth,D,2.3,3.6,2.88,2.4,3.6,2.8,2.37,3.59,3.0
2024-12-29,Tottenham,Wolves,D,1.6,5.0,4.2,1.62,4.6,4.5,1.63,4.91,4.57
2024-12-29,West Ham,Liverpool,A,7.0,5.0,1.4,6.5,5.0,1.4,7.32,5.34,1.4
2024-12-30,Aston Villa,Brighton,D,1.9,3.8,3.6,1.95,3.8,3.6,1.99,3.91,3.62
2024-12-30,Ipswich,Chelsea,H,6.5,4.75,1.42,6.5,4.8,1.44,7.1,5.2,1.42
2024-12-30,Man United,Newcastle,A,2.75,3.5,2.55,2.75,3.6,2.4,2.72,3.68,2.54
2025-01-01,Brentford,Arsenal,A,6.5,4.75,1.44,6.0,4.6,1.44,6.98,4.93,1.44
2025-01-04,Tottenham,Newcastle,A,2.88,3.8,2.25,2.8,3.9,2.25,2.97,4.06,2.22
2025-01-04,Aston Villa,Leicester,H,1.33,5.5,8.5,1.33,5.5,8.5,1.32,5.64,9.41
2025-01-04,Bournemouth,Everton,H,1.73,3.75,4.75,1.75,3.8,4.6,1.75,3.91,4.82
2025-01-04,Crystal Palace,Chelsea,D,3.8,3.75,1.91,3.5,3.8,1.95,3.69,3.97,1.95
2025-01-04,Man City,West Ham,H,1.3,6.25,7.5,1.33,5.8,8.0,1.32,6.41,8.2
2025-01-04,Southampton,Brentford,A,3.0,3.4,2.4,2.7,3.6,2.45,2.95,3.59,2.41
2025-01-04,Brighton,Arsenal,D,4.33,3.75,1.8,4.2,3.8,1.8,4.62,3.7,1.82
2025-01-05,Fulham,Ipswich,D,1.55,4.2,5.75,1.57,4.2,5.5,1.56,4.46,5.71
2025-01-05,Liverpool,Man United,D,1.29,6.25,8.0,1.3,5.8,9.5,1.29,6.14,9.37
2025-01-06,Wolves,Nott'm Forest,A,3.3,3.2,2.3,3.2,3.2,2.3,3.44,3.22,2.31
2025-01-14,Nott'm Forest,Liverpool,D,5.25,4.1,1.62,4.8,4.0,1.67,5.28,4.24,1.65
2025-01-14,West Ham,Fulham,H,3.0,3.4,2.38,2.9,3.4,2.4,3.03,3.54,2.41
2025-01-14,Chelsea,Bournemouth,D,1.48,4.75,6.0,1.44,4.5,5.5,1.5,4.96,6.17
2025-01-14,Brentford,Man City,D,4.75,4.2,1.62,4.5,4.4,1.67,4.9,4.56,1.65
2025-01-15,Everton,Aston Villa,A,3.25,3.2,2.3,3.2,3.1,2.3,3.26,3.31,2.36
2025-01-15,Leicester,Crystal Palace,A,3.9,3.6,1.91,3.75,3.7,1.95,4.01,3.76,1.93
2025-01-15,Newcastle,Wolves,H,1.36,5.5,8.0,1.36,5.0,7.5,1.36,5.73,7.91
2025-01-15,Arsenal,Tottenham,H,1.4,5.25,7.0,1.4,5.0,7.0,1.4,5.54,6.88
2025-01-16,Ipswich,Brighton,A,3.9,3.7,1.91,3.75,3.75,1.91,3.84,3.78,1.96
2025-01-16,Man United,Southampton,H,1.29,6.0,9.5,1.3,5.5,9.5,1.31,5.97,9.23
2025-01-18,Arsenal,Aston Villa,D,1.5,4.1,7.0,1.53,4.2,6.0,1.53,4.4,6.38
2025-01-18,West Ham,Crystal Palace,A,2.6,3.5,2.63,2.62,3.3,2.62,2.65,3.49,2.7
2025-01-18,Leicester,Fulham,A,4.33,3.7,1.8,3.9,3.75,1.85,4.38,3.91,1.81
2025-01-18,Brentford,Liverpool,A,6.5,5.0,1.42,6.0,5.0,1.44,6.49,5.33,1.43
2025-01-18,Newcastle,Bournemouth,A,1.62,4.2,5.0,1.65,4.2,4.8,1.65,4.33,4.99
2025-01-19,Everton,Tottenham,H,2.8,3.5,2.45,2.88,3.6,2.38,2.97,3.45,2.46
2025-01-19,Man United,Brighton,A,2.1,3.6,3.3,2.05,3.6,3.3,2.11,3.77,3.39
2025-01-19,Nott'm Forest,Southampton,H,1.38,4.75,8.0,1.4,4.6,7.5,1.4,4.92,8.27
2025-01-19,Ipswich,Man City,A,7.5,5.25,1.36,7.5,5.0,1.36,7.76,5.51,1.37
2025-01-20,Chelsea,Wolves,H,1.36,5.75,6.5,1.36,5.0,7.0,1.38,5.69,7.16
2025-01-25,Man City,Chelsea,H,2.05,4.0,3.3,2.0,4.0,3.25,2.03,4.09,3.36
2025-01-25,Wolves,Arsenal,A,7.0,4.5,1.45,6.5,4.5,1.44,6.86,4.74,1.47
2025-01-25,Southampton,Newcastle,A,6.5,5.25,1.42,6.5,4.8,1.44,7.05,5.17,1.42
2025-01-25,Brighton,Everton,A,1.67,3.75,5.5,1.65,3.9,5.0,1.68,3.83,5.5
2025-01-25,Bournemouth,Nott'm Forest,H,2.05,3.7,3.4,2.05,3.5,3.4,2.11,3.7,3.45
2025-01-25,Liverpool,Ipswich,H,1.08,12.0,15.0,1.12,10.0,19.0,1.1,11.75,21.77
2025-01-26,Crystal Palace,Brentford,A,2.05,3.75,3.3,2.05,3.6,3.5,2.06,3.7,3.59
2025-01-26,Tottenham,Leicester,A,1.45,5.5,5.5,1.44,5.0,5.8,1.46,5.37,5.94
2025-01-26,Aston Villa,West Ham,D,1.53,4.33,5.75,1.57,4.2,5.5,1.55,4.46,5.99
2025-01-26,Fulham,Man United,A,2.3,3.4,3.1,2.3,3.4,3.0,2.32,3.48,3.18
2025-02-01,Ipswich,Southampton,A,1.95,3.6,3.8,1.95,3.75,3.6,2.0,3.71,3.78
2025-02-01,Wolves,Aston Villa,H,3.3,3.6,2.1,3.3,3.6,2.1,3.43,3.56,2.17
2025-02-01,Newcastle,Fulham,A,1.7,4.0,4.75,1.73,4.0,4.4,1.71,4.14,4.74
2025-02-01,Everton,Leicester,H,1.75,3.75,4.5,1.8,3.6,4.5,1.81,3.7,4.73
2025-02-01,Bournemouth,Liverpool,A,4.5,4.33,1.67,4.5,4.2,1.67,4.68,4.35,1.68
2025-02-01,Nott'm Forest,Brighton,H,2.38,3.5,2.8,2.45,3.4,2.88,2.46,3.43,2.99
2025-02-02,Brentford,Tottenham,A,2.1,3.9,3.2,2.1,4.0,3.0,2.12,3.88,3.11
2025-02-02,Man United,Crystal Palace,A,2.0,3.5,3.8,2.05,3.4,3.6,1.98,3.49,3.83
2025-02-02,Arsenal,Man City,H,1.95,3.5,4.0,2.0,3.5,3.75,1.93,3.63,3.85
2025-02-03,Chelsea,West Ham,H,1.36,4.75,8.0,1.36,5.0,7.0,1.36,5.92,7.51
2025-02-12,Everton,Liverpool,D,7.5,4.5,1.44,7.0,4.6,1.44,7.36,4.73,1.45
2025-02-14,Brighton,Chelsea,H,2.7,3.6,2.45,2.8,3.6,2.38,2.92,3.65,2.43
2025-02-15,West Ham,Brentford,A,2.35,3.6,2.88,2.4,3.5,2.8,2.43,3.71,2.83
2025-02-15,Crystal Palace,Everton,A,1.8,3.4,5.0,1.85,3.3,4.6,1.79,3.5,5.17
2025-02-15,Southampton,Bournemouth,A,6.0,4.5,1.5,5.5,4.6,1.53,6.01,4.65,1.52
2025-02-15,Fulham,Nott'm Forest,H,2.2,3.4,3.3,2.2,3.3,3.3,2.23,3.38,3.47
2025-02-15,Aston Villa,Ipswich,D,1.4,4.75,7.0,1.4,4.75,7.0,1.41,5.02,7.6
2025-02-15,Leicester,Arsenal,A,8.5,5.0,1.33,9.5,5.0,1.33,9.47,5.42,1.34
2025-02-15,Man City,Newcastle,H,1.95,4.2,3.3,1.95,4.0,3.4,1.99,4.09,3.49
2025-02-16,Liverpool,Wolves,H,1.15,8.0,12.0,1.2,7.0,13.0,1.19,8.22,12.7
2025-02-16,Tottenham,Man United,H,2.45,3.75,2.62,2.45,3.7,2.62,2.46,3.84,2.73
2025-02-19,Aston Villa,Liverpool,D,3.9,4.0,1.83,3.8,3.9,1.85,4.02,4.09,1.85
2025-02-21,Leicester,Brentford,A,3.6,3.8,1.91,3.6,3.8,1.95,3.79,3.87,1.97
2025-02-22,Fulham,Crystal Palace,A,2.05,3.4,3.7,2.05,3.4,3.7,2.04,3.52,3.84
2025-02-22,Aston Villa,Chelsea,H,2.63,3.4,2.6,2.62,3.6,2.5,2.62,3.78,2.58
2025-02-22,Southampton,Brighton,A,6.0,4.1,1.55,5.0,4.2,1.57,5.56,4.53,1.57
2025-02-22,Ipswich,Tottenham,A,4.1,3.6,1.9,3.75,3.8,1.91,3.92,3.96,1.89
2025-02-22,Arsenal,West Ham,A,1.27,6.0,10.0,1.25,5.5,12.0,1.25,6.42,11.04
2025-02-22,Everton,Man United,D,2.5,3.2,2.9,2.6,3.1,2.88,2.58,3.23,2.98
2025-02-22,Bournemouth,Wolves,A,1.53,4.5,5.5,1.57,4.4,5.0,1.57,4.52,5.58
2025-02-23,Man City,Liverpool,A,2.88,3.8,2.25,2.88,3.75,2.3,2.95,3.97,2.26
2025-02-23,Newcastle,Nott'm Forest,H,1.8,3.8,4.2,1.8,3.9,4.0,1.84,4.03,4.1
2025-02-25,Chelsea,Southampton,H,1.17,8.0,13.0,1.17,8.0,15.0,1.17,8.97,14.66
2025-02-25,Wolves,Fulham,A,2.63,3.3,2.63,2.7,3.3,2.62,2.74,3.36,2.74
2025-02-25,Brighton,Bournemouth,H,2.0,3.8,3.3,2.05,3.75,3.3,2.06,3.84,3.53
2025-02-25,Crystal Palace,Aston Villa,H,2.45,3.4,2.8,2.5,3.25,2.8,2.57,3.42,2.89
2025-02-26,Liverpool,Newcastle,H,1.5,4.5,5.75,1.53,4.6,5.5,1.53,4.86,5.67
2025-02-26,Tottenham,Man City,A,3.25,4.0,2.0,3.2,4.0,2.0,3.23,4.15,2.07
2025-02-26,Brentford,Everton,D,2.0,3.7,3.5,2.0,3.5,3.6,2.03,3.75,3.64
2025-02-26,Man United,Ipswich,H,1.53,4.33,6.0,1.53,4.4,5.5,1.53,4.69,5.8
2025-02-26,Nott'm Forest,Arsenal,D,3.9,3.6,1.95,3.9,3.4,1.95,4.02,3.51,1.99
2025-02-27,West Ham,Leicester,H,1.62,4.2,5.0,1.62,4.0,5.0,1.63,4.21,5.34
2025-03-08,Nott'm Forest,Man City,H,4.0,3.75,1.85,3.8,3.75,1.91,3.93,3.95,1.89
2025-03-08,Brighton,Fulham,H,1.95,3.6,3.75,2.0,3.5,3.75,2.0,3.64,3.86
2025-03-08,Crystal Palace,Ipswich,H,1.45,4.75,6.25,1.44,4.4,6.5,1.5,4.56,6.67
2025-03-08,Liverpool,Southampton,H,1.1,9.0,19.0,1.12,9.5,17.0,1.12,10.6,18.75
2025-03-08,Brentford,Aston Villa,A,2.2,3.8,2.9,2.25,3.8,2.9,2.27,3.82,3.01
2025-03-08,Wolves,Everton,D,2.6,3.1,2.88,2.6,3.1,2.8,2.68,3.15,2.92
2025-03-09,Chelsea,Leicester,H,1.18,8.0,12.0,1.2,7.0,13.0,1.2,8.05,11.42
2025-03-09,Tottenham,Bournemouth,D,2.7,3.9,2.35,2.62,3.8,2.4,2.73,3.95,2.42
2025-03-09,Man United,Arsenal,D,5.75,3.5,1.7,5.0,3.5,1.73,5.61,3.65,1.71
2025-03-10,West Ham,Newcastle,A,3.25,3.4,2.2,3.1,3.6,2.2,3.3,3.62,2.2
2025-03-15,Man City,Brighton,D,1.67,4.33,4.5,1.65,4.33,4.6,1.67,4.55,4.62
2025-03-15,Southampton,Wolves,A,3.7,3.4,2.0,3.7,3.4,2.05,3.67,3.56,2.08
2025-03-15,Everton,West Ham,D,2.05,3.2,3.9,2.1,3.2,3.75,2.11,3.3,3.9
2025-03-15,Ipswich,Nott'm Forest,A,3.75,3.5,2.0,3.75,3.5,2.0,3.88,3.64,1.99
2025-03-15,Bournemouth,Brentford,A,1.73,4.2,4.2,1.75,4.0,4.2,1.77,4.21,4.29
2025-03-16,Fulham,Tottenham,H,2.0,3.75,3.6,1.95,3.9,3.4,2.03,3.88,3.53
2025-03-16,Arsenal,Chelsea,H,1.8,3.6,4.5,1.8,3.7,4.33,1.81,3.78,4.55
2025-03-16,Leicester,Man United,A,4.5,3.5,1.83,4.0,3.75,1.85,4.21,3.86,1.85
2025-04-01,Wolves,West Ham,H,2.5,3.2,2.9,,,,2.62,3.25,2.96
2025-04-01,Arsenal,Fulham,H,1.48,4.33,7.0,,,,1.5,4.21,7.79
2025-04-01,Nott'm Forest,Man United,H,2.3,3.4,3.1,,,,2.36,3.44,3.19
2025-04-02,Southampton,Crystal Palace,D,5.75,3.8,1.62,,,,5.72,4.05,1.63
2025-04-02,Liverpool,Everton,H,1.36,5.0,8.0,,,,1.36,5.19,9.2
2025-04-02,Newcastle,Brentford,H,1.73,4.5,4.0,,,,1.74,4.34,4.31
2025-04-02,Man City,Leicester,H,1.2,8.0,10.0,,,,1.2,8.18,11.84
2025-04-02,Brighton,Aston Villa,A,2.05,3.8,3.25,,,,2.11,3.85,3.33
2025-04-02,Bournemouth,Ipswich,A,1.36,5.25,7.5,,,,1.39,5.33,7.75
2025-04-03,Chelsea,Tottenham,H,1.65,4.5,4.5,,,,1.66,4.58,4.59
2025-04-05,Everton,Arsenal,D,5.25,3.25,1.75,,,,5.3,3.39,1.81
2025-04-05,Crystal Palace,Brighton,H,2.35,3.6,2.8,,,,2.5,3.46,2.9
2025-04-05,Ipswich,Wolves,A,2.7,3.25,2.63,,,,2.78,3.3,2.71
2025-04-05,West Ham,Bournemouth,D,3.0,3.5,2.3,,,,3.03,3.53,2.38
2025-04-05,Aston Villa,Nott'm Forest,H,1.95,3.6,3.7,,,,2.0,3.69,3.8
2025-04-06,Tottenham,Southampton,H,1.38,5.5,6.5,,,,1.39,5.42,7.33
2025-04-06,Man United,Man City,D,3.4,3.6,2.1,,,,3.39,3.66,2.15
2025-04-06,Brentford,Chelsea,D,3.2,3.6,2.15,,,,3.26,3.8,2.16
2025-04-06,Fulham,Liverpool,H,4.5,3.5,1.83,,,,4.27,3.75,1.87
2025-04-07,Leicester,Newcastle,A,6.5,4.2,1.48,,,,6.61,4.47,1.51
2025-04-12,Man City,Crystal Palace,H,1.5,4.75,5.75,,,,1.5,4.81,6.12
2025-04-12,Brighton,Leicester,D,1.29,6.0,10.0,,,,1.27,5.96,10.93
2025-04-12,Nott'm Forest,Everton,A,2.1,3.3,3.7,,,,2.13,3.38,3.72
2025-04-12,Southampton,Aston Villa,A,6.0,4.2,1.55,,,,5.75,4.49,1.56
2025-04-12,Arsenal,Brentford,D,1.6,4.33,5.0,,,,1.63,4.17,5.42
2025-04-13,Newcastle,Man United,H,1.65,4.2,4.75,,,,1.66,4.29,4.97
2025-04-13,Chelsea,Ipswich,D,1.27,7.0,8.5,,,,1.25,6.84,10.14
2025-04-13,Liverpool,West Ham,H,1.3,6.0,8.0,,,,1.3,6.09,9.78
2025-04-13,Wolves,Tottenham,H,2.2,3.6,3.1,,,,2.25,3.57,3.23
2025-04-14,Bournemouth,Fulham,H,2.15,3.5,3.3,,,,2.16,3.62,3.39
2025-04-16,Newcastle,Crystal Palace,H,1.67,3.9,5.0,,,,1.72,4.01,4.84
2025-04-19,Brentford,Brighton,H,2.4,3.75,2.63,,,,2.56,3.59,2.75
2025-04-19,Crystal Palace,Bournemouth,D,2.45,3.6,2.63,,,,2.59,3.61,2.71
2025-04-19,Everton,Man City,A,3.7,3.6,1.91,,,,3.79,3.74,1.99
2025-04-19,West Ham,Southampton,D,1.48,4.33,6.5,,,,1.5,4.61,6.49
2025-04-19,Aston Villa,Newcastle,H,2.3,3.6,2.75,,,,2.38,3.7,2.92
2025-04-20,Fulham,Chelsea,A,2.7,3.7,2.35,,,,2.9,3.55,2.45
2025-04-20,Ipswich,Arsenal,A,8.0,4.5,1.4,,,,7.87,4.95,1.41
2025-04-20,Man United,Wolves,A,2.0,3.6,3.6,,,,2.01,3.63,3.82
2025-04-20,Leicester,Liverpool,A,11.0,6.25,1.22,,,,11.65,6.96,1.23
2025-04-21,Tottenham,Nott'm Forest,A,2.45,3.6,2.63,,,,2.52,3.78,2.69
2025-04-22,Man City,Aston Villa,H,1.8,4.1,3.9,,,,1.87,4.09,4.0
2025-04-23,Arsenal,Crystal Palace,D,1.4,4.75,7.5,,,,1.42,4.74,8.22
2025-04-26,Chelsea,Everton,H,1.55,4.0,6.0,,,,1.58,4.17,6.05
2025-04-26,Brighton,West Ham,H,1.67,4.2,4.75,,,,1.7,4.2,4.75
2025-04-26,Newcastle,Ipswich,H,1.18,7.5,13.0,,,,1.18,8.02,14.29
2025-04-26,Southampton,Fulham,A,5.25,4.0,1.6,,,,5.28,4.2,1.64
2025-04-26,Wolves,Leicester,H,1.5,4.2,6.25,,,,1.52,4.45,6.49
2025-04-27,Bournemouth,Man United,D,1.67,4.0,4.5,,,,1.68,4.21,4.86
2025-04-27,Liverpool,Tottenham,H,1.25,6.0,11.0,,,,1.27,6.89,9.07
2025-05-01,Nott'm Forest,Brentford,A,2.15,3.5,3.25,,,,2.2,3.58,3.34
2025-05-02,Man City,Wolves,H,1.4,4.75,7.5,,,,1.41,5.27,7.55
2025-05-03,Arsenal,Bournemouth,A,2.05,3.7,3.4,,,,2.07,3.63,3.62
2025-05-03,Leicester,Southampton,H,2.3,3.6,2.88,,,,2.37,3.7,2.93
2025-05-03,Aston Villa,Fulham,H,1.77,3.75,4.5,,,,1.82,3.96,4.27
2025-05-03,Everton,Ipswich,D,1.45,4.33,6.5,,,,1.47,4.53,7.28
2025-05-04,Brentford,Man United,H,1.65,4.1,4.75,,,,1.7,4.23,4.7
2025-05-04,Brighton,Newcastle,D,2.88,3.7,2.3,,,,2.92,3.82,2.33
2025-05-04,West Ham,Tottenham,D,2.1,3.7,3.25,,,,2.08,3.73,3.5
2025-05-04,Chelsea,Liverpool,H,2.15,3.7,3.1,,,,2.19,3.78,3.21
2025-05-05,Crystal Palace,Nott'm Forest,D,2.25,3.4,3.2,,,,2.31,3.44,3.23
2025-05-10,Bournemouth,Aston Villa,A,2.4,3.6,2.75,,,,2.46,3.75,2.78
2025-05-10,Southampton,Man City,D,11.0,7.5,1.2,,,,14.01,7.65,1.19
2025-05-10,Wolves,Brighton,A,2.7,3.5,2.5,,,,2.76,3.47,2.61
2025-05-10,Fulham,Everton,A,1.82,3.4,4.5,,,,1.88,3.57,4.45
2025-05-10,Ipswich,Brentford,A,5.0,4.0,1.65,,,,5.1,4.21,1.66
2025-05-11,Newcastle,Chelsea,H,2.1,3.75,3.1,,,,2.15,3.78,3.28
2025-05-11,Man United,West Ham,A,1.9,3.6,4.0,,,,1.93,3.78,3.95
2025-05-11,Nott'm Forest,Leicester,D,1.33,5.25,8.0,,,,1.34,5.56,8.99
2025-05-11,Tottenham,Crystal Palace,A,2.63,3.6,2.5,,,,2.69,3.74,2.54
2025-05-11,Liverpool,Arsenal,D,2.0,3.6,3.6,,,,2.08,3.54,3.71
2025-05-16,Aston Villa,Tottenham,H,1.3,6.0,8.5,,,,1.33,6.02,8.61
2025-05-16,Chelsea,Man United,H,1.44,5.0,6.25,,,,1.47,4.89,6.68
2025-05-18,Arsenal,Newcastle,H,1.95,3.7,3.7,,,,2.03,3.58,3.83
2025-05-18,Leicester,Ipswich,H,2.3,3.6,2.9,,,,2.37,3.65,2.97
2025-05-18,West Ham,Nott'm Forest,A,2.75,3.3,2.55,,,,2.84,3.43,2.56
2025-05-18,Everton,Southampton,H,1.4,4.75,7.5,,,,1.4,4.9,8.19
2025-05-18,Brentford,Fulham,A,1.91,3.9,3.6,,,,1.96,3.95,3.68
2025-05-19,Brighton,Liverpool,H,2.6,3.75,2.45,,,,2.69,3.83,2.49
2025-05-20,Crystal Palace,Wolves,H,2.25,3.3,3.2,,,,2.29,3.37,3.34
2025-05-20,Man City,Bournemouth,H,1.55,4.33,5.75,,,,1.57,4.52,5.6
2025-05-25,Liverpool,Crystal Palace,D,1.4,6.0,5.75,,,,1.42,5.68,6.36
2025-05-25,Bournemouth,Leicester,H,1.33,5.25,8.5,,,,1.34,5.82,8.37
2025-05-25,Fulham,Man City,A,5.0,4.2,1.6,,,,5.54,4.19,1.62
2025-05-25,Ipswich,West Ham,A,3.0,3.8,2.2,,,,3.02,3.9,2.24
2025-05-25,Man United,Aston Villa,H,4.33,4.2,1.7,,,,4.4,4.26,1.74
2025-05-25,Newcastle,Everton,A,1.33,5.5,8.5,,,,1.33,5.85,8.55
2025-05-25,Nott'm Forest,Chelsea,A,3.0,3.75,2.2,,,,3.15,3.76,2.22
2025-05-25,Southampton,Arsenal,A,8.5,6.0,1.3,,,,9.46,5.85,1.3
2025-05-25,Tottenham,Brighton,A,4.2,4.33,1.7,,,,4.33,4.52,1.71
2025-05-25,Wolves,Brentford,D,2.7,3.7,2.45,,,,2.74,3.83,2.45
2025-08-15,Liverpool,Bournemouth,H,1.3,6.0,8.5,,,,1.28,6.56,9.07
2025-08-16,Tottenham,Burnley,H,1.38,4.75,8.5,,,,1.4,4.71,8.79
2025-08-16,Sunderland,West Ham,H,3.25,3.4,2.25,,,,3.27,3.43,2.29
2025-08-16,Wolves,Man City,A,6.25,4.75,1.45,,,,6.72,4.92,1.46
2025-08-16,Aston Villa,Newcastle,D,2.25,3.5,2.9,,,,2.24,3.72,3.13
2025-08-16,Brighton,Fulham,D,1.91,3.6,4.0,,,,1.94,3.73,3.98
2025-08-17,Nott'm Forest,Brentford,H,2.2,3.3,3.5,,,,2.25,3.38,3.4
2025-08-17,Man United,Arsenal,A,3.6,3.6,1.95,,,,3.74,3.72,2.01
2025-08-17,Chelsea,Crystal Palace,D,1.62,4.33,4.5,,,,1.66,4.12,5.25
2025-08-18,Leeds,Everton,H,2.38,3.3,3.0,,,,2.37,3.52,3.06
2025-08-22,West Ham,Chelsea,A,4.75,3.8,1.73,,,,4.94,3.95,1.74
2025-08-23,Man City,Tottenham,A,1.48,4.5,6.25,,,,1.49,5.0,6.01
2025-08-23,Bournemouth,Wolves,H,1.8,3.8,4.2,,,,1.79,3.98,4.4
2025-08-23,Brentford,Aston Villa,H,3.1,3.6,2.2,,,,3.26,3.49,2.27
2025-08-23,Burnley,Sunderland,H,2.2,3.2,3.5,,,,2.21,3.26,3.63
2025-08-23,Arsenal,Leeds,H,1.27,6.25,9.5,,,,1.28,6.21,9.68
2025-08-24,Crystal Palace,Nott'm Forest,D,2.35,3.3,3.1,,,,2.41,3.25,3.22
2025-08-24,Everton,Brighton,H,3.1,3.3,2.3,,,,3.16,3.36,2.38
2025-08-24,Fulham,Man United,D,3.25,3.5,2.15,,,,3.3,3.54,2.23
2025-08-25,Newcastle,Liverpool,A,3.25,3.8,2.05,,,,3.29,3.92,2.11
2025-08-30,Leeds,Newcastle,D,3.5,3.4,2.1,,,,3.47,3.54,2.16
2025-08-30,Wolves,Everton,A,2.7,3.2,2.75,,,,2.74,3.23,2.79
2025-08-30,Tottenham,Bournemouth,A,1.73,4.2,4.2,,,,1.76,4.14,4.39
2025-08-30,Chelsea,Fulham,H,1.55,4.33,5.25,,,,1.57,4.37,5.75
2025-08-30,Man United,Burnley,H,1.33,5.25,8.0,,,,1.36,5.39,8.45
2025-08-30,Sunderland,Brentford,H,3.0,3.3,2.4,,,,3.03,3.24,2.53
2025-08-31,Brighton,Man City,H,3.8,3.9,1.9,,,,3.92,3.89,1.91
2025-08-31,Nott'm Forest,West Ham,A,1.67,3.75,5.25,,,,1.69,3.98,5.13
2025-08-31,Liverpool,Arsenal,H,2.2,3.5,3.2,,,,2.27,3.47,3.28
2025-08-31,Aston Villa,Crystal Palace,A,1.85,3.7,4.0,,,,1.9,3.69,4.21
2025-09-13,Newcastle,Wolves,H,1.42,4.75,7.0,,,,1.43,4.93,7.21
2025-09-13,Brentford,Chelsea,D,4.5,3.9,1.73,,,,4.63,3.95,1.76
2025-09-13,West Ham,Tottenham,A,3.4,3.6,2.1,,,,3.55,3.62,2.1
2025-09-13,Fulham,Leeds,H,1.91,3.5,4.0,,,,1.99,3.56,3.99
2025-09-13,Arsenal,Nott'm Forest,H,1.38,5.0,8.0,,,,1.38,5.25,8.14
2025-09-13,Crystal Palace,Sunderland,D,1.65,3.75,5.75,,,,1.69,3.77,5.51
2025-09-13,Bournemouth,Brighton,H,2.35,3.5,2.9,,,,2.4,3.57,2.98
2025-09-13,Everton,Aston Villa,D,2.45,3.3,2.9,,,,2.46,3.41,3.01
2025-09-14,Burnley,Liverpool,A,8.0,5.5,1.33,,,,9.0,5.44,1.34
2025-09-14,Man City,Man United,H,1.75,4.0,4.2,,,,1.8,4.0,4.33
2025-09-20,Fulham,Brentford,H,2.0,3.4,3.8,,,,2.05,3.44,3.92
2025-09-20,Man United,Chelsea,H,2.6,3.8,2.45,,,,2.71,3.74,2.52
2025-09-20,Wolves,Leeds,A,2.7,3.2,2.75,,,,2.78,3.21,2.76
2025-09-20,West Ham,Crystal Palace,A,2.88,3.5,2.38,,,,3.09,3.39,2.41
2025-09-20,Brighton,Tottenham,D,2.25,3.7,3.0,,,,2.28,3.67,3.1
2025-09-20,Liverpool,Everton,H,1.45,4.75,6.5,,,,1.45,4.7,7.25
2025-09-20,Burnley,Nott'm Forest,D,3.4,3.3,2.2,,,,3.43,3.47,2.2
2025-09-21,Bournemouth,Newcastle,D,2.5,3.5,2.7,,,,2.47,3.57,2.87
2025-09-21,Sunderland,Aston Villa,D,3.4,3.5,2.1,,,,3.71,3.37,2.14
2025-09-21,Arsenal,Man City,D,1.85,3.9,3.8,,,,1.92,3.8,3.99
2025-09-27,Nott'm Forest,Sunderland,A,1.75,3.75,4.5,,,,1.78,3.82,4.76
2025-09-27,Tottenham,Wolves,D,1.5,4.5,6.0,,,,1.49,4.96,6.08
2025-09-27,Man City,Burnley,H,1.17,7.5,15.0,,,,1.17,8.36,14.45
2025-09-27,Leeds,Bournemouth,D,3.1,3.25,2.38,,,,2.99,3.32,2.51
2025-09-27,Crystal Palace,Liverpool,H,3.8,3.8,1.9,,,,3.93,3.73,1.95
2025-09-27,Chelsea,Brighton,A,1.85,3.8,3.8,,,,1.9,3.86,3.98
2025-09-27,Brentford,Man United,H,3.4,3.8,2.0,,,,3.47,3.79,2.07
2025-09-28,Aston Villa,Fulham,H,2.3,3.1,3.4,,,,2.3,3.15,3.55
2025-09-28,Newcastle,Arsenal,A,3.6,3.4,2.1,,,,3.64,3.4,2.15
2025-09-29,Everton,West Ham,D,1.7,3.75,5.0,,,,1.74,3.88,4.9
2025-10-03,Bournemouth,Fulham,H,1.95,3.5,3.9,,,,1.99,3.6,3.93
2025-10-04,Chelsea,Liverpool,H,2.8,3.75,2.3,,,,2.92,3.89,2.3
2025-10-04,Man United,Sunderland,H,1.5,4.75,5.75,,,,1.51,4.7,6.18
2025-10-04,Leeds,Tottenham,A,2.7,3.5,2.5,,,,2.78,3.56,2.55
2025-10-04,Arsenal,West Ham,H,1.18,6.5,17.0,,,,1.21,6.93,13.68
2025-10-05,Aston Villa,Burnley,H,1.6,4.0,5.75,,,,1.6,3.99,6.21
2025-10-05,Everton,Crystal Palace,H,2.45,3.25,3.0,,,,2.59,3.26,2.95
2025-10-05,Newcastle,Nott'm Forest,H,1.57,4.2,5.5,,,,1.63,4.3,5.27
2025-10-05,Wolves,Brighton,D,3.6,3.7,2.0,,,,3.82,3.68,1.99
2025-10-05,Brentford,Man City,A,4.75,4.5,1.62,,,,4.87,4.5,1.64
2025-10-18,Man City,Everton,H,1.4,5.0,7.0,,,,1.39,5.29,7.71
2025-10-18,Sunderland,Wolves,H,2.5,3.0,3.1,,,,2.5,3.07,3.25
2025-10-18,Crystal Palace,Bournemouth,D,2.2,3.4,3.25,,,,2.23,3.4,3.43
2025-10-18,Fulham,Arsenal,A,5.75,4.1,1.55,,,,5.98,4.46,1.55
2025-10-18,Brighton,Newcastle,H,2.63,3.4,2.6,,,,2.71,3.52,2.64
2025-10-18,Nott'm Forest,Chelsea,A,3.7,3.8,1.95,,,,3.77,3.88,1.95
2025-10-18,Burnley,Leeds,H,3.25,3.25,2.25,,,,3.43,3.29,2.28
2025-10-19,Tottenham,Aston Villa,A,2.05,3.5,3.5,,,,2.07,3.77,3.5
2025-10-19,Liverpool,Man United,A,1.6,4.5,5.0,,,,1.63,4.27,5.32
2025-10-20,West Ham,Brentford,A,2.5,3.25,2.88,,,,2.54,3.43,2.87
2025-10-24,Leeds,West Ham,H,1.8,3.5,4.75,,,,1.82,3.72,4.72
2025-10-25,Chelsea,Sunderland,A,1.36,4.75,9.0,,,,1.38,5.22,8.0
2025-10-25,Newcastle,Fulham,H,1.62,3.9,5.5,,,,1.65,3.97,5.59
2025-10-25,Man United,Brighton,H,1.95,3.8,3.5,,,,2.0,3.92,3.57
2025-10-25,Brentford,Liverpool,H,4.1,4.2,1.75,,,,4.25,4.18,1.78
2025-10-26,Everton,Tottenham,A,2.35,3.4,3.0,,,,2.42,3.33,3.13
2025-10-26,Wolves,Burnley,A,1.95,3.3,4.2,,,,2.0,3.39,4.18
2025-10-26,Aston Villa,Man City,H,4.33,3.8,1.8,,,,4.24,4.06,1.81
2025-10-26,Arsenal,Crystal Palace,H,1.4,4.75,7.5,,,,1.44,4.71,7.49
2025-10-26,Bournemouth,Nott'm Forest,H,1.8,3.8,4.33,,,,1.79,3.96,4.48
2025-11-01,Brighton,Leeds,H,1.85,3.75,4.0,,,,1.89,3.77,4.15
2025-11-01,Burnley,Arsenal,A,10.0,6.0,1.27,,,,9.99,6.26,1.28
2025-11-01,Crystal Palace,Brentford,H,1.91,3.6,3.9,,,,1.94,3.68,4.01
2025-11-01,Fulham,Wolves,H,1.83,3.5,4.5,,,,1.88,3.54,4.56
2025-11-01,Nott'm Forest,Man United,D,3.3,3.75,2.05,,,,3.43,3.87,2.06
2025-11-01,Tottenham,Chelsea,A,2.7,3.5,2.5,,,,2.73,3.63,2.56
2025-11-01,Liverpool,Aston Villa,H,1.65,4.33,4.5,,,,1.66,4.21,5.07
2025-11-02,Man City,Bournemouth,H,1.5,4.75,5.75,,,,1.51,4.75,6.02
2025-11-02,West Ham,Newcastle,H,5.25,4.0,1.62,,,,5.07,4.45,1.63
2025-11-03,Sunderland,Everton,D,2.7,3.2,2.7,,,,2.82,3.18,2.75
2025-11-08,Chelsea,Wolves,H,1.36,4.75,8.5,,,,1.37,5.26,8.42
2025-11-08,Sunderland,Arsenal,D,7.5,5.0,1.38,,,,7.56,5.01,1.41
2025-11-08,Everton,Fulham,H,2.2,3.3,3.4,,,,2.26,3.35,3.41
2025-11-08,Tottenham,Man United,D,2.63,3.6,2.5,,,,2.72,3.59,2.58
2025-11-08,West Ham,Burnley,H,1.91,3.5,4.0,,,,1.95,3.58,4.12
2025-11-09,Aston Villa,Bournemouth,H,2.2,3.4,3.25,,,,2.25,3.49,3.29
2025-11-09,Brentford,Newcastle,H,2.8,3.5,2.45,,,,2.97,3.39,2.5
2025-11-09,Crystal Palace,Brighton,D,2.25,3.5,3.1,,,,2.3,3.62,3.1
2025-11-09,Nott'm Forest,Leeds,H,2.25,3.25,3.3,,,,2.29,3.45,3.27
2025-11-09,Man City,Liverpool,H,1.9,3.9,3.7,,,,1.88,4.08,3.85
2025-11-22,Liverpool,Nott'm Forest,A,1.44,5.0,6.25,,,,1.45,4.9,6.9
2025-11-22,Newcastle,Man City,H,3.6,3.8,1.95,,,,3.69,3.8,2.0
2025-11-22,Wolves,Crystal Palace,A,3.8,3.6,1.95,,,,3.92,3.62,1.99
2025-11-22,Brighton,Brentford,H,1.91,3.6,4.0,,,,1.96,3.6,4.05
2025-11-22,Bournemouth,West Ham,D,1.62,4.2,4.75,,,,1.65,4.16,5.26
2025-11-22,Burnley,Chelsea,A,6.25,4.5,1.48,,,,6.45,4.73,1.49
2025-11-22,Fulham,Sunderland,H,2.1,3.25,3.75,,,,2.12,3.24,3.95
2025-11-23,Leeds,Aston Villa,A,3.0,3.3,2.4,,,,3.05,3.27,2.51
2025-11-23,Arsenal,Tottenham,H,1.42,4.75,7.5,,,,1.43,4.75,7.88
2025-11-24,Man United,Everton,A,1.75,4.0,4.33,,,,1.8,3.76,4.68
2025-11-29,Tottenham,Fulham,A,2.2,3.3,3.3,,,,2.3,3.31,3.38
2025-11-29,Everton,Newcastle,A,2.8,3.25,2.63,,,,2.79,3.38,2.64
2025-11-29,Sunderland,Bournemouth,H,3.2,3.3,2.3,,,,3.14,3.4,2.38
2025-11-29,Man City,Leeds,H,1.22,6.5,12.0,,,,1.25,6.77,10.58
2025-11-29,Brentford,Burnley,H,1.45,4.5,7.0,,,,1.47,4.72,6.95
2025-11-30,Chelsea,Arsenal,D,3.4,3.3,2.2,,,,3.47,3.33,2.25
2025-11-30,West Ham,Liverpool,A,4.33,4.33,1.67,,,,4.45,4.22,1.74
2025-11-30,Crystal Palace,Man United,A,2.3,3.4,3.1,,,,2.29,3.62,3.11
2025-11-30,Aston Villa,Wolves,H,1.5,4.33,6.5,,,,1.48,4.76,6.56
2025-11-30,Nott'm Forest,Brighton,A,2.75,3.3,2.63,,,,2.81,3.46,2.58
2025-12-02,Bournemouth,Everton,A,2.2,3.25,3.3,,,,2.28,3.36,3.43
2025-12-02,Fulham,Man City,A,4.33,4.1,1.73,,,,4.73,4.13,1.72
2025-12-02,Newcastle,Tottenham,D,1.83,3.8,4.1,,,,1.85,3.87,4.29
2025-12-03,Arsenal,Brentford,H,1.36,5.0,8.5,,,,1.35,5.41,8.75
2025-12-03,Brighton,Aston Villa,A,2.15,3.5,3.4,,,,2.18,3.58,3.37
2025-12-03,Burnley,Crystal Palace,A,4.5,3.8,1.75,,,,4.64,3.81,1.79
2025-12-03,Wolves,Nott'm Forest,A,3.25,3.4,2.25,,,,3.27,3.37,2.32
2025-12-03,Leeds,Chelsea,H,4.1,4.1,1.8,,,,4.27,4.05,1.8
2025-12-03,Liverpool,Sunderland,D,1.36,5.25,7.0,,,,1.37,5.44,8.12
2025-12-04,Man United,West Ham,D,1.45,5.0,6.0,,,,1.47,4.9,6.52
2025-12-06,Newcastle,Burnley,H,1.27,6.0,9.5,,,,1.27,6.25,10.24
2025-12-06,Tottenham,Brentford,H,2.3,3.5,3.0,,,,2.39,3.42,3.09
2025-12-06,Man City,Sunderland,H,1.25,6.5,10.0,,,,1.24,6.68,11.08
2025-12-06,Leeds,Liverpool,D,3.8,4.0,1.85,,,,3.96,3.85,1.91
2025-12-06,Bournemouth,Chelsea,D,3.1,3.75,2.15,,,,3.15,3.83,2.2
2025-12-06,Aston Villa,Arsenal,H,4.2,3.5,1.9,,,,4.32,3.53,1.92
2025-12-06,Everton,Nott'm Forest,H,2.2,3.2,3.5,,,,2.23,3.24,3.63
2025-12-07,Brighton,West Ham,D,1.55,4.33,5.75,,,,1.56,4.52,5.73
2025-12-07,Fulham,Crystal Palace,A,2.55,3.3,2.8,,,,2.59,3.35,2.87
2025-12-08,Wolves,Man United,A,4.2,4.0,1.75,,,,4.19,4.01,1.83
2025-12-13,Chelsea,Everton,H,1.67,3.8,5.25,,,,1.67,4.04,5.3
2025-12-13,Liverpool,Brighton,H,1.67,4.0,4.75,,,,1.69,4.32,4.68
2025-12-13,Burnley,Fulham,A,4.0,3.5,1.91,,,,3.98,3.59,1.98
2025-12-13,Arsenal,Wolves,H,1.13,8.5,21.0,,,,1.14,8.77,21.15
2025-12-14,Crystal Palace,Man City,A,3.9,3.9,1.85,,,,4.05,3.99,1.86
2025-12-14,Nott'm Forest,Tottenham,H,2.55,3.3,2.8,,,,2.6,3.4,2.82
2025-12-14,Sunderland,Newcastle,H,3.3,3.3,2.25,,,,3.43,3.33,2.26
2025-12-14,West Ham,Aston Villa,A,3.75,3.5,2.0,,,,3.76,3.57,2.05
2025-12-14,Brentford,Leeds,D,1.91,3.6,4.0,,,,1.97,3.69,3.89
2025-12-15,Man United,Bournemouth,D,1.83,4.0,3.8,,,,1.84,4.21,3.93
2025-12-20,Newcastle,Chelsea,D,2.75,3.6,2.45,,,,2.87,3.41,2.55
2025-12-20,Bournemouth,Burnley,D,1.48,4.33,6.5,,,,1.48,4.65,6.73
2025-12-20,Brighton,Sunderland,D,1.67,4.0,5.25,,,,1.63,4.15,5.5
2025-12-20,Man City,West Ham,H,1.22,8.0,10.0,,,,1.2,7.87,12.43
2025-12-20,Wolves,Brentford,A,3.5,3.6,2.05,,,,3.66,3.56,2.08
2025-12-20,Tottenham,Liverpool,A,3.5,3.75,2.0,,,,3.42,3.8,2.09
2025-12-20,Everton,Arsenal,A,5.75,4.1,1.57,,,,6.18,4.09,1.58
2025-12-20,Leeds,Crystal Palace,H,2.6,3.3,2.75,,,,2.66,3.32,2.81
2025-12-21,Aston Villa,Man United,H,2.1,3.6,3.3,,,,2.08,3.73,3.49
2025-12-22,Fulham,Nott'm Forest,H,2.4,3.25,3.0,,,,2.51,3.29,3.01
2025-12-26,Man United,Newcastle,H,2.55,3.6,2.6,,,,2.57,3.71,2.67
2025-12-27,Nott'm Forest,Man City,A,5.0,4.33,1.6,,,,5.26,4.53,1.6
2025-12-27,Arsenal,Brighton,H,1.42,4.75,7.0,,,,1.39,5.09,8.08
2025-12-27,Brentford,Bournemouth,H,2.25,3.6,3.0,,,,2.31,3.67,3.05
2025-12-27,Burnley,Everton,D,4.1,3.4,1.95,,,,4.12,3.35,2.03
2025-12-27,Liverpool,Wolves,H,1.25,6.5,10.0,,,,1.23,7.02,11.7
2025-12-27,West Ham,Fulham,A,2.63,3.4,2.6,,,,2.69,3.49,2.67
2025-12-27,Chelsea,Aston Villa,A,1.83,3.9,4.0,,,,1.85,3.95,4.1
2025-12-28,Sunderland,Leeds,D,2.5,3.1,2.88,,,,2.63,3.31,2.86
2025-12-28,Crystal Palace,Tottenham,A,2.25,3.25,3.2,,,,2.29,3.34,3.36
2025-12-30,Man United,Wolves,D,1.36,5.25,8.0,,,,1.37,5.38,8.33
2025-12-30,Arsenal,Aston Villa,H,1.42,4.75,7.0,,,,1.43,4.97,7.51
2025-12-30,West Ham,Brighton,D,3.4,3.75,2.0,,,,3.6,3.82,2.05
2025-12-30,Burnley,Newcastle,A,5.25,4.2,1.6,,,,5.67,4.28,1.61
2025-12-30,Chelsea,Bournemouth,D,1.5,4.75,5.75,,,,1.53,4.74,5.95
2025-12-30,Nott'm Forest,Everton,A,2.1,3.25,3.7,,,,2.13,3.31,3.88
2026-01-01,Sunderland,Man City,D,7.5,4.75,1.38,,,,7.71,5.15,1.4
2026-01-01,Crystal Palace,Fulham,D,2.15,3.3,3.4,,,,2.2,3.34,3.59
2026-01-01,Liverpool,Leeds,D,1.55,4.5,5.5,,,,1.55,4.45,5.94
2026-01-01,Brentford,Tottenham,D,2.1,3.6,3.2,,,,2.18,3.49,3.48
2026-01-03,Wolves,West Ham,H,2.5,3.3,2.88,,,,2.53,3.44,2.88
2026-01-03,Bournemouth,Arsenal,A,6.5,4.75,1.44,,,,6.16,5.04,1.48
2026-01-03,Aston Villa,Nott'm Forest,H,1.75,3.9,4.5,,,,1.76,3.86,4.83
2026-01-03,Brighton,Burnley,H,1.48,4.33,7.0,,,,1.5,4.54,6.59
2026-01-04,Man City,Chelsea,D,1.6,4.75,4.5,,,,1.65,4.66,4.64
2026-01-04,Fulham,Liverpool,D,3.8,3.75,1.91,,,,3.75,3.84,1.97
2026-01-04,Tottenham,Sunderland,D,1.8,3.6,4.5,,,,1.83,3.85,4.39
2026-01-04,Leeds,Man United,D,2.7,3.3,2.63,,,,2.71,3.57,2.61
2026-01-04,Everton,Brentford,A,2.35,3.25,3.1,,,,2.45,3.16,3.24
2026-01-04,Newcastle,Crystal Palace,H,1.7,3.9,4.75,,,,1.71,4.04,4.86
2026-01-06,West Ham,Nott'm Forest,A,2.88,3.25,2.2,,,,3.29,3.37,2.34
2026-01-07,Bournemouth,Tottenham,H,2.1,3.6,3.3,,,,2.14,3.72,3.36
2026-01-07,Brentford,Sunderland,H,1.85,3.5,4.33,,,,1.85,3.63,4.56
2026-01-07,Crystal Palace,Aston Villa,D,3.1,3.3,2.3,,,,3.14,3.4,2.38
2026-01-07,Everton,Wolves,D,1.75,3.5,5.0,,,,1.79,3.57,5.06
2026-01-07,Fulham,Chelsea,H,3.4,3.6,2.05,,,,3.45,3.76,2.09
2026-01-07,Man City,Brighton,D,1.4,5.25,6.5,,,,1.4,5.43,7.17
2026-01-07,Burnley,Man United,D,4.75,4.0,1.7,,,,4.92,4.15,1.69
2026-01-07,Newcastle,Leeds,H,1.67,3.8,5.0,,,,1.7,3.89,5.19
2026-01-08,Arsenal,Liverpool,D,1.6,4.1,5.0,,,,1.6,4.35,5.49
2026-01-17,Man United,Man City,H,3.7,3.8,1.91,,,,,,
2026-01-17,Chelsea,Brentford,H,1.73,4.0,4.75,,,,,,
2026-01-17,Leeds,Fulham,H,2.15,3.3,3.5,,,,,,
2026-01-17,Liverpool,Burnley,D,1.22,6.5,11.0,,,,,,
2026-01-17,Sunderland,Crystal Palace,H,2.75,3.1,2.75,,,,,,
2026-01-17,Tottenham,West Ham,A,1.73,4.0,4.5,,,,,,
2026-01-17,Nott'm Forest,Arsenal,D,6.0,4.33,1.53,,,,,,
2026-01-18,Wolves,Newcastle,D,4.75,4.0,1.7,,,,,,
2026-01-18,Aston Villa,Everton,A,1.67,3.9,5.25,,,,,,
2026-01-19,Brighton,Bournemouth,D,1.85,3.9,3.8,,,,,,
2026-01-24,Bournemouth,Liverpool,H,3.75,3.8,1.9,,,,,,
2026-01-24,Man City,Wolves,H,1.2,7.0,11.0,,,,,,
2026-01-24,West Ham,Sunderland,H,2.5,3.2,2.88,,,,,,
2026-01-24,Burnley,Tottenham,D,3.7,3.5,2.05,,,,,,
2026-01-24,Fulham,Brighton,H,2.6,3.4,2.7,,,,,,
2026-01-25,Brentford,Nott'm Forest,A,1.91,3.5,4.1,,,,,,
2026-01-25,Crystal Palace,Chelsea,A,3.5,3.8,2.0,,,,,,
2026-01-25,Newcastle,Aston Villa,A,1.95,3.7,3.7,,,,,,
2026-01-25,Arsenal,Man United,A,1.55,4.2,6.0,,,,,,
2026-01-26,Everton,Leeds,D,2.5,3.25,2.9,,,,,,
2026-01-31,Liverpool,Newcastle,H,1.8,3.9,4.1,,,,,,
2026-01-31,Wolves,Bournemouth,A,2.9,3.5,2.3,,,,,,
2026-01-31,Chelsea,West Ham,H,1.5,4.5,6.0,,,,,,
2026-01-31,Brighton,Everton,D,1.85,3.6,4.1,,,,,,
2026-01-31,Leeds,Arsenal,A,5.75,4.2,1.55,,,,,,
2026-02-01,Aston Villa,Brentford,A,2.1,3.5,3.4,,,,,,
2026-02-01,Man United,Fulham,H,1.57,4.5,5.0,,,,,,
2026-02-01,Nott'm Forest,Crystal Palace,D,1.95,3.5,3.9,,,,,,
2026-02-01,Tottenham,Man City,D,4.5,4.1,1.73,,,,,,
2026-02-02,Sunderland,Burnley,H,1.8,3.5,4.75,,,,,,
2026-02-06,Leeds,Nott'm Forest,H,2.2,3.3,3.4,,,,,,
2026-02-07,Wolves,Chelsea,A,5.0,4.0,1.67,,,,,,
2026-02-07,Newcastle,Brentford,A,2.1,3.5,3.5,,,,,,
2026-02-07,Fulham,Everton,A,2.1,3.25,3.75,,,,,,
2026-02-07,Man United,Tottenham,H,1.57,4.5,5.0,,,,,,
2026-02-07,Bournemouth,Aston Villa,D,2.7,3.5,2.5,,,,,,
2026-02-07,Arsenal,Sunderland,H,1.22,6.25,12.0,,,,,,
2026-02-07,Burnley,West Ham,A,3.3,3.5,2.15,,,,,,
2026-02-08,Brighton,Crystal Palace,A,1.95,3.5,3.9,,,,,,
2026-02-08,Liverpool,Man City,A,2.38,3.7,2.75,,,,,,
2026-02-10,Tottenham,Newcastle,A,3.2,3.6,2.2,,,,,,
2026-02-10,West Ham,Man United,D,4.5,4.2,1.7,,,,,,
2026-02-10,Chelsea,Leeds,D,1.55,4.33,5.5,,,,,,
2026-02-10,Everton,Bournemouth,A,2.38,3.4,3.0,,,,,,
2026-02-11,Aston Villa,Brighton,H,1.91,3.7,3.8,,,,,,
2026-02-11,Crystal Palace,Burnley,A,1.57,4.0,6.25,,,,,,
2026-02-11,Man City,Fulham,H,1.36,5.5,7.0,,,,,,
2026-02-11,Nott'm Forest,Wolves,D,1.7,3.8,5.0,,,,,,
2026-02-11,Sunderland,Liverpool,A,4.75,3.8,1.73,,,,,,
2026-02-12,Brentford,Arsenal,D,4.75,3.9,1.7,,,,,,
2026-02-18,Wolves,Arsenal,D,11.0,5.25,1.29,,,,,,
2026-02-21,Man City,Newcastle,H,1.45,5.0,5.5,,,,,,
2026-02-21,Chelsea,Burnley,D,1.22,6.5,12.0,,,,,,
2026-02-21,West Ham,Bournemouth,D,2.5,3.7,2.63,,,,,,
2026-02-21,Aston Villa,Leeds,D,1.85,3.6,4.33,,,,,,
2026-02-21,Brentford,Brighton,A,2.0,3.7,3.5,,,,,,
2026-02-22,Crystal Palace,Wolves,H,1.65,4.0,5.0,,,,,,
2026-02-22,Nott'm Forest,Liverpool,A,4.1,3.9,1.8,,,,,,
2026-02-22,Sunderland,Fulham,A,2.7,3.25,2.7,,,,,,
2026-02-22,Tottenham,Arsenal,A,6.0,4.0,1.57,,,,,,
2026-02-23,Everton,Man United,A,3.7,3.75,1.91,,,,,,
2026-02-27,Wolves,Aston Villa,H,4.1,3.7,1.85,,,,,,
2026-02-28,Leeds,Man City,A,4.75,4.33,1.62,,,,,,
2026-02-28,Newcastle,Everton,A,1.7,4.0,4.75,,,,,,
2026-02-28,Liverpool,West Ham,H,1.42,4.75,6.5,,,,,,
2026-02-28,Bournemouth,Sunderland,D,1.8,3.75,4.33,,,,,,
2026-02-28,Burnley,Brentford,A,4.5,3.9,1.73,,,,,,
2026-03-01,Brighton,Nott'm Forest,H,2.0,3.6,3.5,,,,,,
2026-03-01,Fulham,Tottenham,H,2.1,3.6,3.3,,,,,,
2026-03-01,Man United,Crystal Palace,H,1.53,4.5,5.5,,,,,,
2026-03-01,Arsenal,Chelsea,H,1.6,3.8,5.5,,,,,,
2026-03-03,Leeds,Sunderland,A,1.85,3.4,4.33,,,,,,
2026-03-03,Bournemouth,Brentford,D,2.5,3.6,2.63,,,,,,
2026-03-03,Everton,Burnley,H,1.57,4.0,6.0,,,,,,
2026-03-03,Wolves,Liverpool,H,5.5,4.5,1.5,,,,,,
2026-03-04,Man City,Nott'm Forest,D,1.38,5.0,7.5,,,,,,
2026-03-04,Fulham,West Ham,A,2.0,3.5,3.7,,,,,,
2026-03-04,Newcastle,Man United,H,2.63,3.5,2.6,,,,,,
2026-03-04,Aston Villa,Chelsea,A,2.7,3.4,2.55,,,,,,
2026-03-04,Brighton,Arsenal,A,4.75,4.1,1.65,,,,,,
2026-03-05,Tottenham,Crystal Palace,A,2.35,3.25,3.1,,,,,,
